-- MySQL dump 10.13  Distrib 5.7.34, for osx10.16 (x86_64)
--
-- Host: localhost    Database: training_assistant_development
-- ------------------------------------------------------
-- Server version	5.7.34

/*!40101 SET @OLD_CHARACTER_SET_CLIENT=@@CHARACTER_SET_CLIENT */;
/*!40101 SET @OLD_CHARACTER_SET_RESULTS=@@CHARACTER_SET_RESULTS */;
/*!40101 SET @OLD_COLLATION_CONNECTION=@@COLLATION_CONNECTION */;
/*!40101 SET NAMES utf8 */;
/*!40103 SET @OLD_TIME_ZONE=@@TIME_ZONE */;
/*!40103 SET TIME_ZONE='+00:00' */;
/*!40014 SET @OLD_UNIQUE_CHECKS=@@UNIQUE_CHECKS, UNIQUE_CHECKS=0 */;
/*!40014 SET @OLD_FOREIGN_KEY_CHECKS=@@FOREIGN_KEY_CHECKS, FOREIGN_KEY_CHECKS=0 */;
/*!40101 SET @OLD_SQL_MODE=@@SQL_MODE, SQL_MODE='NO_AUTO_VALUE_ON_ZERO' */;
/*!40111 SET @OLD_SQL_NOTES=@@SQL_NOTES, SQL_NOTES=0 */;

--
-- Table structure for table `active_storage_attachments`
--

DROP TABLE IF EXISTS `active_storage_attachments`;
/*!40101 SET @saved_cs_client     = @@character_set_client */;
/*!40101 SET character_set_client = utf8 */;
CREATE TABLE `active_storage_attachments` (
  `id` bigint(20) NOT NULL AUTO_INCREMENT,
  `name` varchar(255) NOT NULL,
  `record_type` varchar(255) NOT NULL,
  `record_id` bigint(20) NOT NULL,
  `blob_id` bigint(20) NOT NULL,
  `created_at` datetime NOT NULL,
  PRIMARY KEY (`id`),
  UNIQUE KEY `index_active_storage_attachments_uniqueness` (`record_type`,`record_id`,`name`,`blob_id`),
  KEY `index_active_storage_attachments_on_blob_id` (`blob_id`),
  CONSTRAINT `fk_rails_c3b3935057` FOREIGN KEY (`blob_id`) REFERENCES `active_storage_blobs` (`id`)
) ENGINE=InnoDB AUTO_INCREMENT=316 DEFAULT CHARSET=utf8mb4;
/*!40101 SET character_set_client = @saved_cs_client */;

--
-- Dumping data for table `active_storage_attachments`
--

LOCK TABLES `active_storage_attachments` WRITE;
/*!40000 ALTER TABLE `active_storage_attachments` DISABLE KEYS */;
INSERT INTO `active_storage_attachments` VALUES (1,'image','Dataset',1,1,'2021-05-17 13:52:19'),(9,'image','Dataset',17,9,'2021-05-19 14:00:29'),(10,'image','Dataset',18,10,'2021-05-19 14:00:29'),(11,'image','Dataset',19,11,'2021-05-19 14:00:30'),(12,'image','Dataset',20,12,'2021-05-19 14:00:30'),(13,'image','Dataset',21,13,'2021-05-19 14:00:30'),(14,'image','Dataset',22,14,'2021-05-19 14:00:30'),(15,'image','Dataset',23,15,'2021-05-19 14:00:30'),(16,'image','Dataset',24,16,'2021-05-19 14:00:30'),(17,'image','Dataset',25,17,'2021-05-19 14:00:30'),(18,'image','Dataset',26,18,'2021-05-19 14:00:30'),(19,'image','Dataset',27,19,'2021-05-19 14:00:30'),(20,'image','Dataset',28,20,'2021-05-19 14:00:30'),(21,'image','Dataset',29,21,'2021-05-19 14:00:30'),(22,'image','Dataset',30,22,'2021-05-19 14:00:30'),(23,'image','Dataset',31,23,'2021-05-19 14:00:30'),(24,'image','Dataset',32,24,'2021-05-19 14:00:30'),(25,'image','Dataset',33,25,'2021-05-19 14:00:30'),(26,'image','Dataset',34,26,'2021-05-19 14:00:30'),(27,'image','Dataset',35,27,'2021-05-19 14:00:30'),(28,'image','Dataset',36,28,'2021-05-19 14:00:30'),(29,'image','Dataset',37,29,'2021-05-19 14:00:30'),(30,'image','Dataset',38,30,'2021-05-19 14:00:30'),(31,'image','Dataset',39,31,'2021-05-19 14:00:30'),(32,'image','Dataset',40,32,'2021-05-19 14:00:30'),(33,'image','Dataset',41,33,'2021-05-19 14:00:30'),(34,'image','Dataset',42,34,'2021-05-19 14:00:30'),(35,'image','Dataset',43,35,'2021-05-19 14:00:30'),(36,'image','Dataset',44,36,'2021-05-19 14:00:30'),(37,'image','Dataset',45,37,'2021-05-19 14:00:30'),(38,'image','Dataset',46,38,'2021-05-19 14:00:30'),(39,'image','Dataset',47,39,'2021-05-19 14:00:30'),(40,'image','Dataset',48,40,'2021-05-19 14:00:30'),(41,'image','Dataset',49,41,'2021-05-19 14:00:30'),(42,'image','Dataset',50,42,'2021-05-19 14:00:30'),(43,'image','Dataset',51,43,'2021-05-19 14:00:30'),(44,'image','Dataset',52,44,'2021-05-19 14:00:30'),(45,'image','Dataset',53,45,'2021-05-19 14:00:30'),(46,'image','Dataset',54,46,'2021-05-19 14:00:30'),(47,'image','Dataset',55,47,'2021-05-19 14:00:30'),(48,'image','Dataset',56,48,'2021-05-19 14:00:30'),(49,'image','Dataset',57,49,'2021-05-19 14:00:30'),(50,'image','Dataset',58,50,'2021-05-19 14:00:30'),(51,'image','Dataset',59,51,'2021-05-19 14:00:30'),(52,'image','Dataset',60,52,'2021-05-19 14:00:30'),(53,'image','Dataset',61,53,'2021-05-19 14:00:30'),(54,'image','Dataset',62,54,'2021-05-19 14:00:30'),(55,'image','Dataset',63,55,'2021-05-19 14:00:30'),(56,'image','Dataset',64,56,'2021-05-19 14:00:30'),(57,'image','Dataset',65,57,'2021-05-19 14:00:30'),(58,'image','Dataset',66,58,'2021-05-19 14:00:30'),(59,'image','Dataset',67,59,'2021-05-19 14:00:31'),(60,'image','Dataset',68,60,'2021-05-19 14:00:31'),(61,'image','Dataset',69,61,'2021-05-19 14:00:31'),(62,'image','Dataset',70,62,'2021-05-19 14:00:31'),(63,'image','Dataset',71,63,'2021-05-19 14:01:05'),(64,'image','Dataset',72,64,'2021-05-21 15:03:43'),(65,'image','Dataset',73,65,'2021-05-21 15:03:43'),(66,'image','Dataset',74,66,'2021-05-21 15:03:43'),(67,'image','Dataset',75,67,'2021-05-21 15:03:43'),(68,'image','Dataset',76,68,'2021-05-21 15:03:43'),(69,'image','Dataset',77,69,'2021-05-21 15:03:43'),(70,'image','Dataset',78,70,'2021-05-21 15:03:43'),(71,'image','Dataset',79,71,'2021-05-21 15:03:43'),(72,'image','Dataset',80,72,'2021-05-21 15:03:43'),(73,'image','Dataset',81,73,'2021-05-21 15:03:43'),(74,'image','Dataset',82,74,'2021-05-21 15:03:43'),(75,'image','Dataset',83,75,'2021-05-21 15:03:43'),(76,'image','Dataset',84,76,'2021-05-21 15:03:43'),(77,'image','Dataset',85,77,'2021-05-21 15:03:43'),(78,'image','Dataset',86,78,'2021-05-21 15:03:43'),(79,'image','Dataset',87,79,'2021-05-21 15:03:43'),(80,'image','Dataset',88,80,'2021-05-21 15:03:43'),(81,'image','Dataset',89,81,'2021-05-21 15:03:43'),(82,'image','Dataset',90,82,'2021-05-21 15:03:43'),(83,'image','Dataset',91,83,'2021-05-21 15:03:44'),(84,'image','Dataset',92,84,'2021-05-21 15:03:44'),(85,'image','Dataset',93,85,'2021-05-21 15:03:44'),(86,'image','Dataset',94,86,'2021-05-21 15:03:44'),(87,'image','Dataset',95,87,'2021-05-21 15:03:44'),(88,'image','Dataset',96,88,'2021-05-21 15:03:44'),(89,'image','Dataset',97,89,'2021-05-21 15:03:44'),(90,'image','Dataset',98,90,'2021-05-21 15:03:44'),(91,'image','Dataset',99,91,'2021-05-21 15:03:44'),(92,'image','Dataset',100,92,'2021-05-21 15:03:44'),(93,'image','Dataset',101,93,'2021-05-21 15:03:44'),(94,'image','Dataset',102,94,'2021-05-21 15:03:44'),(95,'image','Dataset',103,95,'2021-05-21 15:03:44'),(96,'image','Dataset',104,96,'2021-05-21 15:03:44'),(97,'image','Dataset',105,97,'2021-05-21 15:03:44'),(98,'image','Dataset',106,98,'2021-05-21 15:03:44'),(99,'image','Dataset',107,99,'2021-05-21 15:03:44'),(100,'image','Dataset',108,100,'2021-05-21 15:03:44'),(101,'image','Dataset',109,101,'2021-05-21 15:03:44'),(102,'image','Dataset',110,102,'2021-05-21 15:03:44'),(103,'image','Dataset',111,103,'2021-05-21 15:03:44'),(104,'image','Dataset',112,104,'2021-05-21 15:03:44'),(105,'image','Dataset',113,105,'2021-05-21 15:03:44'),(106,'image','Dataset',114,106,'2021-05-21 15:03:44'),(107,'image','Dataset',115,107,'2021-05-21 15:03:44'),(108,'image','Dataset',116,108,'2021-05-21 15:03:44'),(109,'image','Dataset',117,109,'2021-05-21 15:03:44'),(110,'image','Dataset',118,110,'2021-05-21 15:03:44'),(111,'image','Dataset',119,111,'2021-05-21 15:03:44'),(112,'image','Dataset',120,112,'2021-05-21 15:03:44'),(113,'image','Dataset',121,113,'2021-05-21 15:03:44'),(114,'image','Dataset',122,114,'2021-05-21 15:03:44'),(115,'image','Dataset',123,115,'2021-05-21 15:03:44'),(116,'image','Dataset',124,116,'2021-05-21 15:03:44'),(117,'image','Dataset',125,117,'2021-05-21 15:03:44'),(118,'image','Dataset',126,118,'2021-05-21 15:03:44'),(119,'image','Dataset',127,119,'2021-05-21 15:03:44'),(120,'image','Dataset',128,120,'2021-05-21 15:03:44'),(121,'image','Dataset',129,121,'2021-05-21 15:03:44'),(122,'image','Dataset',130,122,'2021-05-21 15:03:44'),(123,'image','Dataset',131,123,'2021-05-21 15:03:44'),(124,'image','Dataset',132,124,'2021-05-21 15:03:44'),(125,'image','Dataset',133,125,'2021-05-21 15:03:44'),(126,'image','Dataset',134,126,'2021-05-21 15:03:44'),(127,'image','Dataset',135,127,'2021-05-21 15:03:44'),(128,'image','Dataset',136,128,'2021-05-21 15:03:44'),(129,'image','Dataset',137,129,'2021-05-21 15:03:44'),(130,'image','Dataset',138,130,'2021-05-21 15:03:44'),(131,'image','Dataset',139,131,'2021-05-21 15:03:44'),(132,'image','Dataset',140,132,'2021-05-21 15:03:44'),(133,'image','Dataset',141,133,'2021-05-21 15:03:44'),(134,'image','Dataset',142,134,'2021-05-21 15:03:44'),(135,'image','Dataset',143,135,'2021-05-21 15:03:44'),(136,'image','Dataset',144,136,'2021-05-21 15:03:44'),(137,'image','Dataset',145,137,'2021-05-21 15:03:44'),(138,'image','Dataset',146,138,'2021-05-21 15:03:44'),(139,'image','Dataset',147,139,'2021-05-21 15:03:44'),(140,'image','Dataset',148,140,'2021-05-21 15:03:44'),(141,'image','Dataset',149,141,'2021-05-21 15:03:44'),(142,'image','Dataset',150,142,'2021-05-21 15:03:44'),(143,'image','Dataset',151,143,'2021-05-21 15:03:44'),(144,'image','Dataset',152,144,'2021-05-21 15:03:44'),(145,'image','Dataset',153,145,'2021-05-21 15:03:44'),(146,'image','Dataset',154,146,'2021-05-21 15:03:44'),(147,'image','Dataset',155,147,'2021-05-21 15:03:44'),(148,'image','Dataset',156,148,'2021-05-21 15:03:44'),(149,'image','Dataset',157,149,'2021-05-21 15:03:44'),(150,'image','Dataset',158,150,'2021-05-21 15:03:44'),(151,'image','Dataset',159,151,'2021-05-21 15:03:44'),(152,'image','Dataset',160,152,'2021-05-21 15:03:44'),(153,'image','Dataset',161,153,'2021-05-21 15:03:44'),(154,'image','Dataset',162,154,'2021-05-21 15:03:44'),(155,'image','Dataset',163,155,'2021-05-21 15:03:44'),(156,'image','Dataset',164,156,'2021-05-21 15:03:44'),(157,'image','Dataset',165,157,'2021-05-21 15:03:44'),(158,'image','Dataset',166,158,'2021-05-21 15:03:44'),(159,'image','Dataset',167,159,'2021-05-21 15:03:44'),(160,'image','Dataset',168,160,'2021-05-21 15:03:44'),(161,'image','Dataset',169,161,'2021-05-21 15:03:44'),(162,'image','Dataset',170,162,'2021-05-21 15:03:44'),(163,'image','Dataset',171,163,'2021-05-21 15:03:44'),(164,'image','Dataset',172,164,'2021-05-21 15:03:44'),(165,'image','Dataset',173,165,'2021-05-21 15:03:44'),(166,'image','Dataset',174,166,'2021-05-21 15:03:44'),(167,'image','Dataset',175,167,'2021-05-21 15:03:44'),(168,'image','Dataset',176,168,'2021-05-21 15:03:44'),(169,'image','Dataset',177,169,'2021-05-21 15:03:44'),(170,'image','Dataset',178,170,'2021-05-21 15:03:44'),(171,'image','Dataset',179,171,'2021-05-21 15:03:44'),(172,'image','Dataset',180,172,'2021-05-21 15:03:44'),(173,'image','Dataset',181,173,'2021-05-21 15:03:44'),(174,'image','Dataset',182,174,'2021-05-21 15:03:44'),(175,'image','Dataset',183,175,'2021-05-21 15:03:44'),(176,'image','Dataset',184,176,'2021-05-21 15:03:44'),(177,'image','Dataset',185,177,'2021-05-21 15:03:44'),(178,'image','Dataset',186,178,'2021-05-21 15:03:45'),(179,'image','Dataset',187,179,'2021-05-21 15:03:45'),(180,'image','Dataset',188,180,'2021-05-21 15:03:45'),(181,'image','Dataset',189,181,'2021-05-21 15:03:45'),(182,'image','Dataset',190,182,'2021-05-21 15:03:45'),(183,'image','Dataset',191,183,'2021-05-21 15:03:45'),(184,'image','Dataset',192,184,'2021-05-21 15:03:45'),(185,'image','Dataset',193,185,'2021-05-21 15:03:45'),(186,'image','Dataset',194,186,'2021-05-21 15:03:45'),(187,'image','Dataset',195,187,'2021-05-21 15:03:45'),(188,'image','Dataset',196,188,'2021-05-21 15:03:45'),(189,'image','Dataset',197,189,'2021-05-21 15:03:45'),(190,'image','Dataset',198,190,'2021-05-21 15:03:45'),(191,'image','Dataset',199,191,'2021-05-21 15:03:45'),(192,'image','Dataset',200,192,'2021-05-21 15:03:45'),(193,'image','Dataset',201,193,'2021-05-21 15:03:45'),(194,'image','Dataset',202,194,'2021-05-21 15:03:45'),(195,'image','Dataset',203,195,'2021-05-21 15:03:45'),(196,'image','Dataset',204,196,'2021-05-21 15:03:45'),(197,'image','Dataset',205,197,'2021-05-21 15:03:45'),(198,'image','Dataset',206,198,'2021-05-21 15:03:45'),(199,'image','Dataset',207,199,'2021-05-21 15:03:45'),(200,'image','Dataset',208,200,'2021-05-21 15:03:45'),(201,'image','Dataset',209,201,'2021-05-21 15:03:45'),(202,'image','Dataset',210,202,'2021-05-21 15:03:45'),(203,'image','Dataset',211,203,'2021-05-21 15:03:45'),(204,'image','Dataset',212,204,'2021-05-21 15:03:45'),(205,'image','Dataset',213,205,'2021-05-21 15:03:45'),(206,'image','Dataset',214,206,'2021-05-21 15:03:45'),(207,'image','Dataset',215,207,'2021-05-21 15:03:45'),(208,'image','Dataset',216,208,'2021-05-21 15:03:45'),(209,'image','Dataset',217,209,'2021-05-21 15:03:45'),(210,'image','Dataset',218,210,'2021-05-21 15:03:45'),(211,'image','Dataset',219,211,'2021-05-21 15:03:45'),(212,'image','Dataset',220,212,'2021-05-21 15:03:45'),(213,'image','Dataset',221,213,'2021-05-21 15:03:45'),(214,'image','Dataset',222,214,'2021-05-21 15:03:45'),(215,'image','Dataset',223,215,'2021-05-21 15:03:45'),(216,'image','Dataset',224,216,'2021-05-21 15:03:45'),(217,'image','Dataset',225,217,'2021-05-21 15:03:45'),(218,'image','Dataset',226,218,'2021-05-21 15:03:45'),(219,'image','Dataset',227,219,'2021-05-21 15:03:45'),(220,'image','Dataset',228,220,'2021-05-21 15:03:45'),(221,'image','Dataset',229,221,'2021-05-21 15:03:45'),(222,'image','Dataset',230,222,'2021-05-21 15:03:45'),(223,'image','Dataset',231,223,'2021-05-21 15:03:45'),(224,'image','Dataset',232,224,'2021-05-21 15:03:45'),(225,'image','Dataset',233,225,'2021-05-21 15:03:45'),(226,'image','Dataset',234,226,'2021-05-21 15:03:45'),(227,'image','Dataset',235,227,'2021-05-21 15:03:45'),(228,'image','Dataset',236,228,'2021-05-21 15:03:45'),(229,'image','Dataset',237,229,'2021-05-21 15:03:45'),(230,'image','Dataset',238,230,'2021-05-21 15:03:45'),(231,'image','Dataset',239,231,'2021-05-21 15:03:45'),(232,'image','Dataset',240,232,'2021-05-21 15:03:45'),(233,'image','Dataset',241,233,'2021-05-21 15:03:45'),(234,'image','Dataset',242,234,'2021-05-21 15:03:45'),(235,'image','Dataset',243,235,'2021-05-21 15:03:45'),(236,'image','Dataset',244,236,'2021-05-21 15:03:45'),(237,'image','Dataset',245,237,'2021-05-21 15:03:45'),(238,'image','Dataset',246,238,'2021-05-21 15:03:45'),(239,'image','Dataset',247,239,'2021-05-21 15:03:45'),(240,'image','Dataset',248,240,'2021-05-21 15:03:45'),(241,'image','Dataset',249,241,'2021-05-21 15:03:45'),(242,'image','Dataset',250,242,'2021-05-21 15:03:45'),(243,'image','Dataset',251,243,'2021-05-21 15:03:45'),(244,'image','Dataset',252,244,'2021-05-21 15:03:45'),(245,'image','Dataset',253,245,'2021-05-21 15:03:45'),(246,'image','Dataset',254,246,'2021-05-21 15:03:45'),(247,'image','Dataset',255,247,'2021-05-21 15:03:45'),(248,'image','Dataset',256,248,'2021-05-21 15:03:45'),(249,'image','Dataset',257,249,'2021-05-21 15:03:45'),(250,'image','Dataset',258,250,'2021-05-21 15:03:45'),(251,'image','Dataset',259,251,'2021-05-21 15:03:45'),(252,'image','Dataset',260,252,'2021-05-21 15:03:45'),(253,'image','Dataset',261,253,'2021-05-21 15:03:45'),(254,'image','Dataset',262,254,'2021-05-21 15:03:45'),(255,'image','Dataset',263,255,'2021-05-21 15:03:45'),(256,'image','Dataset',264,256,'2021-05-21 15:03:45'),(257,'image','Dataset',265,257,'2021-05-21 15:03:45'),(258,'image','Dataset',266,258,'2021-05-21 15:03:45'),(259,'image','Dataset',267,259,'2021-05-21 15:03:45'),(260,'image','Dataset',268,260,'2021-05-21 15:03:45'),(261,'image','Dataset',269,261,'2021-05-21 15:03:45'),(262,'image','Dataset',270,262,'2021-05-21 15:03:45'),(263,'image','Dataset',271,263,'2021-05-21 15:03:45'),(264,'image','Dataset',272,264,'2021-05-21 15:03:45'),(265,'image','Dataset',273,265,'2021-05-21 15:03:45'),(266,'image','Dataset',274,266,'2021-05-21 15:03:45'),(267,'image','Dataset',275,267,'2021-05-21 15:03:45'),(268,'image','Dataset',276,268,'2021-05-21 15:03:45'),(269,'image','Dataset',277,269,'2021-05-21 15:03:45'),(270,'image','Dataset',278,270,'2021-05-21 15:03:45'),(271,'image','Dataset',279,271,'2021-05-21 15:03:45'),(272,'image','Dataset',280,272,'2021-05-21 15:03:45'),(273,'image','Dataset',281,273,'2021-05-21 15:03:45'),(274,'image','Dataset',282,274,'2021-05-21 15:03:45'),(275,'image','Dataset',283,275,'2021-05-21 15:03:46'),(276,'image','Dataset',284,276,'2021-05-21 15:03:46'),(277,'image','Dataset',285,277,'2021-05-21 15:03:46'),(278,'image','Dataset',286,278,'2021-05-21 15:03:46'),(279,'image','Dataset',287,279,'2021-05-21 15:03:46'),(280,'image','Dataset',288,280,'2021-05-21 15:03:46'),(281,'image','Dataset',289,281,'2021-05-21 15:03:46'),(282,'image','Dataset',290,282,'2021-05-21 15:03:46'),(283,'image','Dataset',291,283,'2021-05-21 15:03:46'),(284,'image','Dataset',292,284,'2021-05-21 15:03:46'),(285,'image','Dataset',293,285,'2021-05-21 15:03:46'),(286,'image','Dataset',294,286,'2021-05-21 15:03:46'),(287,'image','Dataset',295,287,'2021-05-21 15:03:46'),(288,'image','Dataset',296,288,'2021-05-21 15:03:46'),(289,'image','Dataset',297,289,'2021-05-21 15:03:46'),(290,'image','Dataset',298,290,'2021-05-21 15:03:46'),(291,'image','Dataset',299,291,'2021-05-21 15:03:46'),(292,'image','Dataset',300,292,'2021-05-21 15:03:46'),(293,'image','Dataset',301,293,'2021-05-21 15:03:46'),(294,'image','Dataset',302,294,'2021-05-21 15:03:46'),(295,'image','Dataset',303,295,'2021-05-21 15:03:46'),(296,'image','Dataset',304,296,'2021-05-21 15:03:46'),(297,'image','Dataset',305,297,'2021-05-21 15:03:46'),(298,'image','Dataset',306,298,'2021-05-21 15:03:46'),(299,'image','Dataset',307,299,'2021-05-21 15:03:46'),(300,'image','Dataset',308,300,'2021-05-21 15:03:46'),(301,'image','Dataset',309,301,'2021-05-21 15:03:46'),(302,'image','Dataset',310,302,'2021-05-21 15:03:46'),(303,'image','Dataset',311,303,'2021-05-21 15:03:46'),(304,'image','Dataset',312,304,'2021-05-21 15:03:46'),(305,'image','Dataset',313,305,'2021-05-21 15:03:46'),(306,'image','Dataset',314,306,'2021-05-21 15:03:46'),(307,'image','Dataset',315,307,'2021-05-21 15:03:46'),(308,'image','Dataset',316,308,'2021-05-21 15:03:46'),(309,'image','Dataset',317,309,'2021-05-21 15:03:46'),(310,'image','Dataset',318,310,'2021-05-21 15:03:46'),(311,'image','Dataset',319,311,'2021-05-21 15:03:46'),(312,'image','Dataset',320,312,'2021-05-21 15:03:46'),(313,'image','Dataset',321,313,'2021-05-21 15:03:46'),(314,'image','Dataset',322,314,'2021-05-21 15:03:46'),(315,'image','Dataset',323,315,'2021-05-21 15:03:46');
/*!40000 ALTER TABLE `active_storage_attachments` ENABLE KEYS */;
UNLOCK TABLES;

--
-- Table structure for table `active_storage_blobs`
--

DROP TABLE IF EXISTS `active_storage_blobs`;
/*!40101 SET @saved_cs_client     = @@character_set_client */;
/*!40101 SET character_set_client = utf8 */;
CREATE TABLE `active_storage_blobs` (
  `id` bigint(20) NOT NULL AUTO_INCREMENT,
  `key` varchar(255) NOT NULL,
  `filename` varchar(255) NOT NULL,
  `content_type` varchar(255) DEFAULT NULL,
  `metadata` text,
  `service_name` varchar(255) NOT NULL,
  `byte_size` bigint(20) NOT NULL,
  `checksum` varchar(255) NOT NULL,
  `created_at` datetime NOT NULL,
  PRIMARY KEY (`id`),
  UNIQUE KEY `index_active_storage_blobs_on_key` (`key`)
) ENGINE=InnoDB AUTO_INCREMENT=316 DEFAULT CHARSET=utf8mb4;
/*!40101 SET character_set_client = @saved_cs_client */;

--
-- Dumping data for table `active_storage_blobs`
--

LOCK TABLES `active_storage_blobs` WRITE;
/*!40000 ALTER TABLE `active_storage_blobs` DISABLE KEYS */;
INSERT INTO `active_storage_blobs` VALUES (1,'wvd0u82w0wcq5dw63gnft9gij0sw','oxxo4.jpg','image/jpeg','{\"identified\":true,\"analyzed\":true}','local',289692,'VBtiQ9Iyx0f9sMCbC1STWg==','2021-05-17 13:52:19'),(9,'af6h52w4hatl3d53suh71udavnr8','1621432829899596.jpg','image/jpeg','{\"identified\":true,\"analyzed\":true}','local',326169,'h+mKzHxcrEDAvr4uggqnXw==','2021-05-19 14:00:29'),(10,'kyf5iqbnjs1cwlzttc43bintvo6x','1621432829937392.jpg','image/jpeg','{\"identified\":true,\"analyzed\":true}','local',242101,'RJOt5ja0Q7s16hVYYL3Z3Q==','2021-05-19 14:00:29'),(11,'k26l3gmgoneu3qbuaap0ce2385yl','1621432829996860.jpg','image/jpeg','{\"identified\":true,\"analyzed\":true}','local',260724,'+Cdn0gRjJzJLG7uP5/+uYg==','2021-05-19 14:00:30'),(12,'7y29nabwjtq7wlq0abgr07cxrrz9','162143283023361.jpg','image/jpeg','{\"identified\":true,\"analyzed\":true}','local',271421,'+rjfej7iipNcylYN/NPcDQ==','2021-05-19 14:00:30'),(13,'vo8evysqmjum7drljm33fjh941iz','162143283051819.jpg','image/jpeg','{\"identified\":true,\"analyzed\":true}','local',278427,'nt9XW+P6NjPUXM3R71QS7w==','2021-05-19 14:00:30'),(14,'gwi71ng18i8dhkt3l3kd9htat8uj','162143283067802.jpg','image/jpeg','{\"identified\":true,\"analyzed\":true}','local',268858,'/jaGxj8utDgAieuTUj29fw==','2021-05-19 14:00:30'),(15,'cgpfw2uxg1zdcv8xq0q2x2cklzbc','162143283087274.jpg','image/jpeg','{\"identified\":true,\"analyzed\":true}','local',301244,'qWnjt/kDDtPqzrqDX8tmPA==','2021-05-19 14:00:30'),(16,'x6mgk659ll5hux7rfa1bsy33b33d','1621432830111956.jpg','image/jpeg','{\"identified\":true,\"analyzed\":true}','local',316325,'/tXj6+aNdNiJC2b8L/JEig==','2021-05-19 14:00:30'),(17,'99n02tq2w2s9d9tsdsoobwc3d7f7','1621432830125713.jpg','image/jpeg','{\"identified\":true,\"analyzed\":true}','local',315372,'ArqaqJgWg1q0fK75vNXPdQ==','2021-05-19 14:00:30'),(18,'a36rfcka1r15vuy0knpwhu85hkpn','1621432830160955.jpg','image/jpeg','{\"identified\":true,\"analyzed\":true}','local',291848,'Qdv0Om8r4WLkGb2ddO+OMA==','2021-05-19 14:00:30'),(19,'r00kyhqgfztz5s8e6aj6v5toi34y','1621432830177721.jpg','image/jpeg','{\"identified\":true,\"analyzed\":true}','local',297375,'yYb9pOW6exlHtswmpUvnUw==','2021-05-19 14:00:30'),(20,'mlldm8bxrb2718bo4zgqs3r2xpfn','1621432830191341.jpg','image/jpeg','{\"identified\":true,\"analyzed\":true}','local',368104,'FAUmUa8fOW/XIAkGKX4LMA==','2021-05-19 14:00:30'),(21,'xks3r08fwrzy9w0y51dmqyhlvway','1621432830224880.jpg','image/jpeg','{\"identified\":true,\"analyzed\":true}','local',278416,'MEeiO05F498qNU4UuqBbzQ==','2021-05-19 14:00:30'),(22,'oycslqs66gcroyf69gp6khip0imj','1621432830234075.jpg','image/jpeg','{\"identified\":true,\"analyzed\":true}','local',391888,'se2M+zPcW4UtExjEF0Hqbw==','2021-05-19 14:00:30'),(23,'h09tlb57gh7qt2g1s4upildojsrt','1621432830247004.jpg','image/jpeg','{\"identified\":true,\"analyzed\":true}','local',350947,'+dWMFQB49mq+GOuDytSZQg==','2021-05-19 14:00:30'),(24,'j0ivzw1p4ng070c79m10t2ci93fo','1621432830258461.jpg','image/jpeg','{\"identified\":true,\"analyzed\":true}','local',359651,'dlwbHTGtBTlSFrBptz3lkg==','2021-05-19 14:00:30'),(25,'zrqda05esyjkgnnyrsjgdtob8tzx','1621432830273687.jpg','image/jpeg','{\"identified\":true,\"analyzed\":true}','local',272046,'H6WzEjjsUy88Rj9XagyKiA==','2021-05-19 14:00:30'),(26,'jaf9l4y0j1yzqyekvwb6s0i3knmh','1621432830281899.jpg','image/jpeg','{\"identified\":true,\"analyzed\":true}','local',299282,'BQj1d76WGycMzyaqZDu/vw==','2021-05-19 14:00:30'),(27,'pn5f4nbiqczlxo7zsol4885jthb2','1621432830295308.jpg','image/jpeg','{\"identified\":true,\"analyzed\":true}','local',339923,'+4sT1S/nIIztsPTeudOhPg==','2021-05-19 14:00:30'),(28,'bl750grcol85vftih614ro75bvgu','1621432830308827.jpg','image/jpeg','{\"identified\":true,\"analyzed\":true}','local',351397,'8bs2S5NZiZrE9WIIsAKpMg==','2021-05-19 14:00:30'),(29,'8ow11ru8q9ihai34ip7fwpbnzgxz','1621432830325807.jpg','image/jpeg','{\"identified\":true,\"analyzed\":true}','local',328846,'m+0LpVc/kjc16vobnsrGpA==','2021-05-19 14:00:30'),(30,'hoaw82830jtrbnmqgovhfhzka9sq','1621432830335247.jpg','image/jpeg','{\"identified\":true,\"analyzed\":true}','local',340527,'Bh9AiU7aqqj+DAA9R51O5Q==','2021-05-19 14:00:30'),(31,'lgwa3g8p3kympsus6kqxdnpqy5t4','1621432830346473.jpg','image/jpeg','{\"identified\":true,\"analyzed\":true}','local',323708,'eEzW61PgEJsdGV6qinlgrQ==','2021-05-19 14:00:30'),(32,'yk5ilm7huq6c9bw68capx0a26sy9','1621432830359464.jpg','image/jpeg','{\"identified\":true,\"analyzed\":true}','local',322879,'nvJad34pq/KnbkyXiktmVA==','2021-05-19 14:00:30'),(33,'tosa1puaymrcn4ewuqx0vzie9vs5','1621432830374181.jpg','image/jpeg','{\"identified\":true,\"analyzed\":true}','local',315809,'Vyx6zZktSp/umidZyAwlvg==','2021-05-19 14:00:30'),(34,'2oc1a5ntm6kue9kwzmt2fzr7rxq2','1621432830387979.jpg','image/jpeg','{\"identified\":true,\"analyzed\":true}','local',403923,'P5L34hF6sNK0Md6xDQZpgg==','2021-05-19 14:00:30'),(35,'rcf2oabr5pw32jzynflf4znmthp1','1621432830400750.jpg','image/jpeg','{\"identified\":true,\"analyzed\":true}','local',272937,'Qv5Kjdl5wSDDl+zNz8lAeQ==','2021-05-19 14:00:30'),(36,'g3j7gv6i6y2hh6dqk36114umk2y0','1621432830417490.jpg','image/jpeg','{\"identified\":true,\"analyzed\":true}','local',314100,'x/NXarxEevPEmBZOougLkg==','2021-05-19 14:00:30'),(37,'sxqpj1bnii6mtgshrp6qw2yqsoi3','1621432830432123.jpg','image/jpeg','{\"identified\":true,\"analyzed\":true}','local',305407,'lFbBKJKhXYWVbgH/xxJIFw==','2021-05-19 14:00:30'),(38,'nspyph7ba6s50pyxwsix753fteps','1621432830455830.jpg','image/jpeg','{\"identified\":true,\"analyzed\":true}','local',301241,'juriR/lmVELWgGR/1DZE1w==','2021-05-19 14:00:30'),(39,'vcx544qo2mie3df4vtu9b7mpaqhk','1621432830483637.jpg','image/jpeg','{\"identified\":true,\"analyzed\":true}','local',405142,'9XXZ6YeqHbGRjTMVOiDJQw==','2021-05-19 14:00:30'),(40,'sgxhb1lsouy4mm20wotn2aysfxxp','1621432830623392.jpg','image/jpeg','{\"identified\":true,\"analyzed\":true}','local',422371,'aqgeCm5tQrgWj+FfXcKC7A==','2021-05-19 14:00:30'),(41,'i7oo439xm0hegp81furms5eznp2e','1621432830643218.jpg','image/jpeg','{\"identified\":true,\"analyzed\":true}','local',387974,'lDGqcm560tYqepQ0vv6IKw==','2021-05-19 14:00:30'),(42,'gsw04d0vg91pgl5347okd9el1rmx','1621432830669067.jpg','image/jpeg','{\"identified\":true,\"analyzed\":true}','local',373882,'IKX6Bvk9K/VN0eR2NdhLfA==','2021-05-19 14:00:30'),(43,'ekcftbegwr4ulluflz82m4j9cmje','1621432830682810.jpg','image/jpeg','{\"identified\":true,\"analyzed\":true}','local',415645,'WKbOYk8GkKJ6Mq8aZd2Uiw==','2021-05-19 14:00:30'),(44,'vz0zrfwzbwkup4kxfv5c1fsotfgh','1621432830696255.jpg','image/jpeg','{\"identified\":true,\"analyzed\":true}','local',319818,'krxHOUnBAhxI0XN6rJI/JQ==','2021-05-19 14:00:30'),(45,'3u5fc19f7eg5oggald8y3hawzr8n','1621432830715625.jpg','image/jpeg','{\"identified\":true,\"analyzed\":true}','local',378568,'8+pziB5XFU1ek7B9VOcyZA==','2021-05-19 14:00:30'),(46,'k0ctmb8vq89lrpzr9h6iwu36fqj4','1621432830729718.jpg','image/jpeg','{\"identified\":true,\"analyzed\":true}','local',247389,'6UJm3/UTpTQjA6oPBwHIgA==','2021-05-19 14:00:30'),(47,'hxgr9t2xlnourrljcxbvab25cmcp','1621432830740640.jpg','image/jpeg','{\"identified\":true,\"analyzed\":true}','local',339599,'z6p5HaLTQGeXWemw5R7j9g==','2021-05-19 14:00:30'),(48,'srtil79l7jix90n0tnmcc1gj01ko','1621432830753756.jpg','image/jpeg','{\"identified\":true,\"analyzed\":true}','local',330013,'4r+8X8LIAdH19ceqTGWICA==','2021-05-19 14:00:30'),(49,'riuiwue01sxdf611aw3q85tr69xo','1621432830772653.jpg','image/jpeg','{\"identified\":true,\"analyzed\":true}','local',338278,'IrAVkSx0FgXbEHKKepKjkA==','2021-05-19 14:00:30'),(50,'ajf7cwgu1ul7esm0jd812mr9at6n','1621432830785483.jpg','image/jpeg','{\"identified\":true,\"analyzed\":true}','local',343807,'v3gZGOfSQZ9vVBN3uD+mLA==','2021-05-19 14:00:30'),(51,'9z0dgoli4nt72vvrc67vaj5n8sm2','1621432830799861.jpg','image/jpeg','{\"identified\":true,\"analyzed\":true}','local',338802,'b7QwVuZ47TDPStqRSnenng==','2021-05-19 14:00:30'),(52,'3vii56bsi39voeiw8ymtk1irgn02','1621432830835995.jpg','image/jpeg','{\"identified\":true,\"analyzed\":true}','local',355660,'Z2sg31Ie213djVPF6AtvZg==','2021-05-19 14:00:30'),(53,'8wfwya5veqmmkzl72cmcs07srbbx','1621432830890988.jpg','image/jpeg','{\"identified\":true,\"analyzed\":true}','local',338622,'5GNx10qjsZIZcCK+5k1g0g==','2021-05-19 14:00:30'),(54,'cfvjq98e3z5lheml7vveavb3qeia','1621432830900682.jpg','image/jpeg','{\"identified\":true,\"analyzed\":true}','local',372601,'rO40hvGSCnjfr79+mi8tiQ==','2021-05-19 14:00:30'),(55,'2x06mort0wh7gnmswntxhgc48jpb','1621432830913267.jpg','image/jpeg','{\"identified\":true,\"analyzed\":true}','local',416791,'xHrZ/dEaq9qbxc08CbNutQ==','2021-05-19 14:00:30'),(56,'e6zixn5ri591jrsxq22a8xoc7czt','1621432830927367.jpg','image/jpeg','{\"identified\":true,\"analyzed\":true}','local',420575,'7zrLcqVq4003RARKkjsS3Q==','2021-05-19 14:00:30'),(57,'relhno06fufn9vnksxjy6xzn5r88','1621432830945444.jpg','image/jpeg','{\"identified\":true,\"analyzed\":true}','local',377937,'uENt88lMTTJnzovBQr+fvg==','2021-05-19 14:00:30'),(58,'hghu4zqkvmbmgttgdo8o06e5uip6','1621432830965432.jpg','image/jpeg','{\"identified\":true,\"analyzed\":true}','local',477126,'FWZY1WdYY4mOldjsDnEhWw==','2021-05-19 14:00:30'),(59,'ixciab28gir560ybd5xagtjefceg','162143283133512.jpg','image/jpeg','{\"identified\":true,\"analyzed\":true}','local',396362,'yxStINzDctpsKlgjYanzBg==','2021-05-19 14:00:31'),(60,'e8vn94zvf7gksg5kvey3bumgufud','162143283183166.jpg','image/jpeg','{\"identified\":true,\"analyzed\":true}','local',396159,'cs0o5YGPDvxGE6tIHMx4Kw==','2021-05-19 14:00:31'),(61,'kfq60yu8ibv5oebvyvzbkmzc1t5z','1621432831117390.jpg','image/jpeg','{\"identified\":true,\"analyzed\":true}','local',404382,'TESoVwVd1K9wIFEtsxE11Q==','2021-05-19 14:00:31'),(62,'l8e55jvetrct0lkay3osmkre6szv','1621432831128748.jpg','image/jpeg','{\"identified\":true,\"analyzed\":true}','local',467599,'VC4BdqPnxauCvVZhNQilow==','2021-05-19 14:00:31'),(63,'ccswp8oub8jfwbr32sca3t1y5zj2','1621432865373376.jpg','image/jpeg','{\"identified\":true,\"analyzed\":true}','local',274361,'QtmE3Tmjt1jPHGpAlG35qg==','2021-05-19 14:01:05'),(64,'9lg8jt24202n8kx7kgyj7w369vtx','1621609423584831.jpg','image/jpeg','{\"identified\":true,\"analyzed\":true}','local',471570,'fbvJ0K3BOalPnfpvlM0nXg==','2021-05-21 15:03:43'),(65,'hdhau0gr95kwcpi9kq5o5uc1zf1q','1621609423647426.jpg','image/jpeg','{\"identified\":true,\"analyzed\":true}','local',420917,'tW/K25vqrz4cxQYYE1hU8g==','2021-05-21 15:03:43'),(66,'lji8nmosh2u09gzjm7vdaljfqzzp','1621609423681415.jpg','image/jpeg','{\"identified\":true,\"analyzed\":true}','local',400976,'YQjuBUvZMAZ72YD5Zbe7pg==','2021-05-21 15:03:43'),(67,'az29p0jjfsihybbhn3he43pw0w2h','1621609423691148.jpg','image/jpeg','{\"identified\":true,\"analyzed\":true}','local',329607,'LeUAkoadFXy9Lqoufrpfyg==','2021-05-21 15:03:43'),(68,'c6mk7xvw5406r193ykm60ygxw7ne','1621609423738268.jpg','image/jpeg','{\"identified\":true,\"analyzed\":true}','local',317314,'jknGYpwl1wl33fnMzcZL8A==','2021-05-21 15:03:43'),(69,'st7z0srm4r3t4ktt1h1fqwaygnir','1621609423862512.jpg','image/jpeg','{\"identified\":true,\"analyzed\":true}','local',406853,'GU2XSTEgG3TwjKc+b8Io0g==','2021-05-21 15:03:43'),(70,'fhj9vkpw4qlodphx3271texkeula','1621609423872513.jpg','image/jpeg','{\"identified\":true,\"analyzed\":true}','local',284569,'CMTh//wRryGuwIXst3K1Qw==','2021-05-21 15:03:43'),(71,'f0bwf813bonqa0i387n7glid4l5m','1621609423881340.jpg','image/jpeg','{\"identified\":true,\"analyzed\":true}','local',416786,'x+3+467j8nDIggV08RS8HA==','2021-05-21 15:03:43'),(72,'ba2oc132u3wms4wq23bjcx1xe50j','1621609423893914.jpg','image/jpeg','{\"identified\":true,\"analyzed\":true}','local',464834,'LFFz8NW99+9M//nNq2F/aA==','2021-05-21 15:03:43'),(73,'y2bcenobvkh1gwcxxqjea1zipw0z','1621609423908191.jpg','image/jpeg','{\"identified\":true,\"analyzed\":true}','local',383987,'Td0sGR8YKns9QnHphfqSGQ==','2021-05-21 15:03:43'),(74,'0fb6iyrmyn0aeiakf9fy36xmkdkv','1621609423918996.jpg','image/jpeg','{\"identified\":true,\"analyzed\":true}','local',355443,'NthTBJfFmQkG6oJPA0UqQA==','2021-05-21 15:03:43'),(75,'5gvbachive21m3ksa4bx4jnzdhd5','1621609423927653.jpg','image/jpeg','{\"identified\":true,\"analyzed\":true}','local',358958,'Wmg80GvTbBzowgHGuISo/Q==','2021-05-21 15:03:43'),(76,'ukuz69t09ehudxu4uyj7kp8o8cs8','1621609423936288.jpg','image/jpeg','{\"identified\":true,\"analyzed\":true}','local',410285,'F6x+X/ln+neSeNSXOnrN7w==','2021-05-21 15:03:43'),(77,'m4ewm5dt3nniwzn1h9shpcoch9jr','1621609423945362.jpg','image/jpeg','{\"identified\":true,\"analyzed\":true}','local',332341,'vgUsehh2bgqEuuj5vb526A==','2021-05-21 15:03:43'),(78,'wue4q87g14rt9hglk4mluuohdw65','1621609423954159.jpg','image/jpeg','{\"identified\":true,\"analyzed\":true}','local',402422,'arwf7PsJNgtRjWbe37eNTA==','2021-05-21 15:03:43'),(79,'af58ifsmqn2tcv1s3kzl787a93ur','1621609423963686.jpg','image/jpeg','{\"identified\":true,\"analyzed\":true}','local',403563,'AT6NY2vS2cP8ZgDcHS9xEg==','2021-05-21 15:03:43'),(80,'4maioqx10wkin6d6inbib4nbszs4','1621609423975320.jpg','image/jpeg','{\"identified\":true,\"analyzed\":true}','local',352993,'L/ZRBTrbfGo8ATrQFTnR9Q==','2021-05-21 15:03:43'),(81,'npdaoygnebpsa663764ublyviieo','1621609423984475.jpg','image/jpeg','{\"identified\":true,\"analyzed\":true}','local',408785,'TtEojzSfLIUxovMvsRb0NQ==','2021-05-21 15:03:43'),(82,'03pkf5dju4l6mg8gh6ulit9q41i8','1621609423994054.jpg','image/jpeg','{\"identified\":true,\"analyzed\":true}','local',376341,'TIn12W8Dr/wfXONmWXT0OA==','2021-05-21 15:03:43'),(83,'q5kkq623l85h4k1z14c1mhh1jpm9','16216094242762.jpg','image/jpeg','{\"identified\":true,\"analyzed\":true}','local',409168,'gIHPzvCWDChYJcPgMBa8iw==','2021-05-21 15:03:44'),(84,'exx216mz8s84gw6r0v0ubgmx65ld','162160942411827.jpg','image/jpeg','{\"identified\":true,\"analyzed\":true}','local',428710,'M7f87x9jRCVOIm3xBF6hCQ==','2021-05-21 15:03:44'),(85,'sj5iw3tbu67ag3eimljqdkyysgty','162160942422913.jpg','image/jpeg','{\"identified\":true,\"analyzed\":true}','local',364861,'xhrA+uc6odJ3r8uEqb5+kA==','2021-05-21 15:03:44'),(86,'iek9ksenyli9a0f2e6nj2o8h8idf','162160942431999.jpg','image/jpeg','{\"identified\":true,\"analyzed\":true}','local',398747,'3ZJE3KiQSC5ScwZz5bC1eQ==','2021-05-21 15:03:44'),(87,'13d43ng6br9kdxswwkgtdodmnyf3','162160942441251.jpg','image/jpeg','{\"identified\":true,\"analyzed\":true}','local',469820,'88rzxx8KF47lIt7BYvc8Cw==','2021-05-21 15:03:44'),(88,'4ak8ow1l39mgx4qzj8ifhkuuktyg','162160942453680.jpg','image/jpeg','{\"identified\":true,\"analyzed\":true}','local',384150,'RHJm9ayfICXGn/eMCNkMsQ==','2021-05-21 15:03:44'),(89,'4qsyww4mw9hn58rtr3bkydzobpba','162160942471385.jpg','image/jpeg','{\"identified\":true,\"analyzed\":true}','local',450206,'QtglpfLW03GbIhLfSxSsEQ==','2021-05-21 15:03:44'),(90,'d0e3zqzzv1gvtkh7rtwloajv85j7','162160942497408.jpg','image/jpeg','{\"identified\":true,\"analyzed\":true}','local',524763,'5E6nA1cirFVXeAFxArYLHw==','2021-05-21 15:03:44'),(91,'kivqm422vrej95hw9v4sui2lnlz4','1621609424107563.jpg','image/jpeg','{\"identified\":true,\"analyzed\":true}','local',503683,'evCKjg4pbf2U1PpgbyaH1g==','2021-05-21 15:03:44'),(92,'d0df2tn2eyaoyfljtgab1ks0d3af','1621609424118190.jpg','image/jpeg','{\"identified\":true,\"analyzed\":true}','local',605433,'qpcABAas3QT7u/vG8bIw5Q==','2021-05-21 15:03:44'),(93,'6ikz9dem5urfma85as1n2dusvxz3','1621609424130100.jpg','image/jpeg','{\"identified\":true,\"analyzed\":true}','local',421357,'tQmLmKncNACcn8N2EVkfeQ==','2021-05-21 15:03:44'),(94,'aeaao67e3g6xvw5ny2jeeiavh93g','1621609424140239.jpg','image/jpeg','{\"identified\":true,\"analyzed\":true}','local',458177,'hD9UghlQCABklbxwUqrdng==','2021-05-21 15:03:44'),(95,'ilmd2w14dspf9d26cmz20m5oyqok','1621609424149409.jpg','image/jpeg','{\"identified\":true,\"analyzed\":true}','local',301226,'8feY7GPruO4s6Gle5Ek83A==','2021-05-21 15:03:44'),(96,'71a8jhd56kd5km0ebegq0zvnn7x2','1621609424157880.jpg','image/jpeg','{\"identified\":true,\"analyzed\":true}','local',412873,'qBRdDb8mYZQng19wUBvtrQ==','2021-05-21 15:03:44'),(97,'84k25ztx309e41jdx7cbhladfnzq','1621609424167132.jpg','image/jpeg','{\"identified\":true,\"analyzed\":true}','local',482069,'wmayOiFqqovNyaA7UfCbww==','2021-05-21 15:03:44'),(98,'iodzrbnue1qf93df7qwqpzqwxb8y','1621609424177844.jpg','image/jpeg','{\"identified\":true,\"analyzed\":true}','local',379058,'FMJ5QcKHIcCS7TvHkxLIXQ==','2021-05-21 15:03:44'),(99,'lfjfyqznjfjo60qq730psegz355t','1621609424187932.jpg','image/jpeg','{\"identified\":true,\"analyzed\":true}','local',469734,'UwVnqM3CXOEF7fJS9tJrzg==','2021-05-21 15:03:44'),(100,'8wynrwme4dfkgqpepfojgr2gn84p','1621609424197349.jpg','image/jpeg','{\"identified\":true,\"analyzed\":true}','local',435457,'vDoDLqGMTF6KtHC2BTVLGw==','2021-05-21 15:03:44'),(101,'3w9x4k0h9yhndd4hop0gtyu2649t','1621609424207067.jpg','image/jpeg','{\"identified\":true,\"analyzed\":true}','local',399595,'FffJk72DGFo++tpRP2GCHQ==','2021-05-21 15:03:44'),(102,'a32nsxd0cvn8hw1iz5s2v4cx1dnc','1621609424216586.jpg','image/jpeg','{\"identified\":true,\"analyzed\":true}','local',592765,'4BCHX/BSZ58DO+MdyMT5LA==','2021-05-21 15:03:44'),(103,'gxzoxg25v94zaakvjbiluifiv732','1621609424228004.jpg','image/jpeg','{\"identified\":true,\"analyzed\":true}','local',362539,'h6C9SE19HNt0pBRYMmoW5A==','2021-05-21 15:03:44'),(104,'iuy1rvtecjjyun0ptnhcgokefugo','1621609424238386.jpg','image/jpeg','{\"identified\":true,\"analyzed\":true}','local',411847,'7s6Y60ndcIntcMBqB5l21w==','2021-05-21 15:03:44'),(105,'d3ro5ls13yyvteehxvhgtdw1h9m9','1621609424247513.jpg','image/jpeg','{\"identified\":true,\"analyzed\":true}','local',385375,'XyE0v9Jyun0xXvkp5F+JGg==','2021-05-21 15:03:44'),(106,'nzjv68duiw9xhssalvlhaupqptxb','1621609424256775.jpg','image/jpeg','{\"identified\":true,\"analyzed\":true}','local',430599,'WJ2exrG7lM+SuJpyPgARqw==','2021-05-21 15:03:44'),(107,'rayazoum3w79y40bc6sh8w35wm7c','1621609424265835.jpg','image/jpeg','{\"identified\":true,\"analyzed\":true}','local',407119,'4gZOmMl+ML+1MIA7v+BWtw==','2021-05-21 15:03:44'),(108,'8jge8t44jcr16ew7pqkmmwcbjwmh','1621609424275500.jpg','image/jpeg','{\"identified\":true,\"analyzed\":true}','local',432939,'yB7hn0JrDvRtyK99GgStcg==','2021-05-21 15:03:44'),(109,'f2lqrgpatkrx2zy8uxe6z79sdbuf','1621609424291403.jpg','image/jpeg','{\"identified\":true,\"analyzed\":true}','local',409003,'l2wY7c69gHyyUUUkjDwuoA==','2021-05-21 15:03:44'),(110,'a9gdddhnzarbfshsdv3ghqhsqh7w','1621609424311102.jpg','image/jpeg','{\"identified\":true,\"analyzed\":true}','local',437162,'7UMHyro8UquHJ2IlNvhHgw==','2021-05-21 15:03:44'),(111,'9gkahcy8hmcw5uopxfks7xvjn8fw','1621609424333548.jpg','image/jpeg','{\"identified\":true,\"analyzed\":true}','local',283417,'8qVGaAHgBeO4lSIempH5Hg==','2021-05-21 15:03:44'),(112,'9a8e8m183j1vado5mpo47eh45xo2','1621609424343416.jpg','image/jpeg','{\"identified\":true,\"analyzed\":true}','local',443460,'bPM4sssVGSQajKXRneXqcA==','2021-05-21 15:03:44'),(113,'9b40kyaw89v0rw855xixzzv0dij3','1621609424352853.jpg','image/jpeg','{\"identified\":true,\"analyzed\":true}','local',389514,'chSLuZAzjjWvCmFCuO5DDw==','2021-05-21 15:03:44'),(114,'5upwn6oxvdzmq4wioqyzmx1jkarm','1621609424361584.jpg','image/jpeg','{\"identified\":true,\"analyzed\":true}','local',333105,'Ndi/fRMlE+SRA7yIjw+b9w==','2021-05-21 15:03:44'),(115,'0iscvvnrgwujvhshnjenf8b6at97','1621609424369629.jpg','image/jpeg','{\"identified\":true,\"analyzed\":true}','local',197185,'J9bF5IXdyCIopAy4F0/Axw==','2021-05-21 15:03:44'),(116,'zvssumqk6d5itc1dsf7om9bs5lqa','1621609424378137.jpg','image/jpeg','{\"identified\":true,\"analyzed\":true}','local',342998,'jVNLOwrQ5sUuuvoy6cYHmQ==','2021-05-21 15:03:44'),(117,'wl0w822styou2umncmit3yvi4wkb','1621609424388687.jpg','image/jpeg','{\"identified\":true,\"analyzed\":true}','local',393973,'+uO5GxN+S0S/ggfnHFcRmQ==','2021-05-21 15:03:44'),(118,'mv8hvaazcr7s48mt13gggxqfdjc0','1621609424399344.jpg','image/jpeg','{\"identified\":true,\"analyzed\":true}','local',362733,'JTpcmoiLTh3NL+ru7bDvfA==','2021-05-21 15:03:44'),(119,'uzvkawkld59oklae27vunbt7mxot','1621609424408793.jpg','image/jpeg','{\"identified\":true,\"analyzed\":true}','local',475249,'AO82a2/v6rhlRkBS0D0Mug==','2021-05-21 15:03:44'),(120,'mcja9qddcdmg6yhrvfx3mr8f8o99','1621609424418151.jpg','image/jpeg','{\"identified\":true,\"analyzed\":true}','local',497459,'/3PndqhOrnrz+cWUNt0mPw==','2021-05-21 15:03:44'),(121,'1otqogr6pjogyio27id81g54n6eu','1621609424428070.jpg','image/jpeg','{\"identified\":true,\"analyzed\":true}','local',437137,'B2inbwxxA4VX+oEIXNQqlg==','2021-05-21 15:03:44'),(122,'gatvjpq3f7kifr8b0a71rms9zu8y','1621609424437901.jpg','image/jpeg','{\"identified\":true,\"analyzed\":true}','local',362373,'gaGPrOZcNHNy2difWYSwFg==','2021-05-21 15:03:44'),(123,'8viaohjcrvfcy9onrvrbb38h22t0','1621609424448763.jpg','image/jpeg','{\"identified\":true,\"analyzed\":true}','local',404931,'dxilePKpLx65+FoGtWI5fw==','2021-05-21 15:03:44'),(124,'f0jentygz4z40293eaq1t3un6v1e','1621609424457771.jpg','image/jpeg','{\"identified\":true,\"analyzed\":true}','local',539269,'WvoBu8Ih6nhzXh9+7dzi7w==','2021-05-21 15:03:44'),(125,'l11mzjpz71kqrrb7phrauwq1cpbi','1621609424467557.jpg','image/jpeg','{\"identified\":true,\"analyzed\":true}','local',377360,'eukj5F5yD2EvZeYHsVOSZQ==','2021-05-21 15:03:44'),(126,'hjjh3tj2uwci60bj2rf6virxfjzk','1621609424476901.jpg','image/jpeg','{\"identified\":true,\"analyzed\":true}','local',487197,'5H6N/8YAWqqhb0ME7FTw8A==','2021-05-21 15:03:44'),(127,'4z9v0285p3f7u9czcbfjrtj581f6','1621609424486073.jpg','image/jpeg','{\"identified\":true,\"analyzed\":true}','local',364458,'E8wdGUX/mmY5b0qePLXGQQ==','2021-05-21 15:03:44'),(128,'otwsz23332kl43gsdxleti9qa8au','1621609424497435.jpg','image/jpeg','{\"identified\":true,\"analyzed\":true}','local',421661,'VUXLbrpG+7U4ewPBfOKsgQ==','2021-05-21 15:03:44'),(129,'chzamsj0g5e02h7ayhj82vo21h4a','1621609424507042.jpg','image/jpeg','{\"identified\":true,\"analyzed\":true}','local',400225,'L9Pl15zkaqZZ/RWd4VrIGg==','2021-05-21 15:03:44'),(130,'rij5jvjk7ezwsexeqjshkk756uyj','1621609424517823.jpg','image/jpeg','{\"identified\":true,\"analyzed\":true}','local',421365,'LClY+ZbDq9YJVC1YSqJU+Q==','2021-05-21 15:03:44'),(131,'2cocisz4pw2myg7tirl9im4mxpma','1621609424527686.jpg','image/jpeg','{\"identified\":true,\"analyzed\":true}','local',495605,'tFJxw6IF1QjUMlbW5K8pNg==','2021-05-21 15:03:44'),(132,'z7xpovcpw2m55ml7gczvz9446oid','1621609424537885.jpg','image/jpeg','{\"identified\":true,\"analyzed\":true}','local',538431,'3kKNjJe2hsRm6n7L+Mvl4w==','2021-05-21 15:03:44'),(133,'w90gx4ccx3n1g3ol39r7q4v0mz7t','1621609424549803.jpg','image/jpeg','{\"identified\":true,\"analyzed\":true}','local',573919,'DL10QEIMH3xIgHyItpd4Mw==','2021-05-21 15:03:44'),(134,'88n42pblz7p9addbihrp8pha3c4p','1621609424560051.jpg','image/jpeg','{\"identified\":true,\"analyzed\":true}','local',430841,'el7XzH3darQQ9AiQLAImjA==','2021-05-21 15:03:44'),(135,'pomrniaad935vpds0vtl0v3sla5y','1621609424570114.jpg','image/jpeg','{\"identified\":true,\"analyzed\":true}','local',352603,'q9bc+gnUDQWv9UXwXo1s0w==','2021-05-21 15:03:44'),(136,'qb9stoawr93ok3on844zg4gtcgsw','1621609424579154.jpg','image/jpeg','{\"identified\":true,\"analyzed\":true}','local',529672,'PALZiwRyKby12HNIPnHIVw==','2021-05-21 15:03:44'),(137,'7nq7xklzaeoaf7t0f8i9rznfoley','1621609424588666.jpg','image/jpeg','{\"identified\":true,\"analyzed\":true}','local',350305,'5moLVY1WuwsYu3ccA7dy6w==','2021-05-21 15:03:44'),(138,'9wtv5bpabumpxxqrivlvlh7czjlp','1621609424598502.jpg','image/jpeg','{\"identified\":true,\"analyzed\":true}','local',382557,'q1t74r5aCH2zu4fo7W2i/g==','2021-05-21 15:03:44'),(139,'1ix1o8tgdajppfolqsqb0eltve24','1621609424608615.jpg','image/jpeg','{\"identified\":true,\"analyzed\":true}','local',346364,'2Et74tMF1ekNO2d575qCFg==','2021-05-21 15:03:44'),(140,'tbg0cxgmmx3uvspn3b7eru2t08z0','1621609424617883.jpg','image/jpeg','{\"identified\":true,\"analyzed\":true}','local',434112,'EAEumMflzxOxNO4Q3Vf84A==','2021-05-21 15:03:44'),(141,'fduey5o1oj6vqixd8uxqg3505mpe','1621609424626892.jpg','image/jpeg','{\"identified\":true,\"analyzed\":true}','local',443343,'/S7sgqLb37xPKVgctUVzWA==','2021-05-21 15:03:44'),(142,'blez2k9crygz4eprup1n2e6ihca9','1621609424636024.jpg','image/jpeg','{\"identified\":true,\"analyzed\":true}','local',368741,'xbOTfoafRWqEDCx9sLqEbw==','2021-05-21 15:03:44'),(143,'6rruqapj0j9e4qvjckpabfo5cq9f','1621609424644813.jpg','image/jpeg','{\"identified\":true,\"analyzed\":true}','local',386008,'c61lQ84NyXhI2O49WwWJ+A==','2021-05-21 15:03:44'),(144,'d9dm7c28qxadkfkdkmwfsitifaqn','1621609424655513.jpg','image/jpeg','{\"identified\":true,\"analyzed\":true}','local',461584,'JWZgAHyTkssfSkIrb1Bv1g==','2021-05-21 15:03:44'),(145,'qpdo0r72b9cdtotf7a34uydmy6zu','1621609424665642.jpg','image/jpeg','{\"identified\":true,\"analyzed\":true}','local',396912,'GcGspvJZV/RQy51hZU2ZEw==','2021-05-21 15:03:44'),(146,'vr62wyyks6pf9bla2nnxa29xabvg','1621609424674718.jpg','image/jpeg','{\"identified\":true,\"analyzed\":true}','local',396437,'Ntzy9MI2dPW+TSS6dOiTew==','2021-05-21 15:03:44'),(147,'o0suokh4hz9l5darqzmwfwc0tryv','1621609424685396.jpg','image/jpeg','{\"identified\":true,\"analyzed\":true}','local',386544,'byOblib6pVHobrrBvu2NfA==','2021-05-21 15:03:44'),(148,'f8a1vmaah9f42ijbtbkmb0awsjpc','1621609424694060.jpg','image/jpeg','{\"identified\":true,\"analyzed\":true}','local',383175,'dRNmEX8Xhg7EGs5qKiFDnA==','2021-05-21 15:03:44'),(149,'e4gy91308p45zbfxjsxj6mc3hwl0','1621609424704059.jpg','image/jpeg','{\"identified\":true,\"analyzed\":true}','local',456683,'Wv/hyKv9itEKXhm9H3e5fg==','2021-05-21 15:03:44'),(150,'4xbxai3edbgeprxlaqog4tc1wm9w','1621609424714749.jpg','image/jpeg','{\"identified\":true,\"analyzed\":true}','local',422518,'ICqJ7B0SBEKFpDsbdu9Y6Q==','2021-05-21 15:03:44'),(151,'y3t844sgv0yq013sxql58kgswvhg','1621609424724565.jpg','image/jpeg','{\"identified\":true,\"analyzed\":true}','local',436250,'rUv+6JXF9XEuXdkxwjz5BQ==','2021-05-21 15:03:44'),(152,'cetjslir45bxbds40kqedmsgyd1d','1621609424734094.jpg','image/jpeg','{\"identified\":true,\"analyzed\":true}','local',419775,'XYNg0hu0ONM0B+7jGBf1oQ==','2021-05-21 15:03:44'),(153,'ri0cda66kz7zudcwey5h7j3nt3zx','1621609424743634.jpg','image/jpeg','{\"identified\":true,\"analyzed\":true}','local',457899,'nGXGYfsBsxYHZdOWXEL9Yg==','2021-05-21 15:03:44'),(154,'08wcic7bfkm0uj0zxx6hr9fjtzxc','1621609424753392.jpg','image/jpeg','{\"identified\":true,\"analyzed\":true}','local',466056,'OKZa0gSjf+S9SXOaWcbzuw==','2021-05-21 15:03:44'),(155,'my2ph8erfe4efdgvko9b0jxtqbpe','1621609424764925.jpg','image/jpeg','{\"identified\":true,\"analyzed\":true}','local',556069,'PV8fikE+lZJFEGolvagglQ==','2021-05-21 15:03:44'),(156,'8hqsz0zxth0u56ptnk3zqo26zn80','1621609424775093.jpg','image/jpeg','{\"identified\":true,\"analyzed\":true}','local',385282,'0LUnxOkRLccHQNk+i++lmg==','2021-05-21 15:03:44'),(157,'mf6qi5jcrywg0mg0xpylqlwuzui6','1621609424784080.jpg','image/jpeg','{\"identified\":true,\"analyzed\":true}','local',439140,'Hq//PuVH1gRWGFqPoCzUMw==','2021-05-21 15:03:44'),(158,'5dlze4getze0vfm0bdpvff7e82z0','1621609424793880.jpg','image/jpeg','{\"identified\":true,\"analyzed\":true}','local',448019,'ZT0Wj1Sbiz8oGnfpY6yykg==','2021-05-21 15:03:44'),(159,'1kif28qgb2vfw3ht9qgz6fmikyed','1621609424803824.jpg','image/jpeg','{\"identified\":true,\"analyzed\":true}','local',393112,'SQByb09SAH2sJTljyPf9qw==','2021-05-21 15:03:44'),(160,'3tigxgcjd37tatm5r56kuzocpeo0','1621609424814760.jpg','image/jpeg','{\"identified\":true,\"analyzed\":true}','local',469693,'DQRICp+62dnuTt5Evtdzxg==','2021-05-21 15:03:44'),(161,'am8nm83sznowqusz1z74limilq99','1621609424824563.jpg','image/jpeg','{\"identified\":true,\"analyzed\":true}','local',447340,'X344z/yNHr4q33Kjw9zaYw==','2021-05-21 15:03:44'),(162,'5e9164f648mh8vfkvbngs3phzr3j','1621609424836558.jpg','image/jpeg','{\"identified\":true,\"analyzed\":true}','local',407329,'Gv1gKSU7Z8YtCKcSy+a+kQ==','2021-05-21 15:03:44'),(163,'yk66gmqmmxowygi3ktowkiaio8es','1621609424845714.jpg','image/jpeg','{\"identified\":true,\"analyzed\":true}','local',378331,'/ECeKEdQsKmlu6z4daf8Dg==','2021-05-21 15:03:44'),(164,'yj7475swptpnpnpu9arf0vd9c29e','1621609424854576.jpg','image/jpeg','{\"identified\":true,\"analyzed\":true}','local',333894,'/NzEpfAhQmcBQw+UoNmbow==','2021-05-21 15:03:44'),(165,'2cltd5l8dyqrfji66z7cuz96intz','1621609424864480.jpg','image/jpeg','{\"identified\":true,\"analyzed\":true}','local',478887,'+ejY4ZaEgZ3aFpGSEaDJwA==','2021-05-21 15:03:44'),(166,'ddrawvqzon8q8rgxdgwv247krje0','1621609424875156.jpg','image/jpeg','{\"identified\":true,\"analyzed\":true}','local',418413,'x5kwDks4wHFMCT9nETnN5Q==','2021-05-21 15:03:44'),(167,'3lldyyi7br1hpref69x7ohpojxf9','1621609424885078.jpg','image/jpeg','{\"identified\":true,\"analyzed\":true}','local',524714,'h9DX5crTB3GYKYyKBK/15Q==','2021-05-21 15:03:44'),(168,'a39kmkke9f01zowinzah6300r0dv','1621609424894887.jpg','image/jpeg','{\"identified\":true,\"analyzed\":true}','local',383305,'jnTHgDHzp4COyw+DKdPTEQ==','2021-05-21 15:03:44'),(169,'5izhublsiu3srmf59gg4ja41lkc2','1621609424904470.jpg','image/jpeg','{\"identified\":true,\"analyzed\":true}','local',490792,'eEzTJF+JoqCcEfrCop4zWg==','2021-05-21 15:03:44'),(170,'fkw73u5rkkp02doef23w7w6bxmdu','1621609424913877.jpg','image/jpeg','{\"identified\":true,\"analyzed\":true}','local',381462,'wSPUI1nkRNuJnqAkD+wmBQ==','2021-05-21 15:03:44'),(171,'dawgqy6aatb8otndp4afsj81oqco','1621609424925242.jpg','image/jpeg','{\"identified\":true,\"analyzed\":true}','local',457506,'qwdsuZdLIr/BY3jQIJvM4A==','2021-05-21 15:03:44'),(172,'yd06w7ehwaenoarsgt3qasu68ghg','1621609424935019.jpg','image/jpeg','{\"identified\":true,\"analyzed\":true}','local',443133,'8oO6j6zHk9GuP7O6XjnqRg==','2021-05-21 15:03:44'),(173,'ulhy6mw1ijhutge40eusjt07u9vv','1621609424944351.jpg','image/jpeg','{\"identified\":true,\"analyzed\":true}','local',345866,'86eMLNh4geCwx5KryBWG0g==','2021-05-21 15:03:44'),(174,'lstbdi683fsehgyz2chw8v47p90d','1621609424953308.jpg','image/jpeg','{\"identified\":true,\"analyzed\":true}','local',561690,'+ShOBLlGOSS2cMZryEADFg==','2021-05-21 15:03:44'),(175,'em9p9vuibgpre57prlans2evvasc','1621609424966022.jpg','image/jpeg','{\"identified\":true,\"analyzed\":true}','local',359674,'6ZJOQV/qgJGbv2KqUs3V0w==','2021-05-21 15:03:44'),(176,'muvy9xal9ozog9h6ak68tcsyoixb','1621609424977558.jpg','image/jpeg','{\"identified\":true,\"analyzed\":true}','local',413735,'raLKzNeH/wM7gmhWG0+BuA==','2021-05-21 15:03:44'),(177,'flouwoyr5d95izpiivnmzf1s0ya9','1621609424987030.jpg','image/jpeg','{\"identified\":true,\"analyzed\":true}','local',408550,'uaJsf056N+Z/lS30z8YDXg==','2021-05-21 15:03:44'),(178,'768ejp25vxpdfwokr7u0whrwo6e2','1621609424996228.jpg','image/jpeg','{\"identified\":true,\"analyzed\":true}','local',412449,'peTP7u+nMmPB+8ef2+pfOg==','2021-05-21 15:03:44'),(179,'2yon9l33669hqlgrl033o5dbx4me','16216094255501.jpg','image/jpeg','{\"identified\":true,\"analyzed\":true}','local',437136,'m9MtBD6YL+nbNqm+jUM9GA==','2021-05-21 15:03:45'),(180,'0tf3hvpcpd2iwnnzgs4w2t5db1ah','162160942515247.jpg','image/jpeg','{\"identified\":true,\"analyzed\":true}','local',407863,'AX7ddL/W9WdwKJOAtYI1lg==','2021-05-21 15:03:45'),(181,'50kgx0hvkxsxrhkse9chca147ng6','162160942525695.jpg','image/jpeg','{\"identified\":true,\"analyzed\":true}','local',374910,'fgh9/KMMbxl0/VJR2A2I8Q==','2021-05-21 15:03:45'),(182,'3tns4wg3si81300kz8en7mmacv94','162160942535578.jpg','image/jpeg','{\"identified\":true,\"analyzed\":true}','local',326374,'BNMHqQGvsCgUcqZNKDt1SA==','2021-05-21 15:03:45'),(183,'ylrcxoxh222ak26cac7u2cpycqk9','162160942544559.jpg','image/jpeg','{\"identified\":true,\"analyzed\":true}','local',494356,'+UVlqbsvHvdm4DUWaxB7rg==','2021-05-21 15:03:45'),(184,'uppi5s4ldfph8kmjeocp3v63ez8f','162160942554465.jpg','image/jpeg','{\"identified\":true,\"analyzed\":true}','local',351793,'npOVjTckKsElgLVgye2siA==','2021-05-21 15:03:45'),(185,'i5bwvacfzt2kysd5cqtck4qg8l4w','162160942564357.jpg','image/jpeg','{\"identified\":true,\"analyzed\":true}','local',344354,'ApyOOCEhyECCK9qYhxATzw==','2021-05-21 15:03:45'),(186,'509citrt8etyasvuocwsi4ynshnn','162160942575410.jpg','image/jpeg','{\"identified\":true,\"analyzed\":true}','local',507506,'jmC0QbI/9BtvOLIRAHcraw==','2021-05-21 15:03:45'),(187,'8qg82becp2a92ussx9uer5ucgxup','1621609425117254.jpg','image/jpeg','{\"identified\":true,\"analyzed\":true}','local',409432,'9BVDcrVdhgkA3/fWjd5E2Q==','2021-05-21 15:03:45'),(188,'dz02wrcnrmu4ssssrjontspax6ji','1621609425129606.jpg','image/jpeg','{\"identified\":true,\"analyzed\":true}','local',551315,'sJXEdJbqr9GxyCW8SdnZKA==','2021-05-21 15:03:45'),(189,'n6ueya5obrkpl4x2uagi2cc3qtjz','1621609425141948.jpg','image/jpeg','{\"identified\":true,\"analyzed\":true}','local',397919,'V8s7+etj9VOfTxza6Zvl6g==','2021-05-21 15:03:45'),(190,'bd1e7ulnnuf08uva803m34qdc4pg','1621609425151545.jpg','image/jpeg','{\"identified\":true,\"analyzed\":true}','local',413495,'2tHdlaXfDlT2A9xqlvmCGw==','2021-05-21 15:03:45'),(191,'ontuypktft2xb68aoai5fcbipt08','1621609425161328.jpg','image/jpeg','{\"identified\":true,\"analyzed\":true}','local',485844,'8lQdwA9hnjFJ4XRgzEzE9Q==','2021-05-21 15:03:45'),(192,'tsxbjtsuejfr24vwbraezxn14b5y','1621609425170847.jpg','image/jpeg','{\"identified\":true,\"analyzed\":true}','local',413407,'/11ydk+ZmuDJd60K14ZZNw==','2021-05-21 15:03:45'),(193,'cssbyjn9gqgfvok7nzjge367iek0','1621609425181797.jpg','image/jpeg','{\"identified\":true,\"analyzed\":true}','local',545035,'Cl4UE1VQ7nneMuB/28yIww==','2021-05-21 15:03:45'),(194,'2hkvjhkxnmnsb9re8f1wasmclks4','1621609425197246.jpg','image/jpeg','{\"identified\":true,\"analyzed\":true}','local',443064,'fLSsFvVyCSIyfV2URGHADg==','2021-05-21 15:03:45'),(195,'xifv7hxkcjdzospoketjg0f0u0r0','1621609425217171.jpg','image/jpeg','{\"identified\":true,\"analyzed\":true}','local',471303,'TTnvkpnFOH3orJZ67YJMVQ==','2021-05-21 15:03:45'),(196,'9j4casxb1db7ifx2gd47xo4hx91o','1621609425233141.jpg','image/jpeg','{\"identified\":true,\"analyzed\":true}','local',412890,'6F0Xt7VwLWI3lnAa9xYJfw==','2021-05-21 15:03:45'),(197,'33kmtb04ltj0cncddarra4bphcu1','1621609425248072.jpg','image/jpeg','{\"identified\":true,\"analyzed\":true}','local',407445,'0wf0y9Ufjc+IqHW4/f5cfg==','2021-05-21 15:03:45'),(198,'nlefjtwrl5fc3srm68qewed3rax9','1621609425259712.jpg','image/jpeg','{\"identified\":true,\"analyzed\":true}','local',420336,'E5BXKIGl6dJQwAYS38/z+Q==','2021-05-21 15:03:45'),(199,'j6c7an104oicvi1gc40vr4t8on4s','1621609425269766.jpg','image/jpeg','{\"identified\":true,\"analyzed\":true}','local',392945,'EVBPVAA+ZmDKOJwuipNxjg==','2021-05-21 15:03:45'),(200,'jsbajecsbey3fwlfbc8a8zkmia5v','1621609425278976.jpg','image/jpeg','{\"identified\":true,\"analyzed\":true}','local',464146,'/+dAJ3ynHzF832/WBKCa0w==','2021-05-21 15:03:45'),(201,'nbgg92bgk1p9he5j1ddf5o2o3oco','1621609425289035.jpg','image/jpeg','{\"identified\":true,\"analyzed\":true}','local',404516,'FDIGS8nrqCVmjdXD2WiBiQ==','2021-05-21 15:03:45'),(202,'wwrvwi9xbzs7981m9cfjwpena90a','1621609425299367.jpg','image/jpeg','{\"identified\":true,\"analyzed\":true}','local',127095,'HrOMMob0h4BAwfS426zqSQ==','2021-05-21 15:03:45'),(203,'07r6ulh8nxprq15v8dpqhq6z4y89','1621609425307543.jpg','image/jpeg','{\"identified\":true,\"analyzed\":true}','local',416023,'A9xdPxXcI4Vxg5ZhCV/zOA==','2021-05-21 15:03:45'),(204,'jxuqrgrr6eu83dhl2bdzqwqy97dl','1621609425315995.jpg','image/jpeg','{\"identified\":true,\"analyzed\":true}','local',316257,'cp/9TFISArdVu4GZ4mV29w==','2021-05-21 15:03:45'),(205,'zpemvm9p2a5gzbgltki4vgtpfh1s','1621609425324598.jpg','image/jpeg','{\"identified\":true,\"analyzed\":true}','local',493075,'2tpKp7MHm46HYrJCrkvooA==','2021-05-21 15:03:45'),(206,'s641hxrvbnjffes10b4nrzrjp8jq','1621609425333408.jpg','image/jpeg','{\"identified\":true,\"analyzed\":true}','local',387393,'k+bUyFwX6qTl6Mc/OSwE/w==','2021-05-21 15:03:45'),(207,'d4av5svzjw8uw7ds6aw57zixowu8','1621609425342678.jpg','image/jpeg','{\"identified\":true,\"analyzed\":true}','local',412572,'M0ghQbtcYQPeEDtVIfuaZA==','2021-05-21 15:03:45'),(208,'ls756v0jz2ti07s1t3731hlauil2','1621609425353842.jpg','image/jpeg','{\"identified\":true,\"analyzed\":true}','local',433489,'uFilb1Js4c9Cs/LGAzZRuw==','2021-05-21 15:03:45'),(209,'mfec7q4socx1xpn7dfgfhn123l6p','1621609425362886.jpg','image/jpeg','{\"identified\":true,\"analyzed\":true}','local',327602,'KcT7pJmw8gBbAeQlr48fwA==','2021-05-21 15:03:45'),(210,'lwmyf351j1n84iaqjfmk06ohaf9k','1621609425371427.jpg','image/jpeg','{\"identified\":true,\"analyzed\":true}','local',375180,'XjEweShIgKKkr9XjC7py8g==','2021-05-21 15:03:45'),(211,'3ug5d5trg9p0kp1xkeavv1f3zltq','1621609425379634.jpg','image/jpeg','{\"identified\":true,\"analyzed\":true}','local',439876,'A28BMxUjgfWPTO2ZzUjjlA==','2021-05-21 15:03:45'),(212,'wvecx1zr5htuywgjlekx3hc52snp','1621609425387980.jpg','image/jpeg','{\"identified\":true,\"analyzed\":true}','local',493625,'MXbzpISOWynT4k1mvGApbg==','2021-05-21 15:03:45'),(213,'4u1bl9qs25itokn2ls9agi68ma7m','1621609425397846.jpg','image/jpeg','{\"identified\":true,\"analyzed\":true}','local',468337,'GfPKMG9X6JPqCui7aKr6ZA==','2021-05-21 15:03:45'),(214,'l90ellf7huk2de7b437yf4zd4grf','1621609425408913.jpg','image/jpeg','{\"identified\":true,\"analyzed\":true}','local',358551,'NFEQRpqpO10/zTMEM6Mirw==','2021-05-21 15:03:45'),(215,'om3bp6dbvj34n7ihhkvsi5s19k2u','1621609425420432.jpg','image/jpeg','{\"identified\":true,\"analyzed\":true}','local',477588,'eyzdguIAtzF4sQTmgtOd7g==','2021-05-21 15:03:45'),(216,'mr108o03v5gk3ak53pukuw42ce7q','1621609425429235.jpg','image/jpeg','{\"identified\":true,\"analyzed\":true}','local',352978,'srTV3obAiHFSdSypKtGJaw==','2021-05-21 15:03:45'),(217,'ynzu7zf5jxpcutggnfu2tbhjv8p4','1621609425438102.jpg','image/jpeg','{\"identified\":true,\"analyzed\":true}','local',441828,'YEycBcIYKya5oUI48TVg2w==','2021-05-21 15:03:45'),(218,'vfgr55w4g5721j5za1kt5y0gqmf1','1621609425447903.jpg','image/jpeg','{\"identified\":true,\"analyzed\":true}','local',470526,'0lfEbAoPqewTyi+iJCxwUQ==','2021-05-21 15:03:45'),(219,'jwyrxhzzcdkri1n2r2572otedbg1','1621609425459777.jpg','image/jpeg','{\"identified\":true,\"analyzed\":true}','local',402171,'SpUKA1nqZM+RRKHxKNMb+g==','2021-05-21 15:03:45'),(220,'jmnmzpcc1yueqz7eqr7fi1z3ucg4','1621609425469619.jpg','image/jpeg','{\"identified\":true,\"analyzed\":true}','local',401881,'kOTMQ+o/NrozEDlib3ofWw==','2021-05-21 15:03:45'),(221,'ks8j0bj02m83k1kqqz5sg5obc0lr','1621609425479011.jpg','image/jpeg','{\"identified\":true,\"analyzed\":true}','local',411002,'wY21QMQY7bfiej+zFRstlg==','2021-05-21 15:03:45'),(222,'hshyvkea6tv9jdayz18va4z0rupv','1621609425488100.jpg','image/jpeg','{\"identified\":true,\"analyzed\":true}','local',360983,'Fh0ICilTrKth6DO6DJlL8Q==','2021-05-21 15:03:45'),(223,'hwb8s615hwk7n50do0gdygi42hq1','1621609425497063.jpg','image/jpeg','{\"identified\":true,\"analyzed\":true}','local',403049,'grQ6jieJT+xqE8cB8Hs9dg==','2021-05-21 15:03:45'),(224,'he2p0v38pbli87umv01omij9u380','1621609425507557.jpg','image/jpeg','{\"identified\":true,\"analyzed\":true}','local',555009,'0cxMl2pwqUACKWrVrhn62A==','2021-05-21 15:03:45'),(225,'5o8sjx63v88suhl563wg7g7gufp6','1621609425518046.jpg','image/jpeg','{\"identified\":true,\"analyzed\":true}','local',419846,'U+7HN+WsIbJ5vwzsrLDVRg==','2021-05-21 15:03:45'),(226,'epdjtgatwasr1vdqx7tza2548ofq','1621609425527464.jpg','image/jpeg','{\"identified\":true,\"analyzed\":true}','local',441697,'1zF/uref94X3/uf30VgCQg==','2021-05-21 15:03:45'),(227,'e4vrfbc5z4kyn88v827f8p55kcu9','1621609425537986.jpg','image/jpeg','{\"identified\":true,\"analyzed\":true}','local',429328,'NOzGfAEvq++ntlcT1EWeRw==','2021-05-21 15:03:45'),(228,'2xvdbv3a2p0uhpcbelll83hxthey','1621609425547131.jpg','image/jpeg','{\"identified\":true,\"analyzed\":true}','local',346203,'1WceTE5NbSq4RqVQCDm7KA==','2021-05-21 15:03:45'),(229,'4o5y38imng4p5mqe154hz1611yts','1621609425556237.jpg','image/jpeg','{\"identified\":true,\"analyzed\":true}','local',448981,'k9dR6AyGNZXPUFMgQS7qYw==','2021-05-21 15:03:45'),(230,'bmwhdsa4690c1rx2zm03atppgrby','1621609425567243.jpg','image/jpeg','{\"identified\":true,\"analyzed\":true}','local',398971,'hHV/+rMg4y/ZugttPi5SZw==','2021-05-21 15:03:45'),(231,'wo0us3a338i2bgcife1fp1r7qlda','1621609425576355.jpg','image/jpeg','{\"identified\":true,\"analyzed\":true}','local',419537,'IjMb8pZUn0sax1d41zbtZw==','2021-05-21 15:03:45'),(232,'j9yg8vfa0t2fim7djztirta02tdm','1621609425585555.jpg','image/jpeg','{\"identified\":true,\"analyzed\":true}','local',382204,'aJgvH1tGwtSm2eUoUy79sA==','2021-05-21 15:03:45'),(233,'k9e704xc4o4hgxpv4xema4jp20jl','1621609425594301.jpg','image/jpeg','{\"identified\":true,\"analyzed\":true}','local',293818,'4/WoZZzAyNHGQCPq1JIOug==','2021-05-21 15:03:45'),(234,'xpmxp8st5a5k6liqlgifxx877pmq','1621609425602715.jpg','image/jpeg','{\"identified\":true,\"analyzed\":true}','local',446618,'BRPN1FfqgqO/fNk/YY2SSw==','2021-05-21 15:03:45'),(235,'qwwicw21uxgy15xnu24mfn5ipf0c','1621609425612537.jpg','image/jpeg','{\"identified\":true,\"analyzed\":true}','local',427299,'KeqMguA5Wt86CUueWIpvHg==','2021-05-21 15:03:45'),(236,'c0pvue4v3oi1zt5jtiifilyus6vl','1621609425623011.jpg','image/jpeg','{\"identified\":true,\"analyzed\":true}','local',350914,'cx5oMsJS2yxdTFWeXpCfBg==','2021-05-21 15:03:45'),(237,'hxwtetpo3z6r593hhm1y6pql3bbj','1621609425631654.jpg','image/jpeg','{\"identified\":true,\"analyzed\":true}','local',446854,'oHE7eK6LF9Kyt38ykiGNWA==','2021-05-21 15:03:45'),(238,'fuhmajehmak7jkf9yphiwyc125vt','1621609425641312.jpg','image/jpeg','{\"identified\":true,\"analyzed\":true}','local',380721,'WsZRj2s8SHNTItHQZDllPw==','2021-05-21 15:03:45'),(239,'kycmqsnebw6tit4inbq82wj2mixt','1621609425650033.jpg','image/jpeg','{\"identified\":true,\"analyzed\":true}','local',442863,'lTDTPtvLZbMDHJMrWY84qw==','2021-05-21 15:03:45'),(240,'vsp96c62bg79wkgl8rrz7sqs4pwj','1621609425658937.jpg','image/jpeg','{\"identified\":true,\"analyzed\":true}','local',353861,'guj0m+YUey+89J40lTo/uw==','2021-05-21 15:03:45'),(241,'vmscf9x3cirxhb03rxfdc11e397c','1621609425668788.jpg','image/jpeg','{\"identified\":true,\"analyzed\":true}','local',374047,'bljwHNTnGuCKiLOumEUcGw==','2021-05-21 15:03:45'),(242,'enpgf8zgh2jclmci3d9wyjfa50l4','1621609425678233.jpg','image/jpeg','{\"identified\":true,\"analyzed\":true}','local',403699,'UyRF7HKn3hv602pPXi5D7A==','2021-05-21 15:03:45'),(243,'ywl0izau27z435zensjpib5weequ','1621609425687061.jpg','image/jpeg','{\"identified\":true,\"analyzed\":true}','local',425504,'TCwAhKxRilMOzVj2jPOUBQ==','2021-05-21 15:03:45'),(244,'wez1cok1e04pbp3jeuxg4fu2q32f','1621609425695629.jpg','image/jpeg','{\"identified\":true,\"analyzed\":true}','local',357735,'XluuLmZCY2B1w0kVbMN1rw==','2021-05-21 15:03:45'),(245,'glb5feye4120upq3b3m13hgnlf1v','1621609425704013.jpg','image/jpeg','{\"identified\":true,\"analyzed\":true}','local',404524,'wTsux7Ghbm9MTcVYV2SI7g==','2021-05-21 15:03:45'),(246,'hh1yvhls5o5q56bdf4bry0t1cm7f','1621609425717539.jpg','image/jpeg','{\"identified\":true,\"analyzed\":true}','local',443929,'LvN92v9ENgZ5ZdvxG/iYUg==','2021-05-21 15:03:45'),(247,'zwhq677h6ho0ylyrfmfzmrmn75oo','1621609425728646.jpg','image/jpeg','{\"identified\":true,\"analyzed\":true}','local',421657,'Z/x4YFeONuQUTUZ1RXdAxQ==','2021-05-21 15:03:45'),(248,'cj3137etemo4zi7voqwm6hrtxhtj','1621609425738156.jpg','image/jpeg','{\"identified\":true,\"analyzed\":true}','local',350163,'CEGc4yxwimfLTShDCDH47w==','2021-05-21 15:03:45'),(249,'4nnpyz04mi0mm1sw9eik410vyuti','1621609425749288.jpg','image/jpeg','{\"identified\":true,\"analyzed\":true}','local',345177,'rPssad7tZAYI+f6qHGEUDw==','2021-05-21 15:03:45'),(250,'77fp8zmaqv0mqevlqp9wc3pcajpf','1621609425757972.jpg','image/jpeg','{\"identified\":true,\"analyzed\":true}','local',457858,'9bHYJyRO3ABJo1/EapPt4g==','2021-05-21 15:03:45'),(251,'3nt6i4so4ov0oye9le8csg3gxz8v','1621609425767710.jpg','image/jpeg','{\"identified\":true,\"analyzed\":true}','local',470338,'2voaDDEpLai/Od1Jqo/xlw==','2021-05-21 15:03:45'),(252,'hiafjrt86kdd09ocieg3gip354oc','1621609425779094.jpg','image/jpeg','{\"identified\":true,\"analyzed\":true}','local',435964,'39NmNueYFcHscTLeFL5VHA==','2021-05-21 15:03:45'),(253,'5faaha2agph6fljsiy34jrkdxnhr','1621609425788823.jpg','image/jpeg','{\"identified\":true,\"analyzed\":true}','local',340001,'9JYRUC7fm59KiowbkVTB2w==','2021-05-21 15:03:45'),(254,'kbe46v14pywzsh6syf55p94cphr9','1621609425797388.jpg','image/jpeg','{\"identified\":true,\"analyzed\":true}','local',412109,'Ra7D3vK2tQWbHNG/hJI+WQ==','2021-05-21 15:03:45'),(255,'g8y2b0vw0a65c6gs0knibhu62aqy','1621609425806592.jpg','image/jpeg','{\"identified\":true,\"analyzed\":true}','local',376998,'1xGEQlWeETRvhANR0G5GSw==','2021-05-21 15:03:45'),(256,'g4exq4r4ijzqmc9vm6brqn7x10l7','1621609425816744.jpg','image/jpeg','{\"identified\":true,\"analyzed\":true}','local',404807,'2O0EXybiQNUnCQbDy6lfgQ==','2021-05-21 15:03:45'),(257,'89e50cp8f7kubmjomyhhpzuxquxb','1621609425827555.jpg','image/jpeg','{\"identified\":true,\"analyzed\":true}','local',560060,'IEe563RSZiez9JomHP1EzA==','2021-05-21 15:03:45'),(258,'1szsawl9yrkat6jab0yw9ivkctox','1621609425838296.jpg','image/jpeg','{\"identified\":true,\"analyzed\":true}','local',356853,'zPdnbiE7iPlUnmg0s1tTEw==','2021-05-21 15:03:45'),(259,'o0scvv6pzfddw0z5vqon87aulavf','1621609425847234.jpg','image/jpeg','{\"identified\":true,\"analyzed\":true}','local',388157,'72De6WOK0GOFkkBYd5tNTw==','2021-05-21 15:03:45'),(260,'nd53l1mc41b0rto83cg763f1kpxs','1621609425857047.jpg','image/jpeg','{\"identified\":true,\"analyzed\":true}','local',406170,'fiWHH1WaO9Xmdo7HV69bOw==','2021-05-21 15:03:45'),(261,'5xevsoaaztgr33fscktdhr5xrpm1','1621609425865518.jpg','image/jpeg','{\"identified\":true,\"analyzed\":true}','local',326680,'RFsLjmXMpO8fE8srt5b9xQ==','2021-05-21 15:03:45'),(262,'3e6od7o9p760ra36hqrj2vq8nkrk','1621609425874584.jpg','image/jpeg','{\"identified\":true,\"analyzed\":true}','local',417502,'p24cCghDrmqZu2d+dB1yiw==','2021-05-21 15:03:45'),(263,'m9qpweotma177d5r5brttn1kpfuq','1621609425885325.jpg','image/jpeg','{\"identified\":true,\"analyzed\":true}','local',375608,'8Kpi87R+ScpG/ssmeUyJXw==','2021-05-21 15:03:45'),(264,'surytbeqdehqxqxk1z76ezcve9x0','1621609425894705.jpg','image/jpeg','{\"identified\":true,\"analyzed\":true}','local',380973,'Me1BU4IO9Z7V6G9fAnF+/Q==','2021-05-21 15:03:45'),(265,'50djwr2x349dlbod8wu8hqgwhtee','1621609425904003.jpg','image/jpeg','{\"identified\":true,\"analyzed\":true}','local',287109,'vo+YBsT5itmEsbXufkyrZg==','2021-05-21 15:03:45'),(266,'qkn9zbqrfut8d6rcnutbg9fcsjww','1621609425912297.jpg','image/jpeg','{\"identified\":true,\"analyzed\":true}','local',543235,'aQTMxagDkw79rzABn2SX/g==','2021-05-21 15:03:45'),(267,'1uwpdvuf2l4jb5es0kg6h0tdazk9','1621609425922172.jpg','image/jpeg','{\"identified\":true,\"analyzed\":true}','local',424242,'6SNbuAvYTnspLDxwqNVVug==','2021-05-21 15:03:45'),(268,'ork8buy7usj3h8zfkdcz26g7s9by','1621609425932339.jpg','image/jpeg','{\"identified\":true,\"analyzed\":true}','local',450481,'9skWlrpxBLZBHHpqlP5jqg==','2021-05-21 15:03:45'),(269,'ovjb8jjdl6qk4utmd1cllh5ykhbq','1621609425942841.jpg','image/jpeg','{\"identified\":true,\"analyzed\":true}','local',235143,'fbsZ1HTw+d2kohTqKgC+MQ==','2021-05-21 15:03:45'),(270,'p54gzkqpysu9oadj1ba8gfgv5y5n','1621609425951842.jpg','image/jpeg','{\"identified\":true,\"analyzed\":true}','local',446693,'tZvShBrzq0Fewt8/cXwhDw==','2021-05-21 15:03:45'),(271,'tv0ri1xuy2n0ibekxghxz691g6ii','1621609425960703.jpg','image/jpeg','{\"identified\":true,\"analyzed\":true}','local',496896,'9zYgbMADFRkAJOUpoWoR8Q==','2021-05-21 15:03:45'),(272,'q2w5clinxti6kous0algl2u9y27s','1621609425971101.jpg','image/jpeg','{\"identified\":true,\"analyzed\":true}','local',330152,'IRJ3Uv/dyJJ3QOq85OxLyw==','2021-05-21 15:03:45'),(273,'pw1yrvj93s61pjy7ir5aoaoin8lx','1621609425980143.jpg','image/jpeg','{\"identified\":true,\"analyzed\":true}','local',300204,'qFiR84S+c+4MCI6tx9eh4Q==','2021-05-21 15:03:45'),(274,'s4d5s3b0s35f30rc7bfr89eio2g6','1621609425990338.jpg','image/jpeg','{\"identified\":true,\"analyzed\":true}','local',410745,'UOtWrGPCsdW3OOkkWIaijQ==','2021-05-21 15:03:45'),(275,'c9n03g3tg5wrpzt1smh8ptvtgip9','1621609425999871.jpg','image/jpeg','{\"identified\":true,\"analyzed\":true}','local',478721,'ERF0V+FZdCzREWz8FEOObQ==','2021-05-21 15:03:46'),(276,'kwe0l9ql56bs3dkncy2yi5cv49wv','16216094269149.jpg','image/jpeg','{\"identified\":true,\"analyzed\":true}','local',423554,'uNgfACm1Rs6qkkZrMBRBTA==','2021-05-21 15:03:46'),(277,'peuithu4jxw7ug4juk1ypags220h','162160942618727.jpg','image/jpeg','{\"identified\":true,\"analyzed\":true}','local',426950,'JObY2fkdvcXXEXwI+GlwFw==','2021-05-21 15:03:46'),(278,'mjig3gjbcslzya1zpaxojgjycm2c','162160942627719.jpg','image/jpeg','{\"identified\":true,\"analyzed\":true}','local',352489,'Aw1wptFSZmi3+2Z+4YUt3g==','2021-05-21 15:03:46'),(279,'qhjgtdsff37fpbru2wrlmirqzj9t','162160942637310.jpg','image/jpeg','{\"identified\":true,\"analyzed\":true}','local',483868,'mqznWJXIDHh4gsdat6Wnkg==','2021-05-21 15:03:46'),(280,'geojynkl42wszmasxe4t8o0xxezf','162160942650276.jpg','image/jpeg','{\"identified\":true,\"analyzed\":true}','local',394322,'yqhBMr1LERzU0Q2RqL72QQ==','2021-05-21 15:03:46'),(281,'9x5z09m16zu9v67q94a05b89ha2a','162160942659309.jpg','image/jpeg','{\"identified\":true,\"analyzed\":true}','local',243857,'33JCdKW8JTELZFUSGJBvWw==','2021-05-21 15:03:46'),(282,'x4emveywa16g3hv72j93vl1ujwth','162160942668001.jpg','image/jpeg','{\"identified\":true,\"analyzed\":true}','local',482328,'HSyKele9feNr3w9E0qxMmQ==','2021-05-21 15:03:46'),(283,'jhubjxqn4gby14m01ye1gfwkwnmn','162160942676763.jpg','image/jpeg','{\"identified\":true,\"analyzed\":true}','local',397039,'dv0FiRQ8DlNP6g5FjQfXFQ==','2021-05-21 15:03:46'),(284,'u4ktv5gra2nxp3gdim4mng1wx6oe','162160942686365.jpg','image/jpeg','{\"identified\":true,\"analyzed\":true}','local',428256,'+cGCZJcAEbDMbuBhIad79w==','2021-05-21 15:03:46'),(285,'geblzcemf2w4z8akrfkykmc53qd4','162160942697531.jpg','image/jpeg','{\"identified\":true,\"analyzed\":true}','local',433714,'9NeLB/hsv+Pt+/+i9+jY8Q==','2021-05-21 15:03:46'),(286,'tmejt9bjmxj0xtw7c30prqrgowpm','1621609426107166.jpg','image/jpeg','{\"identified\":true,\"analyzed\":true}','local',372727,'MnaIkPHFliHA9v08W9gGgw==','2021-05-21 15:03:46'),(287,'2m1pusddlyvpx4i39xiduvidq732','1621609426116264.jpg','image/jpeg','{\"identified\":true,\"analyzed\":true}','local',378425,'2mQFwKA8tRrdpTFTNb5B6Q==','2021-05-21 15:03:46'),(288,'0qi95lte46uqz6d05ozalxlscvk6','1621609426125091.jpg','image/jpeg','{\"identified\":true,\"analyzed\":true}','local',398206,'GAnWWZ/xyTAU67bzRaF4fA==','2021-05-21 15:03:46'),(289,'084m0mu1zozoznvm6dw8o4marp32','1621609426134226.jpg','image/jpeg','{\"identified\":true,\"analyzed\":true}','local',416940,'0HHEHeMR512Gb59/VF/3kw==','2021-05-21 15:03:46'),(290,'mcfazn4h3h6rugmofoe2fajp9af1','1621609426143479.jpg','image/jpeg','{\"identified\":true,\"analyzed\":true}','local',312374,'33PCDepGWlyrjVQ2KEQaIg==','2021-05-21 15:03:46'),(291,'cb8bs0iaj0y0l53zdu79b3n236wr','1621609426154056.jpg','image/jpeg','{\"identified\":true,\"analyzed\":true}','local',316217,'8B8LTxq0FEDqJLmC6xBAIQ==','2021-05-21 15:03:46'),(292,'o8v0uwd64v3j2chcjlmel83l3xrz','1621609426162625.jpg','image/jpeg','{\"identified\":true,\"analyzed\":true}','local',429170,'KUM9LOQc/0hWQzXU+E5ylA==','2021-05-21 15:03:46'),(293,'a0e9d5hbc6xmw5qqn70j0e2ycydm','1621609426171884.jpg','image/jpeg','{\"identified\":true,\"analyzed\":true}','local',385369,'1xQRM9Ns8A2sTW7K5lDgQw==','2021-05-21 15:03:46'),(294,'fynt7jdj1gbg0j5kc37dpkqfwnwk','1621609426180791.jpg','image/jpeg','{\"identified\":true,\"analyzed\":true}','local',483980,'jrBBxO45+TjlZtU0saJ9Pw==','2021-05-21 15:03:46'),(295,'jcibs78ahmddzq3zbmvn8pr8yrfe','1621609426190646.jpg','image/jpeg','{\"identified\":true,\"analyzed\":true}','local',455792,'/uvxRSc5QHf3Oi0dUKYrhA==','2021-05-21 15:03:46'),(296,'l23ppiffnq0s9ohq1yqcstowrn5u','1621609426202085.jpg','image/jpeg','{\"identified\":true,\"analyzed\":true}','local',473156,'fYN1l8wWxsRPsOWcqySuNw==','2021-05-21 15:03:46'),(297,'icite53q4m6u81migw8fabexjsea','1621609426212086.jpg','image/jpeg','{\"identified\":true,\"analyzed\":true}','local',412338,'M9ewR/Nz+YajmkkgQRoMuA==','2021-05-21 15:03:46'),(298,'oumz9lmuzumdjqcq687xa5tplygm','1621609426221386.jpg','image/jpeg','{\"identified\":true,\"analyzed\":true}','local',395145,'v0w6Her0rtBEIHyEMsqmoQ==','2021-05-21 15:03:46'),(299,'dk7h410dlimnpapvrdsigw98m3b2','1621609426230461.jpg','image/jpeg','{\"identified\":true,\"analyzed\":true}','local',432303,'eZuhv0oNYyg+b694j/AMrg==','2021-05-21 15:03:46'),(300,'u4s9n9h9o4w3606mzprrscugowc5','1621609426239420.jpg','image/jpeg','{\"identified\":true,\"analyzed\":true}','local',391104,'fnVK5l6AXgEUX2LmK+P/ZQ==','2021-05-21 15:03:46'),(301,'k9521duknq4tlyi41tlndi58x5cd','1621609426248751.jpg','image/jpeg','{\"identified\":true,\"analyzed\":true}','local',399841,'a6N6NEvTDCgJBTOOAWEVTA==','2021-05-21 15:03:46'),(302,'xx9e2wgkxjoblz26ws4k8vajuso3','1621609426259295.jpg','image/jpeg','{\"identified\":true,\"analyzed\":true}','local',364519,'w/bW5PLGmrRMfbXVv3Jk4g==','2021-05-21 15:03:46'),(303,'ostk32zqke9dm7tptcmemwdtvkeh','1621609426268625.jpg','image/jpeg','{\"identified\":true,\"analyzed\":true}','local',424954,'Gxz5Sg9C5GejAavnhiydiw==','2021-05-21 15:03:46'),(304,'7c6fzfu2fozal4s5ada6g6wosa1t','1621609426277983.jpg','image/jpeg','{\"identified\":true,\"analyzed\":true}','local',424002,'tRu5P51Qs7wafASQpnRxFQ==','2021-05-21 15:03:46'),(305,'1lz83fdo3yyjuc4ytjivwopm4o9k','1621609426287039.jpg','image/jpeg','{\"identified\":true,\"analyzed\":true}','local',416248,'9qnMpyas684lfnrIsHPmhw==','2021-05-21 15:03:46'),(306,'kgs4nn03e3ajq32v7u76nrdn0psz','1621609426296164.jpg','image/jpeg','{\"identified\":true,\"analyzed\":true}','local',346230,'WwZ/tF5VrLLQM71fdOeg1w==','2021-05-21 15:03:46'),(307,'lkce31xjdq3hkpcn49j0yrzfsve8','1621609426306983.jpg','image/jpeg','{\"identified\":true,\"analyzed\":true}','local',432358,'qmi8/Q0EO0+2W1aEArQ3OA==','2021-05-21 15:03:46'),(308,'svobsup0ss13bsk0gpjq8zo2dle0','1621609426319966.jpg','image/jpeg','{\"identified\":true,\"analyzed\":true}','local',277927,'hkn8Huwm0dyZNDSAPXiGtA==','2021-05-21 15:03:46'),(309,'wqy3ece61ahhnqbvr9djm7pg109o','1621609426330250.jpg','image/jpeg','{\"identified\":true,\"analyzed\":true}','local',432029,'Cf+vLN7d+rsTAbwcJsKtmw==','2021-05-21 15:03:46'),(310,'adikyz0o0nno5jlhjr4gui5ap48o','1621609426338983.jpg','image/jpeg','{\"identified\":true,\"analyzed\":true}','local',388003,'kOve0m4ywphM2itCdRz7ug==','2021-05-21 15:03:46'),(311,'9o0qvj4l8jqlhz6xb61mh99tonsp','1621609426348075.jpg','image/jpeg','{\"identified\":true,\"analyzed\":true}','local',395316,'EoznmQKM+p5z7+MC+9W0oA==','2021-05-21 15:03:46'),(312,'b45470xn4t2jzv0c9jum3bdzrkze','1621609426358641.jpg','image/jpeg','{\"identified\":true,\"analyzed\":true}','local',403115,'z1mCFZpXKbWEaYbCvxmCOQ==','2021-05-21 15:03:46'),(313,'kvqxzbeja1iy9u7ao8wqxi0aqs9d','1621609426368779.jpg','image/jpeg','{\"identified\":true,\"analyzed\":true}','local',297392,'LbjNmWFsMxe2VHrZgmgd8w==','2021-05-21 15:03:46'),(314,'5k5odkr85ehikf36el55mc2nvgbj','1621609426377232.jpg','image/jpeg','{\"identified\":true,\"analyzed\":true}','local',379043,'ADeLA5zSk/GkDHbv+XPMRQ==','2021-05-21 15:03:46'),(315,'myc1bkut2dc4cq1s6ocbjekgs7tg','1621609426386676.jpg','image/jpeg','{\"identified\":true,\"analyzed\":true}','local',406426,'eL8w596In6jt1Jwk4acaTQ==','2021-05-21 15:03:46');
/*!40000 ALTER TABLE `active_storage_blobs` ENABLE KEYS */;
UNLOCK TABLES;

--
-- Table structure for table `active_storage_variant_records`
--

DROP TABLE IF EXISTS `active_storage_variant_records`;
/*!40101 SET @saved_cs_client     = @@character_set_client */;
/*!40101 SET character_set_client = utf8 */;
CREATE TABLE `active_storage_variant_records` (
  `id` bigint(20) NOT NULL AUTO_INCREMENT,
  `blob_id` bigint(20) NOT NULL,
  `variation_digest` varchar(255) NOT NULL,
  PRIMARY KEY (`id`),
  UNIQUE KEY `index_active_storage_variant_records_uniqueness` (`blob_id`,`variation_digest`),
  CONSTRAINT `fk_rails_993965df05` FOREIGN KEY (`blob_id`) REFERENCES `active_storage_blobs` (`id`)
) ENGINE=InnoDB DEFAULT CHARSET=utf8mb4;
/*!40101 SET character_set_client = @saved_cs_client */;

--
-- Dumping data for table `active_storage_variant_records`
--

LOCK TABLES `active_storage_variant_records` WRITE;
/*!40000 ALTER TABLE `active_storage_variant_records` DISABLE KEYS */;
/*!40000 ALTER TABLE `active_storage_variant_records` ENABLE KEYS */;
UNLOCK TABLES;

--
-- Table structure for table `ar_internal_metadata`
--

DROP TABLE IF EXISTS `ar_internal_metadata`;
/*!40101 SET @saved_cs_client     = @@character_set_client */;
/*!40101 SET character_set_client = utf8 */;
CREATE TABLE `ar_internal_metadata` (
  `key` varchar(255) NOT NULL,
  `value` varchar(255) DEFAULT NULL,
  `created_at` datetime(6) NOT NULL,
  `updated_at` datetime(6) NOT NULL,
  PRIMARY KEY (`key`)
) ENGINE=InnoDB DEFAULT CHARSET=utf8mb4;
/*!40101 SET character_set_client = @saved_cs_client */;

--
-- Dumping data for table `ar_internal_metadata`
--

LOCK TABLES `ar_internal_metadata` WRITE;
/*!40000 ALTER TABLE `ar_internal_metadata` DISABLE KEYS */;
INSERT INTO `ar_internal_metadata` VALUES ('environment','development','2021-05-17 13:40:57.519675','2021-05-17 13:40:57.519675');
/*!40000 ALTER TABLE `ar_internal_metadata` ENABLE KEYS */;
UNLOCK TABLES;

--
-- Table structure for table `dataset_positions`
--

DROP TABLE IF EXISTS `dataset_positions`;
/*!40101 SET @saved_cs_client     = @@character_set_client */;
/*!40101 SET character_set_client = utf8 */;
CREATE TABLE `dataset_positions` (
  `id` bigint(20) NOT NULL AUTO_INCREMENT,
  `dataset_id` bigint(20) NOT NULL,
  `x` int(11) NOT NULL,
  `y` int(11) NOT NULL,
  `width` int(11) NOT NULL,
  `height` int(11) NOT NULL,
  `created_at` datetime(6) NOT NULL,
  `updated_at` datetime(6) NOT NULL,
  PRIMARY KEY (`id`),
  KEY `index_dataset_positions_on_dataset_id` (`dataset_id`)
) ENGINE=InnoDB AUTO_INCREMENT=526 DEFAULT CHARSET=utf8mb4;
/*!40101 SET character_set_client = @saved_cs_client */;

--
-- Dumping data for table `dataset_positions`
--

LOCK TABLES `dataset_positions` WRITE;
/*!40000 ALTER TABLE `dataset_positions` DISABLE KEYS */;
INSERT INTO `dataset_positions` VALUES (19,71,504,17,83,104,'2021-05-19 14:01:54.776977','2021-05-19 15:06:43.415488'),(20,71,593,17,92,102,'2021-05-19 14:01:54.804799','2021-05-19 15:06:43.429171'),(21,71,692,17,88,103,'2021-05-19 14:01:54.805600','2021-05-19 15:06:43.432238'),(22,71,786,17,92,102,'2021-05-19 14:01:54.807178','2021-05-19 15:06:43.435089'),(23,71,1276,33,73,70,'2021-05-19 14:01:54.807864','2021-05-19 15:06:43.437681'),(24,71,1204,30,62,80,'2021-05-19 14:01:54.808657','2021-05-19 15:06:43.440687'),(25,71,1124,32,74,80,'2021-05-19 14:01:54.809353','2021-05-19 15:06:43.442615'),(26,71,1051,31,65,77,'2021-05-19 14:01:54.810297','2021-05-19 15:06:43.444774'),(48,17,489,11,101,102,'2021-05-19 14:24:13.345038','2021-05-19 14:24:13.345038'),(49,17,689,16,94,104,'2021-05-19 14:24:13.357225','2021-05-19 14:24:13.357225'),(50,17,795,14,83,106,'2021-05-19 14:24:13.359461','2021-05-19 14:24:13.359461'),(51,17,1045,31,79,79,'2021-05-19 14:24:13.361802','2021-05-19 14:24:13.361802'),(52,17,1129,30,68,76,'2021-05-19 14:24:13.363733','2021-05-19 14:24:13.363733'),(53,17,1204,30,67,79,'2021-05-19 14:24:13.366474','2021-05-19 14:24:13.366474'),(55,18,594,23,86,95,'2021-05-19 14:59:51.254581','2021-05-19 14:59:51.254581'),(56,18,499,22,89,93,'2021-05-19 14:59:51.259529','2021-05-19 14:59:51.259529'),(57,18,689,23,92,95,'2021-05-19 14:59:51.262214','2021-05-19 14:59:51.262214'),(58,18,785,24,91,91,'2021-05-19 14:59:51.275988','2021-05-19 14:59:51.275988'),(59,18,1046,27,75,84,'2021-05-19 14:59:51.300312','2021-05-19 14:59:51.300312'),(60,18,1128,27,67,79,'2021-05-19 14:59:51.303146','2021-05-19 14:59:51.303146'),(61,18,1275,28,71,79,'2021-05-19 14:59:51.305782','2021-05-19 14:59:51.305782'),(67,70,630,23,84,88,'2021-05-19 15:07:49.043443','2021-05-19 15:07:49.043443'),(68,70,1044,26,87,90,'2021-05-19 15:07:49.048991','2021-05-19 15:07:49.048991'),(69,70,1138,25,78,91,'2021-05-19 15:07:49.050668','2021-05-19 15:07:49.050668'),(70,70,1232,25,75,93,'2021-05-19 15:07:49.052341','2021-05-19 15:07:49.052341'),(71,70,1316,23,83,91,'2021-05-19 15:07:49.053736','2021-05-19 15:07:49.053736'),(72,19,501,19,86,97,'2021-05-19 15:10:26.302815','2021-05-19 15:10:26.302815'),(73,19,597,20,88,95,'2021-05-19 15:10:26.306384','2021-05-19 15:10:26.306384'),(74,19,692,21,89,89,'2021-05-19 15:10:26.311232','2021-05-19 15:10:26.311232'),(75,19,788,23,94,99,'2021-05-19 15:10:26.314139','2021-05-19 15:10:26.314139'),(76,19,1047,25,71,81,'2021-05-19 15:10:26.316379','2021-05-19 15:10:26.316379'),(77,19,1123,25,73,82,'2021-05-19 15:10:26.318790','2021-05-19 15:10:26.318790'),(78,19,1276,26,72,84,'2021-05-19 15:10:26.320959','2021-05-19 15:10:26.320959'),(80,20,497,22,94,92,'2021-05-19 15:11:14.500460','2021-05-19 15:11:14.500460'),(81,20,600,23,79,90,'2021-05-19 15:11:14.503886','2021-05-19 15:11:14.503886'),(82,20,693,22,89,92,'2021-05-19 15:11:14.506474','2021-05-19 15:11:14.506474'),(83,20,791,23,91,95,'2021-05-19 15:11:14.510273','2021-05-19 15:11:14.510273'),(84,20,1046,30,77,77,'2021-05-19 15:11:14.513414','2021-05-19 15:11:14.513414'),(85,20,1276,29,72,79,'2021-05-19 15:11:14.515853','2021-05-19 15:11:14.515853'),(86,21,499,19,88,95,'2021-05-20 11:52:44.097965','2021-05-20 11:52:44.097965'),(87,21,596,19,86,94,'2021-05-20 11:52:44.099125','2021-05-20 11:52:44.099125'),(88,21,693,18,83,98,'2021-05-20 11:52:44.099977','2021-05-20 11:52:44.099977'),(89,21,784,18,94,96,'2021-05-20 11:52:44.100645','2021-05-20 11:52:44.100645'),(90,21,1045,28,78,81,'2021-05-20 11:52:44.101304','2021-05-20 11:52:44.101304'),(91,21,1274,24,74,88,'2021-05-20 11:52:44.102273','2021-05-20 11:52:44.102273'),(92,23,530,23,86,87,'2021-05-20 11:53:18.398718','2021-05-20 11:53:18.398718'),(93,23,622,24,76,84,'2021-05-20 11:53:18.401225','2021-05-20 11:53:18.401225'),(94,23,704,22,82,89,'2021-05-20 11:53:18.403916','2021-05-20 11:53:18.403916'),(95,23,791,23,84,89,'2021-05-20 11:53:18.407285','2021-05-20 11:53:18.407285'),(96,23,1044,25,79,88,'2021-05-20 11:53:18.409557','2021-05-20 11:53:18.409557'),(97,23,1132,25,82,88,'2021-05-20 11:53:18.411985','2021-05-20 11:53:18.411985'),(98,23,1219,27,76,87,'2021-05-20 11:53:18.414298','2021-05-20 11:53:18.414298'),(99,23,1301,29,82,83,'2021-05-20 11:53:18.416003','2021-05-20 11:53:18.416003'),(100,24,618,25,82,86,'2021-05-20 11:53:38.817596','2021-05-20 11:53:38.817596'),(101,24,1135,27,75,84,'2021-05-20 11:53:38.819954','2021-05-20 11:53:38.819954'),(102,24,1219,28,80,85,'2021-05-20 11:53:38.822084','2021-05-20 11:53:38.822084'),(103,25,618,23,84,91,'2021-05-20 13:58:54.113186','2021-05-20 13:58:54.113186'),(104,25,1130,23,85,97,'2021-05-20 13:58:54.125083','2021-05-20 13:58:54.125083'),(106,25,1220,23,75,90,'2021-05-20 13:58:54.129058','2021-05-20 13:58:54.129058'),(108,35,573,31,64,77,'2021-05-20 13:59:30.804989','2021-05-20 13:59:30.804989'),(109,35,643,32,75,78,'2021-05-20 13:59:30.809492','2021-05-20 13:59:30.809492'),(110,35,725,31,68,74,'2021-05-20 13:59:30.813832','2021-05-20 13:59:30.813832'),(111,35,800,32,69,75,'2021-05-20 13:59:30.817526','2021-05-20 13:59:30.817526'),(112,35,1041,23,86,90,'2021-05-20 13:59:30.819797','2021-05-20 13:59:30.819797'),(113,35,1233,23,88,93,'2021-05-20 13:59:30.821613','2021-05-20 13:59:30.821613'),(114,35,1328,26,94,91,'2021-05-20 13:59:30.824950','2021-05-20 13:59:30.824950'),(115,36,568,28,75,80,'2021-05-20 14:00:00.605729','2021-05-20 14:00:00.605729'),(116,36,648,28,69,77,'2021-05-20 14:00:00.612954','2021-05-20 14:00:00.612954'),(117,36,722,30,70,73,'2021-05-20 14:00:00.615980','2021-05-20 14:00:00.615980'),(118,36,797,29,70,77,'2021-05-20 14:00:00.618785','2021-05-20 14:00:00.618785'),(119,36,1046,22,84,93,'2021-05-20 14:00:00.621576','2021-05-20 14:00:00.621576'),(120,36,1236,26,83,88,'2021-05-20 14:00:00.625858','2021-05-20 14:00:00.625858'),(121,36,1327,25,96,95,'2021-05-20 14:00:00.628653','2021-05-20 14:00:00.628653'),(122,37,573,23,66,83,'2021-05-20 14:05:16.885515','2021-05-20 14:05:16.885515'),(123,37,647,25,70,83,'2021-05-20 14:05:16.887390','2021-05-20 14:05:16.887390'),(124,37,725,25,64,83,'2021-05-20 14:05:16.889873','2021-05-20 14:05:16.889873'),(125,37,799,28,70,80,'2021-05-20 14:05:16.892421','2021-05-20 14:05:16.892421'),(126,37,1036,17,98,103,'2021-05-20 14:05:16.896369','2021-05-20 14:05:16.896369'),(127,37,1329,24,94,96,'2021-05-20 14:05:16.899435','2021-05-20 14:05:16.899435'),(128,37,1236,23,85,93,'2021-05-20 14:05:16.901992','2021-05-20 14:05:16.901992'),(129,69,496,18,88,97,'2021-05-20 14:05:44.506632','2021-05-20 14:05:44.506632'),(130,69,594,21,85,92,'2021-05-20 14:05:44.509130','2021-05-20 14:05:44.509130'),(131,69,691,22,84,94,'2021-05-20 14:05:44.512440','2021-05-20 14:05:44.512440'),(132,69,787,23,90,93,'2021-05-20 14:05:44.516057','2021-05-20 14:05:44.516057'),(133,69,1204,31,68,76,'2021-05-20 14:05:44.518165','2021-05-20 14:05:44.518165'),(134,68,495,19,86,95,'2021-05-20 14:06:15.968004','2021-05-20 14:06:15.968004'),(135,68,597,20,82,97,'2021-05-20 14:06:15.993852','2021-05-20 14:06:15.993852'),(136,68,695,19,81,97,'2021-05-20 14:06:15.996998','2021-05-20 14:06:15.996998'),(137,68,792,19,84,96,'2021-05-20 14:06:15.999577','2021-05-20 14:06:15.999577'),(138,68,1049,27,67,81,'2021-05-20 14:06:16.001373','2021-05-20 14:06:16.001373'),(139,68,1127,29,69,78,'2021-05-20 14:06:16.003686','2021-05-20 14:06:16.003686'),(140,68,1276,29,74,83,'2021-05-20 14:06:16.006569','2021-05-20 14:06:16.006569'),(141,67,539,23,76,90,'2021-05-20 14:06:44.267222','2021-05-20 14:06:44.267222'),(142,67,707,22,79,90,'2021-05-20 14:06:44.269876','2021-05-20 14:06:44.269876'),(143,67,794,24,75,87,'2021-05-20 14:06:44.274242','2021-05-20 14:06:44.274242'),(144,67,1046,24,80,86,'2021-05-20 14:06:44.278231','2021-05-20 14:06:44.278231'),(145,67,1223,19,76,92,'2021-05-20 14:06:44.280780','2021-05-20 14:06:44.280780'),(146,67,1306,20,76,94,'2021-05-20 14:06:44.283094','2021-05-20 14:06:44.283094'),(147,62,530,23,81,88,'2021-05-20 14:09:14.643153','2021-05-20 14:09:14.643153'),(148,62,622,23,76,90,'2021-05-20 14:09:14.646972','2021-05-20 14:09:14.646972'),(149,62,706,26,76,82,'2021-05-20 14:09:14.649858','2021-05-20 14:09:14.649858'),(150,62,789,26,83,86,'2021-05-20 14:09:14.652010','2021-05-20 14:09:14.652010'),(151,62,1044,28,82,81,'2021-05-20 14:09:14.654372','2021-05-20 14:09:14.654372'),(152,26,513,25,86,90,'2021-05-20 14:09:53.651114','2021-05-20 14:09:53.651114'),(153,26,606,24,85,86,'2021-05-20 14:09:53.653853','2021-05-20 14:09:53.653853'),(154,26,698,22,85,89,'2021-05-20 14:09:53.656710','2021-05-20 14:09:53.656710'),(155,26,789,20,85,96,'2021-05-20 14:09:53.659731','2021-05-20 14:09:53.659731'),(156,26,1048,23,74,85,'2021-05-20 14:09:53.662748','2021-05-20 14:09:53.662748'),(157,26,1129,29,74,73,'2021-05-20 14:09:53.665733','2021-05-20 14:09:53.665733'),(158,26,1211,29,71,81,'2021-05-20 14:09:53.668396','2021-05-20 14:09:53.668396'),(159,26,1288,31,75,79,'2021-05-20 14:09:53.670092','2021-05-20 14:09:53.670092'),(160,51,558,24,68,84,'2021-05-20 14:10:18.706552','2021-05-20 14:10:18.706552'),(161,51,715,27,71,79,'2021-05-20 14:10:18.709007','2021-05-20 14:10:18.709007'),(162,51,795,23,76,83,'2021-05-20 14:10:18.713963','2021-05-20 14:10:18.713963'),(163,51,1044,24,77,92,'2021-05-20 14:10:18.716893','2021-05-20 14:10:18.716893'),(164,51,1228,23,81,88,'2021-05-20 14:10:18.718867','2021-05-20 14:10:18.718867'),(165,51,1317,25,86,93,'2021-05-20 14:10:18.721417','2021-05-20 14:10:18.721417'),(166,33,497,22,89,97,'2021-05-20 14:10:45.965746','2021-05-20 14:10:45.965746'),(167,33,595,23,90,95,'2021-05-20 14:10:45.968611','2021-05-20 14:10:45.968611'),(168,33,693,22,85,96,'2021-05-20 14:10:45.970904','2021-05-20 14:10:45.970904'),(169,33,786,22,92,97,'2021-05-20 14:10:45.973709','2021-05-20 14:10:45.973709'),(170,33,1048,34,75,75,'2021-05-20 14:10:45.975931','2021-05-20 14:10:45.975931'),(171,33,1129,33,64,72,'2021-05-20 14:10:45.978852','2021-05-20 14:10:45.978852'),(172,33,1270,36,82,72,'2021-05-20 14:10:45.981480','2021-05-20 14:10:45.981480'),(173,66,500,23,85,91,'2021-05-20 14:11:05.200705','2021-05-20 14:11:05.200705'),(174,66,597,20,87,96,'2021-05-20 14:11:05.203841','2021-05-20 14:11:05.203841'),(175,66,694,23,82,93,'2021-05-20 14:11:05.205576','2021-05-20 14:11:05.205576'),(176,65,515,23,88,88,'2021-05-20 14:11:30.675190','2021-05-20 14:11:30.675190'),(177,65,610,24,83,87,'2021-05-20 14:11:30.678321','2021-05-20 14:11:30.678321'),(178,65,701,25,79,91,'2021-05-20 14:11:30.681326','2021-05-20 14:11:30.681326'),(179,65,790,21,84,93,'2021-05-20 14:11:30.684473','2021-05-20 14:11:30.684473'),(180,65,1135,28,65,81,'2021-05-20 14:11:30.687382','2021-05-20 14:11:30.687382'),(181,65,1291,28,73,84,'2021-05-20 14:11:30.689326','2021-05-20 14:11:30.689326'),(182,64,536,27,75,83,'2021-05-20 14:11:56.949550','2021-05-20 14:11:56.949550'),(183,64,618,28,83,83,'2021-05-20 14:11:56.951896','2021-05-20 14:11:56.951896'),(184,64,1137,28,69,85,'2021-05-20 14:11:56.953880','2021-05-20 14:11:56.953880'),(185,64,1214,27,82,83,'2021-05-20 14:11:56.956019','2021-05-20 14:11:56.956019'),(186,64,709,27,76,84,'2021-05-20 14:11:56.957878','2021-05-20 14:11:56.957878'),(187,58,501,17,86,99,'2021-05-20 14:12:26.577478','2021-05-20 14:12:26.577478'),(188,58,590,17,87,99,'2021-05-20 14:12:26.581355','2021-05-20 14:12:26.581355'),(189,58,693,16,89,106,'2021-05-20 14:12:26.583984','2021-05-20 14:12:26.583984'),(190,58,789,16,87,101,'2021-05-20 14:12:26.587202','2021-05-20 14:12:26.587202'),(191,58,1046,26,74,81,'2021-05-20 14:12:26.589833','2021-05-20 14:12:26.589833'),(192,58,1195,32,77,75,'2021-05-20 14:12:26.592065','2021-05-20 14:12:26.592065'),(193,58,1277,30,72,82,'2021-05-20 14:12:26.594809','2021-05-20 14:12:26.594809'),(194,22,496,22,92,94,'2021-05-20 14:12:51.634515','2021-05-20 14:12:51.634515'),(195,22,599,21,85,95,'2021-05-20 14:12:51.637319','2021-05-20 14:12:51.637319'),(196,22,693,23,90,93,'2021-05-20 14:12:51.639554','2021-05-20 14:12:51.639554'),(197,22,792,23,91,91,'2021-05-20 14:12:51.642055','2021-05-20 14:12:51.642055'),(198,22,1052,29,71,82,'2021-05-20 14:12:51.645951','2021-05-20 14:12:51.645951'),(199,22,1277,27,71,82,'2021-05-20 14:12:51.648740','2021-05-20 14:12:51.648740'),(200,27,531,28,87,85,'2021-05-21 11:29:07.380214','2021-05-21 11:29:07.380214'),(201,27,627,28,73,84,'2021-05-21 11:29:07.383428','2021-05-21 11:29:07.383428'),(202,27,708,28,74,84,'2021-05-21 11:29:07.386852','2021-05-21 11:29:07.386852'),(203,27,1050,25,77,85,'2021-05-21 11:29:07.388677','2021-05-21 11:29:07.388677'),(204,27,1219,22,79,90,'2021-05-21 11:29:07.390263','2021-05-21 11:29:07.390263'),(205,27,1307,21,75,90,'2021-05-21 11:29:07.391999','2021-05-21 11:29:07.391999'),(206,28,619,27,82,86,'2021-05-21 11:42:35.483478','2021-05-21 11:42:35.483478'),(207,28,710,27,73,85,'2021-05-21 11:42:35.486183','2021-05-21 11:42:35.486183'),(208,28,789,28,86,87,'2021-05-21 11:42:35.489477','2021-05-21 11:42:35.489477'),(209,28,1044,25,82,88,'2021-05-21 11:42:35.491751','2021-05-21 11:42:35.491751'),(210,28,1136,27,72,85,'2021-05-21 11:42:35.493847','2021-05-21 11:42:35.493847'),(211,28,1309,25,75,84,'2021-05-21 11:42:35.496500','2021-05-21 11:42:35.496500'),(212,29,533,27,78,86,'2021-05-21 11:43:26.809959','2021-05-21 11:43:26.809959'),(213,29,624,26,75,87,'2021-05-21 11:43:26.813335','2021-05-21 11:43:26.813335'),(214,29,709,28,78,87,'2021-05-21 11:43:26.815826','2021-05-21 11:43:26.815826'),(215,29,796,29,74,80,'2021-05-21 11:43:26.819943','2021-05-21 11:43:26.819943'),(216,29,1046,25,81,87,'2021-05-21 11:43:26.824003','2021-05-21 11:43:26.824003'),(217,29,1135,26,76,86,'2021-05-21 11:43:26.826833','2021-05-21 11:43:26.826833'),(218,29,1219,27,79,83,'2021-05-21 11:43:26.830406','2021-05-21 11:43:26.830406'),(219,29,1306,27,74,83,'2021-05-21 11:43:26.833587','2021-05-21 11:43:26.833587'),(220,30,533,26,84,82,'2021-05-21 11:44:04.942521','2021-05-21 11:44:04.942521'),(221,30,624,27,75,85,'2021-05-21 11:44:04.945121','2021-05-21 11:44:04.945121'),(222,30,708,26,74,85,'2021-05-21 11:44:04.948252','2021-05-21 11:44:04.948252'),(223,30,789,26,88,84,'2021-05-21 11:44:04.951629','2021-05-21 11:44:04.951629'),(224,30,1045,25,77,87,'2021-05-21 11:44:04.953981','2021-05-21 11:44:04.953981'),(225,30,1131,29,81,84,'2021-05-21 11:44:04.956601','2021-05-21 11:44:04.956601'),(226,30,1219,30,76,80,'2021-05-21 11:44:04.959620','2021-05-21 11:44:04.959620'),(227,30,1302,31,84,82,'2021-05-21 11:44:04.962635','2021-05-21 11:44:04.962635'),(228,31,496,18,88,98,'2021-05-21 11:44:47.535897','2021-05-21 11:44:47.535897'),(229,31,597,18,86,96,'2021-05-21 11:44:47.538633','2021-05-21 11:44:47.538633'),(230,31,1046,29,72,79,'2021-05-21 11:44:47.540851','2021-05-21 11:44:47.540851'),(231,31,1127,35,71,75,'2021-05-21 11:44:47.542811','2021-05-21 11:44:47.542811'),(232,31,1203,27,68,80,'2021-05-21 11:44:47.545389','2021-05-21 11:44:47.545389'),(233,31,1277,34,74,74,'2021-05-21 11:44:47.548778','2021-05-21 11:44:47.548778'),(234,32,503,24,87,89,'2021-05-21 11:45:29.346525','2021-05-21 11:45:29.346525'),(235,32,598,23,88,92,'2021-05-21 11:45:29.351924','2021-05-21 11:45:29.351924'),(236,32,694,22,84,93,'2021-05-21 11:45:29.354452','2021-05-21 11:45:29.354452'),(237,32,790,23,86,94,'2021-05-21 11:45:29.357469','2021-05-21 11:45:29.357469'),(238,32,1048,32,72,75,'2021-05-21 11:45:29.360260','2021-05-21 11:45:29.360260'),(239,32,1129,33,73,75,'2021-05-21 11:45:29.363007','2021-05-21 11:45:29.363007'),(240,32,1209,33,68,72,'2021-05-21 11:45:29.365815','2021-05-21 11:45:29.365815'),(241,32,1284,34,72,74,'2021-05-21 11:45:29.368492','2021-05-21 11:45:29.368492'),(242,34,652,32,65,72,'2021-05-21 11:46:42.833138','2021-05-21 11:46:42.833138'),(243,34,569,31,71,76,'2021-05-21 11:46:42.836085','2021-05-21 11:46:42.836085'),(244,34,722,31,71,78,'2021-05-21 11:46:42.839010','2021-05-21 11:46:42.839010'),(245,34,802,31,69,76,'2021-05-21 11:46:42.842191','2021-05-21 11:46:42.842191'),(246,34,1041,25,86,89,'2021-05-21 11:46:42.845182','2021-05-21 11:46:42.845182'),(247,34,1235,22,87,91,'2021-05-21 11:46:42.849306','2021-05-21 11:46:42.849306'),(248,34,1334,22,88,95,'2021-05-21 11:46:42.851600','2021-05-21 11:46:42.851600'),(249,38,571,29,70,79,'2021-05-21 11:47:14.302176','2021-05-21 11:47:14.302176'),(250,38,648,32,69,73,'2021-05-21 11:47:14.306176','2021-05-21 11:47:14.306176'),(251,38,725,31,66,74,'2021-05-21 11:47:14.309322','2021-05-21 11:47:14.309322'),(252,38,800,32,68,73,'2021-05-21 11:47:14.313154','2021-05-21 11:47:14.313154'),(253,38,1044,21,87,94,'2021-05-21 11:47:14.317191','2021-05-21 11:47:14.317191'),(254,38,1236,23,86,94,'2021-05-21 11:47:14.319784','2021-05-21 11:47:14.319784'),(255,38,1332,26,88,93,'2021-05-21 11:47:14.322191','2021-05-21 11:47:14.322191'),(256,39,537,27,75,86,'2021-05-21 11:47:46.336614','2021-05-21 11:47:46.336614'),(257,39,621,31,82,81,'2021-05-21 11:47:46.341035','2021-05-21 11:47:46.341035'),(258,39,711,30,71,83,'2021-05-21 11:47:46.343670','2021-05-21 11:47:46.343670'),(259,39,795,29,77,83,'2021-05-21 11:47:46.346837','2021-05-21 11:47:46.346837'),(260,39,1135,25,76,86,'2021-05-21 11:47:46.350274','2021-05-21 11:47:46.350274'),(261,39,1222,27,77,87,'2021-05-21 11:47:46.352860','2021-05-21 11:47:46.352860'),(262,39,1307,31,80,82,'2021-05-21 11:47:46.355023','2021-05-21 11:47:46.355023'),(263,40,516,23,86,94,'2021-05-21 11:48:22.998908','2021-05-21 11:48:22.998908'),(264,40,609,27,84,87,'2021-05-21 11:48:23.002315','2021-05-21 11:48:23.002315'),(265,40,704,28,76,86,'2021-05-21 11:48:23.006295','2021-05-21 11:48:23.006295'),(266,40,794,30,77,82,'2021-05-21 11:48:23.009250','2021-05-21 11:48:23.009250'),(267,40,1129,29,72,83,'2021-05-21 11:48:23.011825','2021-05-21 11:48:23.011825'),(268,40,1212,30,74,84,'2021-05-21 11:48:23.015322','2021-05-21 11:48:23.015322'),(269,40,1292,31,74,80,'2021-05-21 11:48:23.018843','2021-05-21 11:48:23.018843'),(270,41,515,24,85,91,'2021-05-21 11:48:58.916320','2021-05-21 11:48:58.916320'),(271,41,609,29,84,87,'2021-05-21 11:48:58.919270','2021-05-21 11:48:58.919270'),(272,41,702,27,79,85,'2021-05-21 11:48:58.925494','2021-05-21 11:48:58.925494'),(273,41,789,26,87,87,'2021-05-21 11:48:58.928360','2021-05-21 11:48:58.928360'),(274,41,1126,30,77,83,'2021-05-21 11:48:58.931226','2021-05-21 11:48:58.931226'),(275,41,1211,31,72,82,'2021-05-21 11:48:58.933854','2021-05-21 11:48:58.933854'),(276,41,1294,29,73,85,'2021-05-21 11:48:58.935960','2021-05-21 11:48:58.935960'),(282,42,497,22,86,94,'2021-05-21 11:51:34.037734','2021-05-21 11:51:34.037734'),(283,42,595,21,88,95,'2021-05-21 11:51:34.039485','2021-05-21 11:51:34.039485'),(284,42,1120,34,76,74,'2021-05-21 11:51:34.041390','2021-05-21 11:51:34.041390'),(285,42,1204,31,63,76,'2021-05-21 11:51:34.042963','2021-05-21 11:51:34.042963'),(286,42,1276,34,77,78,'2021-05-21 11:51:34.044923','2021-05-21 11:51:34.044923'),(287,43,516,25,82,88,'2021-05-21 11:52:00.965734','2021-05-21 11:52:00.965734'),(288,43,607,29,85,86,'2021-05-21 11:52:00.968998','2021-05-21 11:52:00.968998'),(289,43,705,28,76,86,'2021-05-21 11:52:00.971811','2021-05-21 11:52:00.971811'),(290,43,793,27,80,85,'2021-05-21 11:52:00.974457','2021-05-21 11:52:00.974457'),(291,43,1132,34,69,75,'2021-05-21 11:52:00.977713','2021-05-21 11:52:00.977713'),(292,43,1212,32,76,78,'2021-05-21 11:52:00.981676','2021-05-21 11:52:00.981676'),(293,44,543,27,69,84,'2021-05-21 11:52:23.463415','2021-05-21 11:52:23.463415'),(294,44,622,30,81,87,'2021-05-21 11:52:23.466799','2021-05-21 11:52:23.466799'),(295,44,708,29,77,84,'2021-05-21 11:52:23.470502','2021-05-21 11:52:23.470502'),(296,44,797,28,76,87,'2021-05-21 11:52:23.473686','2021-05-21 11:52:23.473686'),(297,44,1131,26,83,86,'2021-05-21 11:52:23.476079','2021-05-21 11:52:23.476079'),(298,44,1221,28,79,84,'2021-05-21 11:52:23.478841','2021-05-21 11:52:23.478841'),(299,45,535,28,78,82,'2021-05-21 11:52:46.472546','2021-05-21 11:52:46.472546'),(300,45,622,30,80,82,'2021-05-21 11:52:46.477870','2021-05-21 11:52:46.477870'),(301,45,708,27,80,83,'2021-05-21 11:52:46.480949','2021-05-21 11:52:46.480949'),(302,45,795,30,76,79,'2021-05-21 11:52:46.483813','2021-05-21 11:52:46.483813'),(303,45,1132,23,78,91,'2021-05-21 11:52:46.486157','2021-05-21 11:52:46.486157'),(304,45,1218,26,83,88,'2021-05-21 11:52:46.487952','2021-05-21 11:52:46.487952'),(305,46,535,32,78,79,'2021-05-21 11:53:12.400129','2021-05-21 11:53:12.400129'),(306,46,617,36,82,76,'2021-05-21 11:53:12.403141','2021-05-21 11:53:12.403141'),(307,46,710,25,74,86,'2021-05-21 11:53:12.405855','2021-05-21 11:53:12.405855'),(308,46,798,25,72,90,'2021-05-21 11:53:12.408126','2021-05-21 11:53:12.408126'),(309,46,1132,25,75,85,'2021-05-21 11:53:12.411620','2021-05-21 11:53:12.411620'),(310,46,1219,32,82,80,'2021-05-21 11:53:12.414611','2021-05-21 11:53:12.414611'),(311,47,534,28,77,83,'2021-05-21 11:53:38.083757','2021-05-21 11:53:38.083757'),(312,47,622,27,79,85,'2021-05-21 11:53:38.086173','2021-05-21 11:53:38.086173'),(313,47,713,27,70,82,'2021-05-21 11:53:38.088876','2021-05-21 11:53:38.088876'),(314,47,795,21,80,88,'2021-05-21 11:53:38.093035','2021-05-21 11:53:38.093035'),(315,47,1050,27,76,84,'2021-05-21 11:53:38.096938','2021-05-21 11:53:38.096938'),(316,47,1135,25,73,85,'2021-05-21 11:53:38.100422','2021-05-21 11:53:38.100422'),(317,47,1220,27,74,83,'2021-05-21 11:53:38.103521','2021-05-21 11:53:38.103521'),(318,47,1303,25,78,85,'2021-05-21 11:53:38.105389','2021-05-21 11:53:38.105389'),(319,48,573,31,67,74,'2021-05-21 11:54:05.335744','2021-05-21 11:54:05.335744'),(320,48,727,28,65,80,'2021-05-21 11:54:05.338105','2021-05-21 11:54:05.338105'),(321,48,799,30,66,77,'2021-05-21 11:54:05.340538','2021-05-21 11:54:05.340538'),(322,48,1045,23,86,91,'2021-05-21 11:54:05.343635','2021-05-21 11:54:05.343635'),(323,48,1140,24,83,91,'2021-05-21 11:54:05.347582','2021-05-21 11:54:05.347582'),(324,48,1232,20,90,95,'2021-05-21 11:54:05.350560','2021-05-21 11:54:05.350560'),(325,48,1331,24,89,93,'2021-05-21 11:54:05.352896','2021-05-21 11:54:05.352896'),(326,49,532,29,81,81,'2021-05-21 12:28:54.011056','2021-05-21 12:28:54.011056'),(327,49,619,30,81,81,'2021-05-21 12:28:54.021631','2021-05-21 12:28:54.021631'),(328,49,710,28,79,79,'2021-05-21 12:28:54.022470','2021-05-21 12:28:54.022470'),(329,49,795,27,80,80,'2021-05-21 12:28:54.023743','2021-05-21 12:28:54.023743'),(330,49,1044,27,80,80,'2021-05-21 12:28:54.024842','2021-05-21 12:28:54.024842'),(331,49,1130,26,86,86,'2021-05-21 12:28:54.025570','2021-05-21 12:28:54.025570'),(332,1,790,18,96,95,'2021-05-21 12:33:14.181280','2021-05-21 12:33:14.181280'),(333,1,598,18,82,97,'2021-05-21 12:33:14.183894','2021-05-21 12:33:14.183894'),(334,1,1045,23,78,84,'2021-05-21 12:33:14.184639','2021-05-21 12:33:14.184639'),(335,1,1275,27,73,85,'2021-05-21 12:33:14.185335','2021-05-21 12:33:14.185335'),(336,1,689,20,92,99,'2021-05-21 12:33:14.186514','2021-05-21 12:33:14.186514'),(338,1,498,16,93,101,'2021-05-21 12:33:14.194022','2021-05-21 12:33:14.194022'),(339,50,569,33,72,72,'2021-05-21 12:47:56.644471','2021-05-21 12:47:56.644471'),(340,50,647,31,76,76,'2021-05-21 12:47:56.650848','2021-05-21 12:47:56.650848'),(341,50,725,33,71,71,'2021-05-21 12:47:56.651661','2021-05-21 12:47:56.651661'),(342,50,800,31,76,76,'2021-05-21 12:47:56.652273','2021-05-21 12:47:56.652273'),(343,50,1038,22,93,93,'2021-05-21 12:47:56.653021','2021-05-21 12:47:56.653021'),(344,50,1141,24,88,88,'2021-05-21 12:47:56.653570','2021-05-21 12:47:56.653570'),(345,50,1236,23,91,91,'2021-05-21 12:47:56.654300','2021-05-21 12:47:56.654300'),(346,50,1335,25,89,89,'2021-05-21 12:47:56.654827','2021-05-21 12:47:56.654827'),(347,52,489,24,96,96,'2021-05-21 12:48:34.849923','2021-05-21 12:48:34.849923'),(348,52,594,22,97,97,'2021-05-21 12:48:34.873064','2021-05-21 12:48:34.873064'),(349,52,695,22,92,92,'2021-05-21 12:48:34.875108','2021-05-21 12:48:34.875108'),(350,52,1050,28,77,77,'2021-05-21 12:48:34.876846','2021-05-21 12:48:34.876846'),(351,52,1128,33,75,75,'2021-05-21 12:48:34.877748','2021-05-21 12:48:34.877748'),(352,52,1200,32,78,78,'2021-05-21 12:48:34.878701','2021-05-21 12:48:34.878701'),(353,52,1276,30,82,82,'2021-05-21 12:48:34.879265','2021-05-21 12:48:34.879265'),(354,53,529,33,81,81,'2021-05-21 12:49:04.237535','2021-05-21 12:49:04.237535'),(355,53,616,27,85,85,'2021-05-21 12:49:04.255799','2021-05-21 12:49:04.255799'),(356,53,707,29,82,82,'2021-05-21 12:49:04.257331','2021-05-21 12:49:04.257331'),(357,53,793,27,83,83,'2021-05-21 12:49:04.258835','2021-05-21 12:49:04.258835'),(358,53,1041,29,82,82,'2021-05-21 12:49:04.259891','2021-05-21 12:49:04.259891'),(359,53,1130,28,82,82,'2021-05-21 12:49:04.261030','2021-05-21 12:49:04.261030'),(360,53,1301,23,90,90,'2021-05-21 12:49:04.262391','2021-05-21 12:49:04.262391'),(362,54,505,24,94,94,'2021-05-21 12:49:41.937085','2021-05-21 12:49:41.937085'),(363,54,606,21,94,94,'2021-05-21 12:49:41.946035','2021-05-21 12:49:41.946035'),(364,54,786,24,93,93,'2021-05-21 12:49:41.947585','2021-05-21 12:49:41.947585'),(365,54,1045,33,77,77,'2021-05-21 12:49:41.949296','2021-05-21 12:49:41.949296'),(366,54,1129,30,79,79,'2021-05-21 12:49:41.950178','2021-05-21 12:49:41.950178'),(367,54,1288,30,80,80,'2021-05-21 12:49:41.951437','2021-05-21 12:49:41.951437'),(368,55,512,28,91,91,'2021-05-21 12:50:04.983504','2021-05-21 12:50:04.983504'),(369,55,608,29,83,83,'2021-05-21 12:50:05.001423','2021-05-21 12:50:05.001423'),(370,55,791,23,89,89,'2021-05-21 12:50:05.002441','2021-05-21 12:50:05.002441'),(371,55,1039,25,85,85,'2021-05-21 12:50:05.003024','2021-05-21 12:50:05.003024'),(372,55,1129,31,78,78,'2021-05-21 12:50:05.003589','2021-05-21 12:50:05.003589'),(373,55,1289,26,82,82,'2021-05-21 12:50:05.004426','2021-05-21 12:50:05.004426'),(374,56,491,23,96,96,'2021-05-21 12:50:34.663775','2021-05-21 12:50:34.663775'),(375,56,597,25,89,89,'2021-05-21 12:50:34.665714','2021-05-21 12:50:34.665714'),(376,56,784,22,95,95,'2021-05-21 12:50:34.667077','2021-05-21 12:50:34.667077'),(377,56,1045,30,78,78,'2021-05-21 12:50:34.669242','2021-05-21 12:50:34.669242'),(378,56,1127,32,75,75,'2021-05-21 12:50:34.670458','2021-05-21 12:50:34.670458'),(379,56,1272,28,82,82,'2021-05-21 12:50:34.672912','2021-05-21 12:50:34.672912'),(380,57,530,29,85,85,'2021-05-21 12:51:01.886804','2021-05-21 12:51:01.886804'),(381,57,622,31,78,78,'2021-05-21 12:51:01.888400','2021-05-21 12:51:01.888400'),(382,57,707,27,82,82,'2021-05-21 12:51:01.889867','2021-05-21 12:51:01.889867'),(383,57,797,30,82,82,'2021-05-21 12:51:01.891844','2021-05-21 12:51:01.891844'),(384,57,1044,27,85,85,'2021-05-21 12:51:01.897560','2021-05-21 12:51:01.897560'),(385,57,1134,29,80,80,'2021-05-21 12:51:01.899175','2021-05-21 12:51:01.899175'),(386,60,488,20,99,99,'2021-05-21 12:51:22.197914','2021-05-21 12:51:22.197914'),(387,60,785,20,97,97,'2021-05-21 12:51:22.219236','2021-05-21 12:51:22.219236'),(388,60,593,22,95,95,'2021-05-21 12:51:22.220020','2021-05-21 12:51:22.220020'),(389,60,1045,28,83,83,'2021-05-21 12:51:22.220745','2021-05-21 12:51:22.220745'),(390,60,1272,26,83,83,'2021-05-21 12:51:22.221320','2021-05-21 12:51:22.221320'),(391,61,491,24,95,95,'2021-05-21 12:51:39.429897','2021-05-21 12:51:39.429897'),(392,61,595,24,93,93,'2021-05-21 12:51:39.432267','2021-05-21 12:51:39.432267'),(393,61,786,20,96,96,'2021-05-21 12:51:39.435647','2021-05-21 12:51:39.435647'),(394,61,1043,32,78,78,'2021-05-21 12:51:39.437943','2021-05-21 12:51:39.437943'),(395,61,1270,30,81,81,'2021-05-21 12:51:39.439349','2021-05-21 12:51:39.439349'),(396,59,489,21,95,95,'2021-05-21 12:52:08.588744','2021-05-21 12:52:08.588744'),(397,59,594,19,95,95,'2021-05-21 12:52:08.590911','2021-05-21 12:52:08.590911'),(398,59,694,25,89,89,'2021-05-21 12:52:08.594898','2021-05-21 12:52:08.594898'),(399,59,788,23,94,94,'2021-05-21 12:52:08.596867','2021-05-21 12:52:08.596867'),(400,59,1047,27,83,83,'2021-05-21 12:52:08.598546','2021-05-21 12:52:08.598546'),(401,59,1196,30,81,81,'2021-05-21 12:52:08.601942','2021-05-21 12:52:08.601942'),(402,59,1278,33,72,72,'2021-05-21 12:52:08.603030','2021-05-21 12:52:08.603030'),(403,63,489,19,99,99,'2021-05-21 12:52:39.351768','2021-05-21 12:52:39.351768'),(404,63,592,27,93,93,'2021-05-21 12:52:39.375285','2021-05-21 12:52:39.375285'),(405,63,694,23,88,88,'2021-05-21 12:52:39.376908','2021-05-21 12:52:39.376908'),(406,63,788,20,97,97,'2021-05-21 12:52:39.377963','2021-05-21 12:52:39.377963'),(407,63,1117,28,82,82,'2021-05-21 12:52:39.379482','2021-05-21 12:52:39.379482'),(408,63,1203,35,71,71,'2021-05-21 12:52:39.380401','2021-05-21 12:52:39.380401'),(409,63,1277,31,75,75,'2021-05-21 12:52:39.381094','2021-05-21 12:52:39.381094'),(410,72,616,23,87,87,'2021-05-21 15:05:34.812670','2021-05-21 15:05:34.812670'),(411,72,708,27,84,84,'2021-05-21 15:05:34.816276','2021-05-21 15:05:34.816276'),(412,72,792,23,89,89,'2021-05-21 15:05:34.819226','2021-05-21 15:05:34.819226'),(413,72,1128,27,83,83,'2021-05-21 15:05:34.822241','2021-05-21 15:05:34.822241'),(414,72,1218,27,87,87,'2021-05-21 15:05:34.825953','2021-05-21 15:05:34.825953'),(415,73,532,28,83,83,'2021-05-21 15:06:02.543227','2021-05-21 15:06:02.543227'),(416,73,621,29,83,83,'2021-05-21 15:06:02.545752','2021-05-21 15:06:02.545752'),(417,73,794,27,82,82,'2021-05-21 15:06:02.548239','2021-05-21 15:06:02.548239'),(418,73,1044,24,88,88,'2021-05-21 15:06:02.552393','2021-05-21 15:06:02.552393'),(419,73,1131,30,87,87,'2021-05-21 15:06:02.555372','2021-05-21 15:06:02.555372'),(420,73,1218,28,86,86,'2021-05-21 15:06:02.557551','2021-05-21 15:06:02.557551'),(421,74,489,23,98,98,'2021-05-21 15:06:26.468930','2021-05-21 15:06:26.468930'),(422,74,593,19,95,95,'2021-05-21 15:06:26.472781','2021-05-21 15:06:26.472781'),(423,74,691,20,92,92,'2021-05-21 15:06:26.475198','2021-05-21 15:06:26.475198'),(424,74,784,22,96,96,'2021-05-21 15:06:26.477988','2021-05-21 15:06:26.477988'),(425,74,1047,32,72,72,'2021-05-21 15:06:26.480865','2021-05-21 15:06:26.480865'),(426,74,1198,29,76,76,'2021-05-21 15:06:26.484052','2021-05-21 15:06:26.484052'),(427,75,495,23,93,93,'2021-05-21 15:07:02.619722','2021-05-21 15:07:02.619722'),(428,75,596,22,92,92,'2021-05-21 15:07:02.623298','2021-05-21 15:07:02.623298'),(429,75,690,26,94,94,'2021-05-21 15:07:02.626201','2021-05-21 15:07:02.626201'),(430,75,787,22,96,96,'2021-05-21 15:07:02.628490','2021-05-21 15:07:02.628490'),(431,75,1045,31,79,79,'2021-05-21 15:07:02.631175','2021-05-21 15:07:02.631175'),(432,75,1126,34,74,74,'2021-05-21 15:07:02.633169','2021-05-21 15:07:02.633169'),(433,75,1204,35,71,71,'2021-05-21 15:07:02.635430','2021-05-21 15:07:02.635430'),(434,75,1278,33,75,75,'2021-05-21 15:07:02.639405','2021-05-21 15:07:02.639405'),(435,76,531,28,87,87,'2021-05-21 15:07:32.744307','2021-05-21 15:07:32.744307'),(436,76,706,27,84,84,'2021-05-21 15:07:32.747305','2021-05-21 15:07:32.747305'),(437,76,794,31,83,83,'2021-05-21 15:07:32.749877','2021-05-21 15:07:32.749877'),(438,76,1045,27,83,83,'2021-05-21 15:07:32.752838','2021-05-21 15:07:32.752838'),(439,76,1133,31,82,82,'2021-05-21 15:07:32.757411','2021-05-21 15:07:32.757411'),(440,76,1218,27,84,84,'2021-05-21 15:07:32.760484','2021-05-21 15:07:32.760484'),(441,76,1306,23,86,86,'2021-05-21 15:07:32.762816','2021-05-21 15:07:32.762816'),(442,77,564,29,81,81,'2021-05-21 15:08:15.015636','2021-05-21 15:08:15.015636'),(443,77,647,31,75,75,'2021-05-21 15:08:15.018604','2021-05-21 15:08:15.018604'),(444,77,721,30,80,80,'2021-05-21 15:08:15.022326','2021-05-21 15:08:15.022326'),(445,77,797,37,72,72,'2021-05-21 15:08:15.026845','2021-05-21 15:08:15.026845'),(446,77,1329,18,98,98,'2021-05-21 15:08:15.029725','2021-05-21 15:08:15.029725'),(447,77,1032,19,100,100,'2021-05-21 15:08:15.032134','2021-05-21 15:08:15.032134'),(448,78,492,23,98,98,'2021-05-21 15:08:45.346325','2021-05-21 15:08:45.346325'),(449,78,690,20,98,98,'2021-05-21 15:08:45.349449','2021-05-21 15:08:45.349449'),(450,78,782,18,104,104,'2021-05-21 15:08:45.352240','2021-05-21 15:08:45.352240'),(451,78,1045,26,81,81,'2021-05-21 15:08:45.354913','2021-05-21 15:08:45.354913'),(452,78,1128,28,74,74,'2021-05-21 15:08:45.359153','2021-05-21 15:08:45.359153'),(453,78,1203,29,74,74,'2021-05-21 15:08:45.361500','2021-05-21 15:08:45.361500'),(454,78,1278,28,75,75,'2021-05-21 15:08:45.363655','2021-05-21 15:08:45.363655'),(455,80,531,25,86,86,'2021-05-21 15:12:06.135637','2021-05-21 15:12:06.135637'),(456,80,619,28,83,83,'2021-05-21 15:12:06.137059','2021-05-21 15:12:06.137059'),(457,80,789,28,92,92,'2021-05-21 15:12:06.138148','2021-05-21 15:12:06.138148'),(458,80,1044,27,86,86,'2021-05-21 15:12:06.138931','2021-05-21 15:12:06.138931'),(459,80,1131,27,88,88,'2021-05-21 15:12:06.139802','2021-05-21 15:12:06.139802'),(460,80,1212,28,86,86,'2021-05-21 15:12:06.140522','2021-05-21 15:12:06.140522'),(461,80,1300,29,93,93,'2021-05-21 15:12:06.141297','2021-05-21 15:12:06.141297'),(462,80,703,26,87,87,'2021-05-21 15:12:06.142164','2021-05-21 15:12:06.142164'),(463,81,526,26,85,85,'2021-05-21 15:12:37.624547','2021-05-21 15:12:37.624547'),(464,81,622,30,82,82,'2021-05-21 15:12:37.627201','2021-05-21 15:12:37.627201'),(465,81,704,27,86,86,'2021-05-21 15:12:37.633231','2021-05-21 15:12:37.633231'),(466,81,791,30,85,85,'2021-05-21 15:12:37.636385','2021-05-21 15:12:37.636385'),(467,81,1042,23,94,94,'2021-05-21 15:12:37.639487','2021-05-21 15:12:37.639487'),(468,81,1127,25,86,86,'2021-05-21 15:12:37.641843','2021-05-21 15:12:37.641843'),(469,81,1215,25,88,88,'2021-05-21 15:12:37.644084','2021-05-21 15:12:37.644084'),(470,81,1307,27,87,87,'2021-05-21 15:12:37.647438','2021-05-21 15:12:37.647438'),(471,82,531,26,85,85,'2021-05-21 15:13:09.646212','2021-05-21 15:13:09.646212'),(472,82,619,25,87,87,'2021-05-21 15:13:09.651027','2021-05-21 15:13:09.651027'),(473,82,708,29,84,84,'2021-05-21 15:13:09.653593','2021-05-21 15:13:09.653593'),(474,82,791,28,89,89,'2021-05-21 15:13:09.656627','2021-05-21 15:13:09.656627'),(475,82,1043,26,87,87,'2021-05-21 15:13:09.658861','2021-05-21 15:13:09.658861'),(476,82,1125,23,96,96,'2021-05-21 15:13:09.660450','2021-05-21 15:13:09.660450'),(477,82,1213,26,89,89,'2021-05-21 15:13:09.664256','2021-05-21 15:13:09.664256'),(478,82,1303,24,92,92,'2021-05-21 15:13:09.667132','2021-05-21 15:13:09.667132'),(479,243,494,21,97,97,'2021-05-21 15:13:31.970276','2021-05-21 15:13:31.970276'),(480,243,590,18,103,103,'2021-05-21 15:13:31.973425','2021-05-21 15:13:31.973425'),(481,243,1124,29,77,77,'2021-05-21 15:13:31.976622','2021-05-21 15:13:31.976622'),(482,243,1195,26,81,81,'2021-05-21 15:13:31.979706','2021-05-21 15:13:31.979706'),(483,83,526,24,89,89,'2021-05-21 15:16:42.689069','2021-05-21 15:16:42.689069'),(484,83,614,27,87,87,'2021-05-21 15:16:42.692189','2021-05-21 15:16:42.692189'),(485,83,701,26,87,87,'2021-05-21 15:16:42.695057','2021-05-21 15:16:42.695057'),(486,83,788,26,93,93,'2021-05-21 15:16:42.696737','2021-05-21 15:16:42.696737'),(487,83,1050,27,84,84,'2021-05-21 15:16:42.698612','2021-05-21 15:16:42.698612'),(488,83,1218,25,87,87,'2021-05-21 15:16:42.700265','2021-05-21 15:16:42.700265'),(489,83,1303,25,94,94,'2021-05-21 15:16:42.703472','2021-05-21 15:16:42.703472'),(490,84,536,25,87,87,'2021-05-21 15:17:06.811148','2021-05-21 15:17:06.811148'),(491,84,618,26,88,88,'2021-05-21 15:17:06.814617','2021-05-21 15:17:06.814617'),(492,84,704,23,92,92,'2021-05-21 15:17:06.817680','2021-05-21 15:17:06.817680'),(493,84,792,28,92,92,'2021-05-21 15:17:06.821629','2021-05-21 15:17:06.821629'),(494,84,1040,22,92,92,'2021-05-21 15:17:06.826175','2021-05-21 15:17:06.826175'),(495,84,1211,22,95,95,'2021-05-21 15:17:06.828829','2021-05-21 15:17:06.828829'),(496,85,529,27,89,89,'2021-05-21 15:17:31.179024','2021-05-21 15:17:31.179024'),(497,85,617,27,89,89,'2021-05-21 15:17:31.181610','2021-05-21 15:17:31.181610'),(498,85,703,24,92,92,'2021-05-21 15:17:31.183469','2021-05-21 15:17:31.183469'),(499,85,790,24,88,88,'2021-05-21 15:17:31.186305','2021-05-21 15:17:31.186305'),(500,85,1040,22,91,91,'2021-05-21 15:17:31.189916','2021-05-21 15:17:31.189916'),(501,85,1126,23,92,92,'2021-05-21 15:17:31.192932','2021-05-21 15:17:31.192932'),(502,85,1214,24,86,86,'2021-05-21 15:17:31.195049','2021-05-21 15:17:31.195049'),(503,86,532,25,85,85,'2021-05-21 15:18:03.109663','2021-05-21 15:18:03.109663'),(504,86,619,22,88,88,'2021-05-21 15:18:03.113908','2021-05-21 15:18:03.113908'),(505,86,709,28,86,86,'2021-05-21 15:18:03.116437','2021-05-21 15:18:03.116437'),(506,86,790,33,88,88,'2021-05-21 15:18:03.119275','2021-05-21 15:18:03.119275'),(507,86,1044,22,88,88,'2021-05-21 15:18:03.123376','2021-05-21 15:18:03.123376'),(508,86,1129,24,90,90,'2021-05-21 15:18:03.126315','2021-05-21 15:18:03.126315'),(509,86,1215,25,91,91,'2021-05-21 15:18:03.128572','2021-05-21 15:18:03.128572'),(510,86,1300,25,96,96,'2021-05-21 15:18:03.130308','2021-05-21 15:18:03.130308'),(511,87,533,22,90,90,'2021-05-21 15:18:33.026795','2021-05-21 15:18:33.026795'),(512,87,614,19,93,93,'2021-05-21 15:18:33.029923','2021-05-21 15:18:33.029923'),(513,87,706,26,85,85,'2021-05-21 15:18:33.032714','2021-05-21 15:18:33.032714'),(514,87,789,32,90,90,'2021-05-21 15:18:33.034621','2021-05-21 15:18:33.034621'),(515,87,1043,26,85,85,'2021-05-21 15:18:33.037051','2021-05-21 15:18:33.037051'),(516,87,1127,26,88,88,'2021-05-21 15:18:33.040276','2021-05-21 15:18:33.040276'),(517,87,1215,26,87,87,'2021-05-21 15:18:33.043187','2021-05-21 15:18:33.043187'),(518,87,1299,28,87,87,'2021-05-21 15:18:33.045513','2021-05-21 15:18:33.045513'),(519,88,533,26,87,87,'2021-05-21 15:18:59.989587','2021-05-21 15:18:59.989587'),(520,88,618,26,87,87,'2021-05-21 15:18:59.993404','2021-05-21 15:18:59.993404'),(521,88,702,21,91,91,'2021-05-21 15:18:59.996527','2021-05-21 15:18:59.996527'),(522,88,792,31,87,87,'2021-05-21 15:18:59.999669','2021-05-21 15:18:59.999669'),(523,88,1044,26,87,87,'2021-05-21 15:19:00.002595','2021-05-21 15:19:00.002595'),(524,88,1213,24,94,94,'2021-05-21 15:19:00.005657','2021-05-21 15:19:00.005657'),(525,88,1296,21,95,95,'2021-05-21 15:19:00.008536','2021-05-21 15:19:00.008536');
/*!40000 ALTER TABLE `dataset_positions` ENABLE KEYS */;
UNLOCK TABLES;

--
-- Table structure for table `datasets`
--

DROP TABLE IF EXISTS `datasets`;
/*!40101 SET @saved_cs_client     = @@character_set_client */;
/*!40101 SET character_set_client = utf8 */;
CREATE TABLE `datasets` (
  `id` bigint(20) NOT NULL AUTO_INCREMENT,
  `created_at` datetime(6) NOT NULL,
  `updated_at` datetime(6) NOT NULL,
  `digest` varchar(255) DEFAULT NULL,
  `ignore` tinyint(1) DEFAULT '0',
  PRIMARY KEY (`id`),
  UNIQUE KEY `index_datasets_on_digest` (`digest`)
) ENGINE=InnoDB AUTO_INCREMENT=324 DEFAULT CHARSET=utf8mb4;
/*!40101 SET character_set_client = @saved_cs_client */;

--
-- Dumping data for table `datasets`
--

LOCK TABLES `datasets` WRITE;
/*!40000 ALTER TABLE `datasets` DISABLE KEYS */;
INSERT INTO `datasets` VALUES (1,'2021-05-17 13:52:19.255166','2021-05-19 03:21:20.138741','541b6243d232c747fdb0c09b0b54935a',0),(17,'2021-05-19 14:00:29.900693','2021-05-19 14:00:29.910503','87e98acc7c5cac40c0bebe2e820aa75f',0),(18,'2021-05-19 14:00:29.938281','2021-05-19 14:00:29.974277','4493ade636b443bb35ea155860bdd9dd',0),(19,'2021-05-19 14:00:29.998097','2021-05-19 14:00:30.015533','f82767d2046327324b1bbb8fe7ffae62',0),(20,'2021-05-19 14:00:30.024468','2021-05-19 14:00:30.044715','fab8df7a3ee28a935cca560dfcd3dc0d',0),(21,'2021-05-19 14:00:30.052746','2021-05-19 14:00:30.061806','9edf575be3fa3633d45ccdd1ef5412ef',0),(22,'2021-05-19 14:00:30.068868','2021-05-19 14:00:30.078491','fe3686c63f2eb4380089eb93523dbd7f',0),(23,'2021-05-19 14:00:30.089395','2021-05-19 14:00:30.101500','a969e3b7f9030ed3eaceba835fcb663c',0),(24,'2021-05-19 14:00:30.113072','2021-05-19 14:00:30.120891','fed5e3ebe68d74d8890b66fc2ff2448a',0),(25,'2021-05-19 14:00:30.126681','2021-05-19 14:00:30.151402','02ba9aa89816835ab47caef9bcd5cf75',0),(26,'2021-05-19 14:00:30.162091','2021-05-19 14:00:30.167260','41dbf43a6f2be162e419bd9d74ef8e30',0),(27,'2021-05-19 14:00:30.179086','2021-05-19 14:00:30.185349','c986fda4e5ba7b1947b6cc26a54be753',0),(28,'2021-05-19 14:00:30.193313','2021-05-19 14:00:30.212928','14052651af1f396fd7200906297e0b30',0),(29,'2021-05-19 14:00:30.225882','2021-05-19 14:00:30.229796','3047a23b4e45e3df2a354e14baa05bcd',0),(30,'2021-05-19 14:00:30.235168','2021-05-19 14:00:30.241890','b1ed8cfb33dc5b852d1318c41741ea6f',0),(31,'2021-05-19 14:00:30.249169','2021-05-19 14:00:30.254033','f9d58c150078f66abe18eb83cad49942',0),(32,'2021-05-19 14:00:30.259578','2021-05-19 14:00:30.269519','765c1b1d31ad05395216b069b73de592',0),(33,'2021-05-19 14:00:30.274612','2021-05-19 14:00:30.278049','1fa5b31238ec532f3c463f576a0c8a88',0),(34,'2021-05-19 14:00:30.282825','2021-05-19 14:00:30.289654','0508f577be961b270ccf26aa643bbfbf',0),(35,'2021-05-19 14:00:30.296910','2021-05-19 14:00:30.304445','fb8b13d52fe7208cedb0f4deb9d3a13e',0),(36,'2021-05-19 14:00:30.309876','2021-05-19 14:00:30.321495','f1bb364b9359899ac4f56208b002a932',0),(37,'2021-05-19 14:00:30.326800','2021-05-19 14:00:30.330703','9bed0ba5573f923735eafa1b9ecac6a4',0),(38,'2021-05-19 14:00:30.337734','2021-05-19 14:00:30.342045','061f40894edaaaa8fe0c003d479d4ee5',0),(39,'2021-05-19 14:00:30.347630','2021-05-19 14:00:30.353617','784cd6eb53e0109b1d195eaa8a7960ad',0),(40,'2021-05-19 14:00:30.360972','2021-05-19 14:00:30.369832','9ef25a777e29abf2a76e4c978a4b6654',0),(41,'2021-05-19 14:00:30.375256','2021-05-19 14:00:30.382906','572c7acd992d4a9fee9a2759c80c25be',0),(42,'2021-05-19 14:00:30.389360','2021-05-19 14:00:30.395504','3f92f7e2117ab0d2b431deb10d066982',0),(43,'2021-05-19 14:00:30.401780','2021-05-19 14:00:30.408591','42fe4a8dd979c120c397eccdcfc94079',0),(44,'2021-05-19 14:00:30.418524','2021-05-19 14:00:30.425500','c7f3576abc447af3c498164ea2e80b92',0),(45,'2021-05-19 14:00:30.433323','2021-05-19 14:00:30.447122','9456c12892a15d85956e01ffc7124817',0),(46,'2021-05-19 14:00:30.458413','2021-05-19 14:00:30.473976','8eeae247f9665442d680647fd43644d7',0),(47,'2021-05-19 14:00:30.485270','2021-05-19 14:00:30.520564','f575d9e987aa1db1918d33153a20c943',0),(48,'2021-05-19 14:00:30.624936','2021-05-19 14:00:30.637480','6aa81e0a6e6d42b8168fe15f5dc282ec',0),(49,'2021-05-19 14:00:30.644794','2021-05-19 14:00:30.649424','9431aa726e7ad2d62a7a9434befe882b',0),(50,'2021-05-19 14:00:30.670610','2021-05-19 14:00:30.674980','20a5fa06f93d2bf54dd1e47635d84b7c',0),(51,'2021-05-19 14:00:30.684120','2021-05-19 14:00:30.690623','58a6ce624f0690a27a32af1a65dd948b',0),(52,'2021-05-19 14:00:30.697704','2021-05-19 14:00:30.704896','92bc473949c1021c48d1737aac923f25',0),(53,'2021-05-19 14:00:30.717559','2021-05-19 14:00:30.724739','f3ea73881e57154d5e93b07d54e73264',0),(54,'2021-05-19 14:00:30.730591','2021-05-19 14:00:30.735300','e94266dff513a5342303aa0f0701c880',0),(55,'2021-05-19 14:00:30.741689','2021-05-19 14:00:30.749456','cfaa791da2d340679759e9b0e51ee3f6',0),(56,'2021-05-19 14:00:30.754894','2021-05-19 14:00:30.763262','e2bfbc5fc2c801d1f5f5c7aa4c658808',0),(57,'2021-05-19 14:00:30.773869','2021-05-19 14:00:30.779029','22b015912c741605db10728a7a92a390',0),(58,'2021-05-19 14:00:30.786554','2021-05-19 14:00:30.793345','bf781918e7d2419f6f541377b83fa62c',0),(59,'2021-05-19 14:00:30.801397','2021-05-19 14:00:30.814371','6fb43056e678ed30cf4ada914a77a79e',0),(60,'2021-05-19 14:00:30.837122','2021-05-19 14:00:30.871532','676b20df521edb5ddd8d53c5e80b6f66',0),(61,'2021-05-19 14:00:30.892006','2021-05-19 14:00:30.895847','e46371d74aa3b192197022bee64d60d2',0),(62,'2021-05-19 14:00:30.902036','2021-05-19 14:00:30.908905','acee3486f1920a78dfafbf7e9a2f2d89',0),(63,'2021-05-19 14:00:30.914545','2021-05-19 14:00:30.920308','c47ad9fdd11aabda9bc5cd3c09b36eb5',0),(64,'2021-05-19 14:00:30.929084','2021-05-19 14:00:30.934509','ef3acb72a56ae34d3744044a923b12dd',0),(65,'2021-05-19 14:00:30.946590','2021-05-19 14:00:30.957986','b8436df3c94c4d3267ce8bc142bf9fbe',0),(66,'2021-05-19 14:00:30.967005','2021-05-19 14:00:30.996677','156658d5675863898e95d8ec0e71215b',0),(67,'2021-05-19 14:00:31.034903','2021-05-19 14:00:31.075390','cb14ad20dcc372da6c2a582361a9f306',0),(68,'2021-05-19 14:00:31.085183','2021-05-19 14:00:31.107522','72cd28e5818f0efc4613ab481ccc782b',0),(69,'2021-05-19 14:00:31.118899','2021-05-19 14:00:31.123144','4c44a857055dd4af7020512db31135d5',0),(70,'2021-05-19 14:00:31.130324','2021-05-19 14:00:31.139811','542e0176a3e7c5ab82bd56613508a5a3',0),(71,'2021-05-19 14:01:05.374905','2021-05-19 14:01:05.383808','42d984dd39a3b758cf1c6a40946df9aa',0),(72,'2021-05-21 15:03:43.610378','2021-05-21 15:03:43.633351','7dbbc9d0adc139a94f9dfa6f94cd275e',0),(73,'2021-05-21 15:03:43.648883','2021-05-21 15:03:43.677154','b56fcadb9beaaf3e1cc50618135854f2',0),(74,'2021-05-21 15:03:43.682575','2021-05-21 15:03:43.685692','6108ee054bd930067bd980f965b7bba6',0),(75,'2021-05-21 15:03:43.698372','2021-05-21 15:03:43.707828','2de50092869d157cbd2eaa2e7eba5fca',0),(76,'2021-05-21 15:03:43.739766','2021-05-21 15:03:43.828051','8e49c6629c25d70977ddf9cccdc64bf0',0),(77,'2021-05-21 15:03:43.864072','2021-05-21 15:03:43.868027','194d974931201b74f08ca73e6fc228d2',0),(78,'2021-05-21 15:03:43.873711','2021-05-21 15:03:43.877559','08c4e1fffc11af21aec085ecb772b543',0),(79,'2021-05-21 15:03:43.882719','2021-05-21 15:10:54.814314','c7edfee3aee3f270c8820574f114bc1c',1),(80,'2021-05-21 15:03:43.895383','2021-05-21 15:03:43.903877','2c5173f0d5bdf7ef4cfff9cdab617f68',0),(81,'2021-05-21 15:03:43.909451','2021-05-21 15:03:43.914391','4ddd2c191f182a7b3d4271e985fa9219',0),(82,'2021-05-21 15:03:43.920254','2021-05-21 15:03:43.924086','36d8530497c5990906ea824f03452a40',0),(83,'2021-05-21 15:03:43.928858','2021-05-21 15:03:43.932393','5a683cd06bd36c1ce8c201c6b884a8fd',0),(84,'2021-05-21 15:03:43.937568','2021-05-21 15:03:43.941639','17ac7e5ff967fa779278d4973a7acdef',0),(85,'2021-05-21 15:03:43.946484','2021-05-21 15:03:43.950334','be052c7a18766e0a84bae8f9bdbe76e8',0),(86,'2021-05-21 15:03:43.955547','2021-05-21 15:03:43.959329','6abc1fecfb09360b518d66dedfb78d4c',0),(87,'2021-05-21 15:03:43.965408','2021-05-21 15:03:43.969402','013e8d636bd2d9c3fc6600dc1d2f7112',0),(88,'2021-05-21 15:03:43.976451','2021-05-21 15:03:43.980502','2ff651053adb7c6a3c013ad01539d1f5',0),(89,'2021-05-21 15:03:43.986024','2021-05-21 15:03:43.990198','4ed1288f349f2c8531a2f32fb116f435',0),(90,'2021-05-21 15:03:43.995244','2021-05-21 15:03:43.998224','4c89f5d96f03affc1f5ce3665974f438',0),(91,'2021-05-21 15:03:44.004045','2021-05-21 15:03:44.007731','8081cfcef0960c285825c3e03016bc8b',0),(92,'2021-05-21 15:03:44.013196','2021-05-21 15:03:44.018422','33b7fcef1f6344254e226df1045ea109',0),(93,'2021-05-21 15:03:44.024264','2021-05-21 15:03:44.027629','c61ac0fae73aa1d277afcb84a9be7e90',0),(94,'2021-05-21 15:03:44.033753','2021-05-21 15:03:44.037359','dd9244dca890482e52730673e5b0b579',0),(95,'2021-05-21 15:03:44.042625','2021-05-21 15:03:44.046420','f3caf3c71f0a178ee522dec162f73c0b',0),(96,'2021-05-21 15:03:44.055165','2021-05-21 15:03:44.061943','447266f5ac9f2025c69ff78c08d90cb1',0),(97,'2021-05-21 15:03:44.074171','2021-05-21 15:03:44.083500','42d825a5f2d6d3719b2212df4b14ac11',0),(98,'2021-05-21 15:03:44.098914','2021-05-21 15:03:44.102371','e44ea7035722ac555778017102b60b1f',0),(99,'2021-05-21 15:03:44.109015','2021-05-21 15:03:44.112522','7af08a8e0e296dfd94d4fa606f2687d6',0),(100,'2021-05-21 15:03:44.119942','2021-05-21 15:03:44.125059','aa97000406acdd04fbbbfbc6f1b230e5',0),(101,'2021-05-21 15:03:44.131645','2021-05-21 15:03:44.135480','b5098b98a9dc34009c9fc37611591f79',0),(102,'2021-05-21 15:03:44.141644','2021-05-21 15:03:44.145389','843f5482195008006495bc7052aadd9e',0),(103,'2021-05-21 15:03:44.150489','2021-05-21 15:03:44.153755','f1f798ec63ebb8ee2ce8695ee4493cdc',0),(104,'2021-05-21 15:03:44.159132','2021-05-21 15:03:44.162541','a8145d0dbf26619427835f70501bedad',0),(105,'2021-05-21 15:03:44.168725','2021-05-21 15:03:44.172290','c266b23a216aaa8bcdc9a03b51f09bc3',0),(106,'2021-05-21 15:03:44.179489','2021-05-21 15:03:44.183325','14c27941c28721c092ed3bc79312c85d',0),(107,'2021-05-21 15:03:44.189349','2021-05-21 15:03:44.192594','530567a8cdc25ce105edf252f6d26bce',0),(108,'2021-05-21 15:03:44.198853','2021-05-21 15:03:44.202435','bc3a032ea18c4c5e8ab470b605354b1b',0),(109,'2021-05-21 15:03:44.208451','2021-05-21 15:03:44.211840','15f7c993bd83185a3efada513f61821d',0),(110,'2021-05-21 15:03:44.218357','2021-05-21 15:03:44.222420','e010875ff052679f033be31dc8c4f92c',0),(111,'2021-05-21 15:03:44.229643','2021-05-21 15:03:44.234079','87a0bd484d7d1cdb74a41458326a16e4',0),(112,'2021-05-21 15:03:44.239722','2021-05-21 15:03:44.242991','eece98eb49dd7089ed70c06a079976d7',0),(113,'2021-05-21 15:03:44.248770','2021-05-21 15:03:44.252283','5f2134bfd272ba7d315ef929e45f891a',0),(114,'2021-05-21 15:03:44.258221','2021-05-21 15:03:44.261418','589d9ec6b1bb94cf92b89a723e0011ab',0),(115,'2021-05-21 15:03:44.267119','2021-05-21 15:03:44.270631','e2064e98c97e30bfb530803bbfe056b7',0),(116,'2021-05-21 15:03:44.276962','2021-05-21 15:03:44.283027','c81ee19f426b0ef46dc8af7d1a04ad72',0),(117,'2021-05-21 15:03:44.292747','2021-05-21 15:03:44.303071','976c18edcebd807cb25145248c3c2ea0',0),(118,'2021-05-21 15:03:44.312308','2021-05-21 15:03:44.328659','ed4307caba3c52ab8727622536f84783',0),(119,'2021-05-21 15:03:44.335229','2021-05-21 15:03:44.338967','f2a5466801e005e3b895221e9a91f91e',0),(120,'2021-05-21 15:03:44.344858','2021-05-21 15:03:44.348704','6cf338b2cb1519241a8ca5d19de5ea70',0),(121,'2021-05-21 15:03:44.354085','2021-05-21 15:03:44.357454','72148bb990338e35af0a6142b8ee430f',0),(122,'2021-05-21 15:03:44.362734','2021-05-21 15:03:44.365925','35d8bf7d132513e49103bc888f0f9bf7',0),(123,'2021-05-21 15:03:44.370822','2021-05-21 15:03:44.374235','27d6c5e485ddc82228a40cb8174fc0c7',0),(124,'2021-05-21 15:03:44.379367','2021-05-21 15:03:44.382881','8d534b3b0ad0e6c52ebafa32e9c60799',0),(125,'2021-05-21 15:03:44.390319','2021-05-21 15:03:44.394113','fae3b91b137e4b44bf8207e71c571199',0),(126,'2021-05-21 15:03:44.400624','2021-05-21 15:03:44.404553','253a5c9a888b4e1dcd2feaeeedb0ef7c',0),(127,'2021-05-21 15:03:44.410256','2021-05-21 15:03:44.413488','00ef366b6fefeab865464052d03d0cba',0),(128,'2021-05-21 15:03:44.419707','2021-05-21 15:03:44.423349','ff73e776a84eae7af3f9c59436dd263f',0),(129,'2021-05-21 15:03:44.429492','2021-05-21 15:03:44.433726','0768a76f0c71038557fa81085cd42a96',0),(130,'2021-05-21 15:03:44.439377','2021-05-21 15:03:44.444085','81a18face65c347372d9d89f5984b016',0),(131,'2021-05-21 15:03:44.450116','2021-05-21 15:03:44.453393','7718a578f2a92f1eb9f85a06b562397f',0),(132,'2021-05-21 15:03:44.459298','2021-05-21 15:03:44.462538','5afa01bbc221ea78735e1f7eeddce2ef',0),(133,'2021-05-21 15:03:44.468869','2021-05-21 15:03:44.472340','7ae923e45e720f612f65e607b1539265',0),(134,'2021-05-21 15:03:44.478312','2021-05-21 15:03:44.481509','e47e8dffc6005aaaa16f4304ec54f0f0',0),(135,'2021-05-21 15:03:44.487440','2021-05-21 15:03:44.491252','13cc1d1945ff9a66396f4a9e3cb5c641',0),(136,'2021-05-21 15:03:44.498909','2021-05-21 15:03:44.503157','5545cb6eba46fbb5387b03c17ce2ac81',0),(137,'2021-05-21 15:03:44.508354','2021-05-21 15:03:44.513104','2fd3e5d79ce46aa659fd159de15ac81a',0),(138,'2021-05-21 15:03:44.519644','2021-05-21 15:03:44.523242','2c2958f996c3abd609542d584aa254f9',0),(139,'2021-05-21 15:03:44.529167','2021-05-21 15:03:44.533223','b45271c3a205d508d43256d6e4af2936',0),(140,'2021-05-21 15:03:44.539668','2021-05-21 15:03:44.543225','de428d8c97b686c466ea7ecbf8cbe5e3',0),(141,'2021-05-21 15:03:44.551576','2021-05-21 15:03:44.555065','0cbd7440420c1f7c48807c88b6977833',0),(142,'2021-05-21 15:03:44.561399','2021-05-21 15:03:44.565421','7a5ed7cc7ddd6ab410f408902c02268c',0),(143,'2021-05-21 15:03:44.571309','2021-05-21 15:03:44.574663','abd6dcfa09d40d05aff545f05e8d6cd3',0),(144,'2021-05-21 15:03:44.580698','2021-05-21 15:03:44.584017','3c02d98b047229bcb5d873483e71c857',0),(145,'2021-05-21 15:03:44.590026','2021-05-21 15:03:44.593547','e66a0b558d56bb0b18bb771c03b772eb',0),(146,'2021-05-21 15:03:44.600305','2021-05-21 15:03:44.603966','ab5b7be2be5a087db3bb87e8ed6da2fe',0),(147,'2021-05-21 15:03:44.609904','2021-05-21 15:03:44.613210','d84b7be2d305d5e90d3b6779ef9a8216',0),(148,'2021-05-21 15:03:44.619362','2021-05-21 15:03:44.622619','10012e98c7e5cf13b134ee10dd57fce0',0),(149,'2021-05-21 15:03:44.628244','2021-05-21 15:03:44.631739','fd2eec82a2dbdfbc4f29581cb5457358',0),(150,'2021-05-21 15:03:44.637248','2021-05-21 15:03:44.640599','c5b3937e869f456a840c2c7db0ba846f',0),(151,'2021-05-21 15:03:44.646286','2021-05-21 15:03:44.649996','73ad6543ce0dc97848d8ee3d5b0589f8',0),(152,'2021-05-21 15:03:44.657100','2021-05-21 15:03:44.660619','256660007c9392cb1f4a422b6f506fd6',0),(153,'2021-05-21 15:03:44.667026','2021-05-21 15:03:44.670471','19c1aca6f25957f450cb9d61654d9913',0),(154,'2021-05-21 15:03:44.677453','2021-05-21 15:03:44.681194','36dcf2f4c23674f5be4d24ba74e8937b',0),(155,'2021-05-21 15:03:44.686717','2021-05-21 15:03:44.689836','6f239b9626faa551e86ebac1beed8d7c',0),(156,'2021-05-21 15:03:44.695793','2021-05-21 15:03:44.699312','751366117f17860ec41ace6a2a21439c',0),(157,'2021-05-21 15:03:44.706097','2021-05-21 15:03:44.710156','5affe1c8abfd8ad10a5e19bd1f77b97e',0),(158,'2021-05-21 15:03:44.716148','2021-05-21 15:03:44.719704','202a89ec1d12044285a43b1b76ef58e9',0),(159,'2021-05-21 15:03:44.725885','2021-05-21 15:03:44.729163','ad4bfee895c5f5712e5dd931c23cf905',0),(160,'2021-05-21 15:03:44.735432','2021-05-21 15:03:44.738807','5d8360d21bb438d33407eee31817f5a1',0),(161,'2021-05-21 15:03:44.745151','2021-05-21 15:03:44.748877','9c65c661fb01b3160765d3965c42fd62',0),(162,'2021-05-21 15:03:44.754903','2021-05-21 15:03:44.759823','38a65ad204a37fe4bd49739a59c6f3bb',0),(163,'2021-05-21 15:03:44.766608','2021-05-21 15:03:44.769997','3d5f1f8a413e959245106a25bda82095',0),(164,'2021-05-21 15:03:44.776386','2021-05-21 15:03:44.779625','d0b527c4e9112dc70740d93e8befa59a',0),(165,'2021-05-21 15:03:44.785573','2021-05-21 15:03:44.789562','1eafff3ee547d60456185a8fa02cd433',0),(166,'2021-05-21 15:03:44.795460','2021-05-21 15:03:44.799310','653d168f549b8b3f281a77e963acb292',0),(167,'2021-05-21 15:03:44.805223','2021-05-21 15:03:44.809118','4900726f4f52007dac253963c8f7fdab',0),(168,'2021-05-21 15:03:44.816344','2021-05-21 15:03:44.819967','0d04480a9fbad9d9ee4ede44bed773c6',0),(169,'2021-05-21 15:03:44.826016','2021-05-21 15:03:44.831895','5f7e38cffc8d1ebe2adf72a3c3dcda63',0),(170,'2021-05-21 15:03:44.837953','2021-05-21 15:03:44.841912','1afd6029253b67c62d08a712cbe6be91',0),(171,'2021-05-21 15:03:44.846891','2021-05-21 15:03:44.850325','fc409e284750b0a9a5bbacf875a7fc0e',0),(172,'2021-05-21 15:03:44.855902','2021-05-21 15:03:44.859518','fcdcc4a5f021426701430f94a0d99ba3',0),(173,'2021-05-21 15:03:44.866657','2021-05-21 15:03:44.870331','f9e8d8e19684819dda16919211a0c9c0',0),(174,'2021-05-21 15:03:44.876713','2021-05-21 15:03:44.880238','c799300e4b38c0714c093f671139cde5',0),(175,'2021-05-21 15:03:44.886659','2021-05-21 15:03:44.890418','87d0d7e5cad3077198298c8a04aff5e5',0),(176,'2021-05-21 15:03:44.896234','2021-05-21 15:03:44.899856','8e74c78031f3a7808ecb0f8329d3d311',0),(177,'2021-05-21 15:03:44.905843','2021-05-21 15:03:44.909255','784cd3245f89a2a09c11fac2a29e335a',0),(178,'2021-05-21 15:03:44.915284','2021-05-21 15:03:44.920498','c123d42359e444db899ea0240fec2605',0),(179,'2021-05-21 15:03:44.926844','2021-05-21 15:03:44.930106','ab076cb9974b22bfc16378d0209bcce0',0),(180,'2021-05-21 15:03:44.936475','2021-05-21 15:03:44.939921','f283ba8facc793d1ae3fb3ba5e39ea46',0),(181,'2021-05-21 15:03:44.945575','2021-05-21 15:03:44.948789','f3a78c2cd87881e0b0c792abc81586d2',0),(182,'2021-05-21 15:03:44.955005','2021-05-21 15:03:44.958165','f9284e04b9463924b670c66bc8400316',0),(183,'2021-05-21 15:03:44.967361','2021-05-21 15:03:44.972374','e9924e415fea80919bbf62aa52cdd5d3',0),(184,'2021-05-21 15:03:44.979042','2021-05-21 15:03:44.982715','ada2caccd787ff033b8268561b4f81b8',0),(185,'2021-05-21 15:03:44.988240','2021-05-21 15:03:44.991785','b9a26c7f4e7a37e67f952df4cfc6035e',0),(186,'2021-05-21 15:03:44.997552','2021-05-21 15:03:45.001044','a5e4cfeeefa73263c1fbc79fdbea5f3a',0),(187,'2021-05-21 15:03:45.006905','2021-05-21 15:03:45.010218','9bd32d043e982fe9db36a9be8d433d18',0),(188,'2021-05-21 15:03:45.016655','2021-05-21 15:03:45.020195','017edd74bfd6f56770289380b5823596',0),(189,'2021-05-21 15:03:45.027165','2021-05-21 15:03:45.031661','7e087dfca30c6f1974fd5251d80d88f1',0),(190,'2021-05-21 15:03:45.036823','2021-05-21 15:03:45.040420','04d307a901afb0281472a64d283b7548',0),(191,'2021-05-21 15:03:45.046103','2021-05-21 15:03:45.050041','f94565a9bb2f1ef766e035166b107bae',0),(192,'2021-05-21 15:03:45.056098','2021-05-21 15:03:45.059973','9e93958d37242ac12580b560c9edac88',0),(193,'2021-05-21 15:03:45.066088','2021-05-21 15:03:45.070031','029c8e382121c840822bda98871013cf',0),(194,'2021-05-21 15:03:45.077582','2021-05-21 15:03:45.103090','8e60b441b23ff41b6f38b21100772b6b',0),(195,'2021-05-21 15:03:45.118966','2021-05-21 15:03:45.123153','f4154372b55d860900dff7d68dde44d9',0),(196,'2021-05-21 15:03:45.132188','2021-05-21 15:03:45.136878','b095c47496eaafd1b1c825bc49d9d928',0),(197,'2021-05-21 15:03:45.143319','2021-05-21 15:03:45.146821','57cb3bf9eb63f5539f4f1cdae99be5ea',0),(198,'2021-05-21 15:03:45.153116','2021-05-21 15:03:45.156716','dad1dd95a5df0e54f603dc6a96f9821b',0),(199,'2021-05-21 15:03:45.162752','2021-05-21 15:03:45.166116','f2541dc00f619e3149e17460cc4cc4f5',0),(200,'2021-05-21 15:03:45.172157','2021-05-21 15:03:45.175752','ff5d72764f999ae0c977ad0ad7865937',0),(201,'2021-05-21 15:03:45.183983','2021-05-21 15:03:45.191333','0a5e14135550ee79de32e07fdbcc88c3',0),(202,'2021-05-21 15:03:45.199308','2021-05-21 15:03:45.207996','7cb4ac16f5720922327d5d944461c00e',0),(203,'2021-05-21 15:03:45.219296','2021-05-21 15:03:45.224752','4d39ef9299c5387de8ac967aed824c55',0),(204,'2021-05-21 15:03:45.236017','2021-05-21 15:03:45.243044','e85d17b7b5702d623796701af716097f',0),(205,'2021-05-21 15:03:45.250571','2021-05-21 15:03:45.255150','d307f4cbd51f8dcf88a875b8fdfe5c7e',0),(206,'2021-05-21 15:03:45.261053','2021-05-21 15:03:45.264941','1390572881a5e9d250c00612dfcff3f9',0),(207,'2021-05-21 15:03:45.271104','2021-05-21 15:03:45.274339','11504f54003e6660ca389c2e8a93718e',0),(208,'2021-05-21 15:03:45.280505','2021-05-21 15:03:45.284125','ffe740277ca71f317cdf6fd604a09ad3',0),(209,'2021-05-21 15:03:45.290544','2021-05-21 15:03:45.295071','1432064bc9eba825668dd5c3d9688189',0),(210,'2021-05-21 15:03:45.300301','2021-05-21 15:03:45.303810','1eb38c3286f4878040c1f4b8dbacea49',0),(211,'2021-05-21 15:03:45.308850','2021-05-21 15:03:45.311634','03dc5d3f15dc238571839661095ff338',0),(212,'2021-05-21 15:03:45.317230','2021-05-21 15:03:45.320276','729ffd4c521202b755bb8199e26576f7',0),(213,'2021-05-21 15:03:45.326060','2021-05-21 15:03:45.328968','dada4aa7b3079b8e8762b242ae4be8a0',0),(214,'2021-05-21 15:03:45.334702','2021-05-21 15:03:45.338298','93e6d4c85c17eaa4e5e8c73f392c04ff',0),(215,'2021-05-21 15:03:45.344063','2021-05-21 15:03:45.349461','33482141bb5c6103de103b5521fb9a64',0),(216,'2021-05-21 15:03:45.355340','2021-05-21 15:03:45.358553','b858a56f526ce1cf42b3f2c6033651bb',0),(217,'2021-05-21 15:03:45.364063','2021-05-21 15:03:45.367635','29c4fba499b0f2005b01e425af8f1fc0',0),(218,'2021-05-21 15:03:45.372694','2021-05-21 15:03:45.375622','5e313079284880a2a4afd5e30bba72f2',0),(219,'2021-05-21 15:03:45.380947','2021-05-21 15:03:45.383805','036f0133152381f58f4ced99cd48e394',0),(220,'2021-05-21 15:03:45.389647','2021-05-21 15:03:45.393161','3176f3a4848e5b29d3e24d66bc60296e',0),(221,'2021-05-21 15:03:45.399633','2021-05-21 15:03:45.404319','19f3ca306f57e893ea0ae8bb68aafa64',0),(222,'2021-05-21 15:03:45.412214','2021-05-21 15:03:45.416053','345110469aa93b5d3fcd330433a322af',0),(223,'2021-05-21 15:03:45.421829','2021-05-21 15:03:45.424893','7b2cdd82e200b73178b104e682d39dee',0),(224,'2021-05-21 15:03:45.430545','2021-05-21 15:03:45.433889','b2b4d5de86c0887152752ca92ad1896b',0),(225,'2021-05-21 15:03:45.439430','2021-05-21 15:03:45.443308','604c9c05c2182b26b9a14238f13560db',0),(226,'2021-05-21 15:03:45.449747','2021-05-21 15:03:45.454573','d257c46c0a0fa9ec13ca2fa2242c7051',0),(227,'2021-05-21 15:03:45.461198','2021-05-21 15:03:45.464922','4a950a0359ea64cf9144a1f128d31bfa',0),(228,'2021-05-21 15:03:45.470922','2021-05-21 15:03:45.474694','90e4cc43ea3f36ba331039626f7a1f5b',0),(229,'2021-05-21 15:03:45.480292','2021-05-21 15:03:45.484007','c18db540c418edb7e27a3fb3151b2d96',0),(230,'2021-05-21 15:03:45.489330','2021-05-21 15:03:45.492630','161d080a2953acab61e833ba0c994bf1',0),(231,'2021-05-21 15:03:45.498555','2021-05-21 15:03:45.502368','82b43a8e27894fec6a13c701f07b3d76',0),(232,'2021-05-21 15:03:45.509472','2021-05-21 15:03:45.513256','d1cc4c976a70a94002296ad5ae19fad8',0),(233,'2021-05-21 15:03:45.519430','2021-05-21 15:03:45.522654','53eec737e5ac21b279bf0cecacb0d546',0),(234,'2021-05-21 15:03:45.529003','2021-05-21 15:03:45.532814','d7317fbab79ff785f7fee7f7d1580242',0),(235,'2021-05-21 15:03:45.539405','2021-05-21 15:03:45.542741','34ecc67c012fabefa7b65713d4459e47',0),(236,'2021-05-21 15:03:45.548430','2021-05-21 15:03:45.551711','d5671e4c4e4d6d2ab846a5500839bb28',0),(237,'2021-05-21 15:03:45.557784','2021-05-21 15:03:45.562530','93d751e80c863595cf505320412eea63',0),(238,'2021-05-21 15:03:45.568746','2021-05-21 15:03:45.572244','84757ffab320e32fd9ba0b6d3e2e5267',0),(239,'2021-05-21 15:03:45.577739','2021-05-21 15:03:45.581011','22331bf296549f4b1ac75778d736ed67',0),(240,'2021-05-21 15:03:45.587057','2021-05-21 15:03:45.590228','68982f1f5b46c2d4a6d9e528532efdb0',0),(241,'2021-05-21 15:03:45.595370','2021-05-21 15:03:45.598500','e3f5a8659cc0c8d1c64023ead4920eba',0),(242,'2021-05-21 15:03:45.604167','2021-05-21 15:03:45.607971','0513cdd457ea82a3bf7cd93f618d924b',0),(243,'2021-05-21 15:03:45.614609','2021-05-21 15:03:45.618144','29ea8c82e0395adf3a094b9e588a6f1e',0),(244,'2021-05-21 15:03:45.624341','2021-05-21 15:03:45.627342','731e6832c252db2c5d4c559e5e909f06',0),(245,'2021-05-21 15:03:45.633121','2021-05-21 15:03:45.637272','a0713b78ae8b17d2b2b77f3292218d58',0),(246,'2021-05-21 15:03:45.642555','2021-05-21 15:03:45.645813','5ac6518f6b3c48735322d1d06439653f',0),(247,'2021-05-21 15:03:45.651401','2021-05-21 15:03:45.654516','9530d33edbcb65b3031c932b598f38ab',0),(248,'2021-05-21 15:03:45.660215','2021-05-21 15:03:45.663736','82e8f49be6147b2fbcf49e34953a3fbb',0),(249,'2021-05-21 15:03:45.670293','2021-05-21 15:03:45.673755','6e58f01cd4e71ae08a88b3ae98451c1b',0),(250,'2021-05-21 15:03:45.679595','2021-05-21 15:03:45.683003','532445ec72a7de1bfad36a4f5e2e43ec',0),(251,'2021-05-21 15:03:45.688350','2021-05-21 15:03:45.691676','4c2c0084ac518a530ecd58f68cf39405',0),(252,'2021-05-21 15:03:45.696857','2021-05-21 15:03:45.700049','5e5bae2e6642636075c349156cc375af',0),(253,'2021-05-21 15:03:45.705355','2021-05-21 15:03:45.712637','c13b2ec7b1a16e6f4c4dc558576488ee',0),(254,'2021-05-21 15:03:45.719272','2021-05-21 15:03:45.724135','2ef37ddaff4436067965dbf11bf89852',0),(255,'2021-05-21 15:03:45.730085','2021-05-21 15:03:45.733901','67fc7860578e36e4144d4675457740c5',0),(256,'2021-05-21 15:03:45.739308','2021-05-21 15:03:45.745272','08419ce32c708a67cb4d28430831f8ef',0),(257,'2021-05-21 15:03:45.750556','2021-05-21 15:03:45.753737','acfb2c69deed640608f9feaa1c61140f',0),(258,'2021-05-21 15:03:45.759563','2021-05-21 15:03:45.762993','f5b1d827244edc0049a35fc46a93ede2',0),(259,'2021-05-21 15:03:45.769248','2021-05-21 15:03:45.773249','dafa1a0c31292da8bf39dd49aa8ff197',0),(260,'2021-05-21 15:03:45.781036','2021-05-21 15:03:45.784468','dfd36636e79815c1ec7132de14be551c',0),(261,'2021-05-21 15:03:45.789955','2021-05-21 15:03:45.793252','f49611502edf9b9f4a8a8c1b9154c1db',0),(262,'2021-05-21 15:03:45.798790','2021-05-21 15:03:45.802350','45aec3def2b6b5059b1cd1bf84923e59',0),(263,'2021-05-21 15:03:45.807885','2021-05-21 15:03:45.812850','d7118442559e11346f840351d06e464b',0),(264,'2021-05-21 15:03:45.818247','2021-05-21 15:03:45.821727','d8ed045f26e240d5270906c3cba95f81',0),(265,'2021-05-21 15:03:45.829599','2021-05-21 15:03:45.833754','2047b9eb74526627b3f49a261cfd44cc',0),(266,'2021-05-21 15:03:45.839478','2021-05-21 15:03:45.842947','ccf7676e213b88f9549e6834b35b5313',0),(267,'2021-05-21 15:03:45.848505','2021-05-21 15:03:45.852476','ef60dee9638ad06385924058779b4d4f',0),(268,'2021-05-21 15:03:45.858341','2021-05-21 15:03:45.861580','7e25871f559a3bd5e6768ec757af5b3b',0),(269,'2021-05-21 15:03:45.866688','2021-05-21 15:03:45.870361','445b0b8e65cca4ef1f13cb2bb796fdc5',0),(270,'2021-05-21 15:03:45.876053','2021-05-21 15:03:45.880717','a76e1c0a0843ae6a99bb677e741d728b',0),(271,'2021-05-21 15:03:45.886841','2021-05-21 15:03:45.890510','f0aa62f3b47e49ca46fecb26794c895f',0),(272,'2021-05-21 15:03:45.895987','2021-05-21 15:03:45.899942','31ed4153820ef59ed5e86f5f02717efd',0),(273,'2021-05-21 15:03:45.905052','2021-05-21 15:03:45.908154','be8f9806c4f98ad984b1b5ee7e4cab66',0),(274,'2021-05-21 15:03:45.914100','2021-05-21 15:03:45.917100','6904ccc5a803930efdaf30019f6497fe',0),(275,'2021-05-21 15:03:45.923679','2021-05-21 15:03:45.927591','e9235bb80bd84e7b292c3c70a8d555ba',0),(276,'2021-05-21 15:03:45.934390','2021-05-21 15:03:45.938177','f6c91696ba7104b6411c7a6a94fe63aa',0),(277,'2021-05-21 15:03:45.943943','2021-05-21 15:03:45.947396','7dbb19d474f0f9dda4a214ea2a00be31',0),(278,'2021-05-21 15:03:45.953227','2021-05-21 15:03:45.956521','b59bd2841af3ab415ec2df3f717c210f',0),(279,'2021-05-21 15:03:45.962245','2021-05-21 15:03:45.965536','f736206cc00315190024e529a16a11f1',0),(280,'2021-05-21 15:03:45.972303','2021-05-21 15:03:45.975927','21127752ffddc8927740eabce4ec4bcb',0),(281,'2021-05-21 15:03:45.981346','2021-05-21 15:03:45.985071','a85891f384be73ee0c088eadc7d7a1e1',0),(282,'2021-05-21 15:03:45.991799','2021-05-21 15:03:45.995473','50eb56ac63c2b1d5b738e9245886a28d',0),(283,'2021-05-21 15:03:46.001370','2021-05-21 15:03:46.004610','11117457e159742cd1116cfc14438e6d',0),(284,'2021-05-21 15:03:46.010508','2021-05-21 15:03:46.014382','b8d81f0029b546ceaa92466b3014414c',0),(285,'2021-05-21 15:03:46.020116','2021-05-21 15:03:46.023384','24e6d8d9f91dbdc5d7117c08f8697017',0),(286,'2021-05-21 15:03:46.029113','2021-05-21 15:03:46.032510','030d70a6d1526668b7fb667ee1852dde',0),(287,'2021-05-21 15:03:46.039368','2021-05-21 15:03:46.045716','9aace75895c80c787882c75ab7a5a792',0),(288,'2021-05-21 15:03:46.051638','2021-05-21 15:03:46.055055','caa84132bd4b111cd4d10d91a8bef641',0),(289,'2021-05-21 15:03:46.060273','2021-05-21 15:03:46.063486','df724274a5bc25310b64551218906f5b',0),(290,'2021-05-21 15:03:46.069466','2021-05-21 15:03:46.072674','1d2c8a7a57bd7de36bdf0f44d2ac4c99',0),(291,'2021-05-21 15:03:46.078109','2021-05-21 15:03:46.081619','76fd0589143c0e534fea0e458d07d715',0),(292,'2021-05-21 15:03:46.087830','2021-05-21 15:03:46.092776','f9c18264970011b0cc6ee06121a77bf7',0),(293,'2021-05-21 15:03:46.099148','2021-05-21 15:03:46.102506','f4d78b07f86cbfe3edfbffa2f7e8d8f1',0),(294,'2021-05-21 15:03:46.108450','2021-05-21 15:03:46.112323','32768890f1c59621c0f6fd3c5bd80683',0),(295,'2021-05-21 15:03:46.117724','2021-05-21 15:03:46.120938','da6405c0a03cb51adda5315335be41e9',0),(296,'2021-05-21 15:03:46.126357','2021-05-21 15:03:46.129995','1809d6599ff1c93014ebb6f345a1787c',0),(297,'2021-05-21 15:03:46.135693','2021-05-21 15:03:46.139208','d071c41de311e75d866f9f7f545ff793',0),(298,'2021-05-21 15:03:46.145728','2021-05-21 15:03:46.149748','df73c20dea465a5cab8d543628441a22',0),(299,'2021-05-21 15:03:46.155312','2021-05-21 15:03:46.158650','f01f0b4f1ab41440ea24b982eb104021',0),(300,'2021-05-21 15:03:46.164016','2021-05-21 15:03:46.168170','29433d2ce41cff48564335d4f84e7294',0),(301,'2021-05-21 15:03:46.173227','2021-05-21 15:03:46.176300','d7141133d36cf00dac4d6ecae650e043',0),(302,'2021-05-21 15:03:46.182478','2021-05-21 15:03:46.185643','8eb041c4ee39f938e566d534b1a27d3f',0),(303,'2021-05-21 15:03:46.192321','2021-05-21 15:03:46.196303','feebf14527394077f73a2d1d50a62b84',0),(304,'2021-05-21 15:03:46.203750','2021-05-21 15:03:46.207506','7d837597cc16c6c44fb0e59cab24ae37',0),(305,'2021-05-21 15:03:46.213513','2021-05-21 15:03:46.217155','33d7b047f373f986a39a4920411a0cb8',0),(306,'2021-05-21 15:03:46.222927','2021-05-21 15:03:46.226163','bf4c3a1deaf4aed044207c8432caa6a1',0),(307,'2021-05-21 15:03:46.231822','2021-05-21 15:03:46.235027','799ba1bf4a0d63283e6faf788ff00cae',0),(308,'2021-05-21 15:03:46.240900','2021-05-21 15:03:46.244230','7e754ae65e805e01145f62e62be3ff65',0),(309,'2021-05-21 15:03:46.250317','2021-05-21 15:03:46.254842','6ba37a344bd30c280905338e0161154c',0),(310,'2021-05-21 15:03:46.260568','2021-05-21 15:03:46.263770','c3f6d6e4f2c69ab44c7db5d5bf7264e2',0),(311,'2021-05-21 15:03:46.269855','2021-05-21 15:03:46.273408','1b1cf94a0f42e467a301abe7862c9d8b',0),(312,'2021-05-21 15:03:46.279301','2021-05-21 15:03:46.282545','b51bb93f9d50b3bc1a7c0490a6747115',0),(313,'2021-05-21 15:03:46.288462','2021-05-21 15:03:46.291838','f6a9cca726acebce257e7ac8b073e687',0),(314,'2021-05-21 15:03:46.297813','2021-05-21 15:03:46.301536','5b067fb45e55acb2d033bd5f74e7a0d7',0),(315,'2021-05-21 15:03:46.308675','2021-05-21 15:03:46.315047','aa68bcfd0d043b4fb65b568402b43738',0),(316,'2021-05-21 15:03:46.321286','2021-05-21 15:03:46.325408','8649fc1eec26d1dc993434803d7886b4',0),(317,'2021-05-21 15:03:46.331577','2021-05-21 15:03:46.334656','09ffaf2cdeddfabb1301bc1c26c2ad9b',0),(318,'2021-05-21 15:03:46.340404','2021-05-21 15:03:46.343758','90ebded26e32c2984cda2b42751cfbba',0),(319,'2021-05-21 15:03:46.349559','2021-05-21 15:03:46.353412','128ce799028cfa9e73efe302fbd5b4a0',0),(320,'2021-05-21 15:03:46.360384','2021-05-21 15:03:46.364954','cf5982159a5729b5846986c2bf198239',0),(321,'2021-05-21 15:03:46.370024','2021-05-21 15:03:46.373295','2db8cd99616c3317b6547ad982681df3',0),(322,'2021-05-21 15:03:46.378484','2021-05-21 15:03:46.382262','00378b039cd293f1a40c76eff973cc45',0),(323,'2021-05-21 15:03:46.387927','2021-05-21 15:03:46.391291','78bf30e7de889fa8edd49c24e1a71a4d',0);
/*!40000 ALTER TABLE `datasets` ENABLE KEYS */;
UNLOCK TABLES;

--
-- Table structure for table `roi_templates`
--

DROP TABLE IF EXISTS `roi_templates`;
/*!40101 SET @saved_cs_client     = @@character_set_client */;
/*!40101 SET character_set_client = utf8 */;
CREATE TABLE `roi_templates` (
  `id` bigint(20) NOT NULL AUTO_INCREMENT,
  `x` int(11) DEFAULT NULL,
  `y` int(11) DEFAULT NULL,
  `width` int(11) DEFAULT NULL,
  `height` int(11) DEFAULT NULL,
  `created_at` datetime(6) NOT NULL,
  `updated_at` datetime(6) NOT NULL,
  PRIMARY KEY (`id`)
) ENGINE=InnoDB DEFAULT CHARSET=utf8mb4;
/*!40101 SET character_set_client = @saved_cs_client */;

--
-- Dumping data for table `roi_templates`
--

LOCK TABLES `roi_templates` WRITE;
/*!40000 ALTER TABLE `roi_templates` DISABLE KEYS */;
/*!40000 ALTER TABLE `roi_templates` ENABLE KEYS */;
UNLOCK TABLES;

--
-- Table structure for table `schema_migrations`
--

DROP TABLE IF EXISTS `schema_migrations`;
/*!40101 SET @saved_cs_client     = @@character_set_client */;
/*!40101 SET character_set_client = utf8 */;
CREATE TABLE `schema_migrations` (
  `version` varchar(255) NOT NULL,
  PRIMARY KEY (`version`)
) ENGINE=InnoDB DEFAULT CHARSET=utf8mb4;
/*!40101 SET character_set_client = @saved_cs_client */;

--
-- Dumping data for table `schema_migrations`
--

LOCK TABLES `schema_migrations` WRITE;
/*!40000 ALTER TABLE `schema_migrations` DISABLE KEYS */;
INSERT INTO `schema_migrations` VALUES ('20210517134222'),('20210517134438'),('20210517144842'),('20210517144939'),('20210519031229'),('20210521150946');
/*!40000 ALTER TABLE `schema_migrations` ENABLE KEYS */;
UNLOCK TABLES;
/*!40103 SET TIME_ZONE=@OLD_TIME_ZONE */;

/*!40101 SET SQL_MODE=@OLD_SQL_MODE */;
/*!40014 SET FOREIGN_KEY_CHECKS=@OLD_FOREIGN_KEY_CHECKS */;
/*!40014 SET UNIQUE_CHECKS=@OLD_UNIQUE_CHECKS */;
/*!40101 SET CHARACTER_SET_CLIENT=@OLD_CHARACTER_SET_CLIENT */;
/*!40101 SET CHARACTER_SET_RESULTS=@OLD_CHARACTER_SET_RESULTS */;
/*!40101 SET COLLATION_CONNECTION=@OLD_COLLATION_CONNECTION */;
/*!40111 SET SQL_NOTES=@OLD_SQL_NOTES */;

-- Dump completed on 2021-05-22  0:52:14
