-- MySQL dump 10.13  Distrib 5.7.34, for osx10.16 (x86_64)
--
-- Host: localhost    Database: training_assistant_development
-- ------------------------------------------------------
-- Server version	5.7.34

/*!40101 SET @OLD_CHARACTER_SET_CLIENT=@@CHARACTER_SET_CLIENT */;
/*!40101 SET @OLD_CHARACTER_SET_RESULTS=@@CHARACTER_SET_RESULTS */;
/*!40101 SET @OLD_COLLATION_CONNECTION=@@COLLATION_CONNECTION */;
/*!40101 SET NAMES utf8 */;
/*!40103 SET @OLD_TIME_ZONE=@@TIME_ZONE */;
/*!40103 SET TIME_ZONE='+00:00' */;
/*!40014 SET @OLD_UNIQUE_CHECKS=@@UNIQUE_CHECKS, UNIQUE_CHECKS=0 */;
/*!40014 SET @OLD_FOREIGN_KEY_CHECKS=@@FOREIGN_KEY_CHECKS, FOREIGN_KEY_CHECKS=0 */;
/*!40101 SET @OLD_SQL_MODE=@@SQL_MODE, SQL_MODE='NO_AUTO_VALUE_ON_ZERO' */;
/*!40111 SET @OLD_SQL_NOTES=@@SQL_NOTES, SQL_NOTES=0 */;

--
-- Table structure for table `active_storage_attachments`
--

DROP TABLE IF EXISTS `active_storage_attachments`;
/*!40101 SET @saved_cs_client     = @@character_set_client */;
/*!40101 SET character_set_client = utf8 */;
CREATE TABLE `active_storage_attachments` (
  `id` bigint(20) NOT NULL AUTO_INCREMENT,
  `name` varchar(255) NOT NULL,
  `record_type` varchar(255) NOT NULL,
  `record_id` bigint(20) NOT NULL,
  `blob_id` bigint(20) NOT NULL,
  `created_at` datetime NOT NULL,
  PRIMARY KEY (`id`),
  UNIQUE KEY `index_active_storage_attachments_uniqueness` (`record_type`,`record_id`,`name`,`blob_id`),
  KEY `index_active_storage_attachments_on_blob_id` (`blob_id`),
  CONSTRAINT `fk_rails_c3b3935057` FOREIGN KEY (`blob_id`) REFERENCES `active_storage_blobs` (`id`)
) ENGINE=InnoDB AUTO_INCREMENT=317 DEFAULT CHARSET=utf8mb4;
/*!40101 SET character_set_client = @saved_cs_client */;

--
-- Dumping data for table `active_storage_attachments`
--

LOCK TABLES `active_storage_attachments` WRITE;
/*!40000 ALTER TABLE `active_storage_attachments` DISABLE KEYS */;
INSERT INTO `active_storage_attachments` VALUES (1,'image','Dataset',1,1,'2021-05-17 13:52:19'),(9,'image','Dataset',17,9,'2021-05-19 14:00:29'),(10,'image','Dataset',18,10,'2021-05-19 14:00:29'),(11,'image','Dataset',19,11,'2021-05-19 14:00:30'),(12,'image','Dataset',20,12,'2021-05-19 14:00:30'),(13,'image','Dataset',21,13,'2021-05-19 14:00:30'),(14,'image','Dataset',22,14,'2021-05-19 14:00:30'),(15,'image','Dataset',23,15,'2021-05-19 14:00:30'),(16,'image','Dataset',24,16,'2021-05-19 14:00:30'),(17,'image','Dataset',25,17,'2021-05-19 14:00:30'),(18,'image','Dataset',26,18,'2021-05-19 14:00:30'),(19,'image','Dataset',27,19,'2021-05-19 14:00:30'),(20,'image','Dataset',28,20,'2021-05-19 14:00:30'),(21,'image','Dataset',29,21,'2021-05-19 14:00:30'),(22,'image','Dataset',30,22,'2021-05-19 14:00:30'),(23,'image','Dataset',31,23,'2021-05-19 14:00:30'),(24,'image','Dataset',32,24,'2021-05-19 14:00:30'),(25,'image','Dataset',33,25,'2021-05-19 14:00:30'),(26,'image','Dataset',34,26,'2021-05-19 14:00:30'),(27,'image','Dataset',35,27,'2021-05-19 14:00:30'),(28,'image','Dataset',36,28,'2021-05-19 14:00:30'),(29,'image','Dataset',37,29,'2021-05-19 14:00:30'),(30,'image','Dataset',38,30,'2021-05-19 14:00:30'),(31,'image','Dataset',39,31,'2021-05-19 14:00:30'),(32,'image','Dataset',40,32,'2021-05-19 14:00:30'),(33,'image','Dataset',41,33,'2021-05-19 14:00:30'),(34,'image','Dataset',42,34,'2021-05-19 14:00:30'),(35,'image','Dataset',43,35,'2021-05-19 14:00:30'),(36,'image','Dataset',44,36,'2021-05-19 14:00:30'),(37,'image','Dataset',45,37,'2021-05-19 14:00:30'),(38,'image','Dataset',46,38,'2021-05-19 14:00:30'),(39,'image','Dataset',47,39,'2021-05-19 14:00:30'),(40,'image','Dataset',48,40,'2021-05-19 14:00:30'),(41,'image','Dataset',49,41,'2021-05-19 14:00:30'),(42,'image','Dataset',50,42,'2021-05-19 14:00:30'),(43,'image','Dataset',51,43,'2021-05-19 14:00:30'),(44,'image','Dataset',52,44,'2021-05-19 14:00:30'),(45,'image','Dataset',53,45,'2021-05-19 14:00:30'),(46,'image','Dataset',54,46,'2021-05-19 14:00:30'),(47,'image','Dataset',55,47,'2021-05-19 14:00:30'),(48,'image','Dataset',56,48,'2021-05-19 14:00:30'),(49,'image','Dataset',57,49,'2021-05-19 14:00:30'),(50,'image','Dataset',58,50,'2021-05-19 14:00:30'),(51,'image','Dataset',59,51,'2021-05-19 14:00:30'),(52,'image','Dataset',60,52,'2021-05-19 14:00:30'),(53,'image','Dataset',61,53,'2021-05-19 14:00:30'),(54,'image','Dataset',62,54,'2021-05-19 14:00:30'),(55,'image','Dataset',63,55,'2021-05-19 14:00:30'),(56,'image','Dataset',64,56,'2021-05-19 14:00:30'),(57,'image','Dataset',65,57,'2021-05-19 14:00:30'),(58,'image','Dataset',66,58,'2021-05-19 14:00:30'),(59,'image','Dataset',67,59,'2021-05-19 14:00:31'),(60,'image','Dataset',68,60,'2021-05-19 14:00:31'),(61,'image','Dataset',69,61,'2021-05-19 14:00:31'),(62,'image','Dataset',70,62,'2021-05-19 14:00:31'),(63,'image','Dataset',71,63,'2021-05-19 14:01:05'),(64,'image','Dataset',72,64,'2021-05-21 15:03:43'),(65,'image','Dataset',73,65,'2021-05-21 15:03:43'),(66,'image','Dataset',74,66,'2021-05-21 15:03:43'),(67,'image','Dataset',75,67,'2021-05-21 15:03:43'),(68,'image','Dataset',76,68,'2021-05-21 15:03:43'),(69,'image','Dataset',77,69,'2021-05-21 15:03:43'),(70,'image','Dataset',78,70,'2021-05-21 15:03:43'),(71,'image','Dataset',79,71,'2021-05-21 15:03:43'),(72,'image','Dataset',80,72,'2021-05-21 15:03:43'),(73,'image','Dataset',81,73,'2021-05-21 15:03:43'),(74,'image','Dataset',82,74,'2021-05-21 15:03:43'),(75,'image','Dataset',83,75,'2021-05-21 15:03:43'),(76,'image','Dataset',84,76,'2021-05-21 15:03:43'),(77,'image','Dataset',85,77,'2021-05-21 15:03:43'),(78,'image','Dataset',86,78,'2021-05-21 15:03:43'),(79,'image','Dataset',87,79,'2021-05-21 15:03:43'),(80,'image','Dataset',88,80,'2021-05-21 15:03:43'),(81,'image','Dataset',89,81,'2021-05-21 15:03:43'),(82,'image','Dataset',90,82,'2021-05-21 15:03:43'),(83,'image','Dataset',91,83,'2021-05-21 15:03:44'),(84,'image','Dataset',92,84,'2021-05-21 15:03:44'),(85,'image','Dataset',93,85,'2021-05-21 15:03:44'),(86,'image','Dataset',94,86,'2021-05-21 15:03:44'),(87,'image','Dataset',95,87,'2021-05-21 15:03:44'),(88,'image','Dataset',96,88,'2021-05-21 15:03:44'),(89,'image','Dataset',97,89,'2021-05-21 15:03:44'),(90,'image','Dataset',98,90,'2021-05-21 15:03:44'),(91,'image','Dataset',99,91,'2021-05-21 15:03:44'),(92,'image','Dataset',100,92,'2021-05-21 15:03:44'),(93,'image','Dataset',101,93,'2021-05-21 15:03:44'),(94,'image','Dataset',102,94,'2021-05-21 15:03:44'),(95,'image','Dataset',103,95,'2021-05-21 15:03:44'),(96,'image','Dataset',104,96,'2021-05-21 15:03:44'),(97,'image','Dataset',105,97,'2021-05-21 15:03:44'),(98,'image','Dataset',106,98,'2021-05-21 15:03:44'),(99,'image','Dataset',107,99,'2021-05-21 15:03:44'),(100,'image','Dataset',108,100,'2021-05-21 15:03:44'),(101,'image','Dataset',109,101,'2021-05-21 15:03:44'),(102,'image','Dataset',110,102,'2021-05-21 15:03:44'),(103,'image','Dataset',111,103,'2021-05-21 15:03:44'),(104,'image','Dataset',112,104,'2021-05-21 15:03:44'),(105,'image','Dataset',113,105,'2021-05-21 15:03:44'),(106,'image','Dataset',114,106,'2021-05-21 15:03:44'),(107,'image','Dataset',115,107,'2021-05-21 15:03:44'),(108,'image','Dataset',116,108,'2021-05-21 15:03:44'),(109,'image','Dataset',117,109,'2021-05-21 15:03:44'),(110,'image','Dataset',118,110,'2021-05-21 15:03:44'),(111,'image','Dataset',119,111,'2021-05-21 15:03:44'),(112,'image','Dataset',120,112,'2021-05-21 15:03:44'),(113,'image','Dataset',121,113,'2021-05-21 15:03:44'),(114,'image','Dataset',122,114,'2021-05-21 15:03:44'),(115,'image','Dataset',123,115,'2021-05-21 15:03:44'),(116,'image','Dataset',124,116,'2021-05-21 15:03:44'),(117,'image','Dataset',125,117,'2021-05-21 15:03:44'),(118,'image','Dataset',126,118,'2021-05-21 15:03:44'),(119,'image','Dataset',127,119,'2021-05-21 15:03:44'),(120,'image','Dataset',128,120,'2021-05-21 15:03:44'),(121,'image','Dataset',129,121,'2021-05-21 15:03:44'),(122,'image','Dataset',130,122,'2021-05-21 15:03:44'),(123,'image','Dataset',131,123,'2021-05-21 15:03:44'),(124,'image','Dataset',132,124,'2021-05-21 15:03:44'),(125,'image','Dataset',133,125,'2021-05-21 15:03:44'),(126,'image','Dataset',134,126,'2021-05-21 15:03:44'),(127,'image','Dataset',135,127,'2021-05-21 15:03:44'),(128,'image','Dataset',136,128,'2021-05-21 15:03:44'),(129,'image','Dataset',137,129,'2021-05-21 15:03:44'),(130,'image','Dataset',138,130,'2021-05-21 15:03:44'),(131,'image','Dataset',139,131,'2021-05-21 15:03:44'),(132,'image','Dataset',140,132,'2021-05-21 15:03:44'),(133,'image','Dataset',141,133,'2021-05-21 15:03:44'),(134,'image','Dataset',142,134,'2021-05-21 15:03:44'),(135,'image','Dataset',143,135,'2021-05-21 15:03:44'),(136,'image','Dataset',144,136,'2021-05-21 15:03:44'),(137,'image','Dataset',145,137,'2021-05-21 15:03:44'),(138,'image','Dataset',146,138,'2021-05-21 15:03:44'),(139,'image','Dataset',147,139,'2021-05-21 15:03:44'),(140,'image','Dataset',148,140,'2021-05-21 15:03:44'),(141,'image','Dataset',149,141,'2021-05-21 15:03:44'),(142,'image','Dataset',150,142,'2021-05-21 15:03:44'),(143,'image','Dataset',151,143,'2021-05-21 15:03:44'),(144,'image','Dataset',152,144,'2021-05-21 15:03:44'),(145,'image','Dataset',153,145,'2021-05-21 15:03:44'),(146,'image','Dataset',154,146,'2021-05-21 15:03:44'),(147,'image','Dataset',155,147,'2021-05-21 15:03:44'),(148,'image','Dataset',156,148,'2021-05-21 15:03:44'),(149,'image','Dataset',157,149,'2021-05-21 15:03:44'),(150,'image','Dataset',158,150,'2021-05-21 15:03:44'),(151,'image','Dataset',159,151,'2021-05-21 15:03:44'),(152,'image','Dataset',160,152,'2021-05-21 15:03:44'),(153,'image','Dataset',161,153,'2021-05-21 15:03:44'),(154,'image','Dataset',162,154,'2021-05-21 15:03:44'),(155,'image','Dataset',163,155,'2021-05-21 15:03:44'),(156,'image','Dataset',164,156,'2021-05-21 15:03:44'),(157,'image','Dataset',165,157,'2021-05-21 15:03:44'),(158,'image','Dataset',166,158,'2021-05-21 15:03:44'),(159,'image','Dataset',167,159,'2021-05-21 15:03:44'),(160,'image','Dataset',168,160,'2021-05-21 15:03:44'),(161,'image','Dataset',169,161,'2021-05-21 15:03:44'),(162,'image','Dataset',170,162,'2021-05-21 15:03:44'),(163,'image','Dataset',171,163,'2021-05-21 15:03:44'),(164,'image','Dataset',172,164,'2021-05-21 15:03:44'),(165,'image','Dataset',173,165,'2021-05-21 15:03:44'),(166,'image','Dataset',174,166,'2021-05-21 15:03:44'),(167,'image','Dataset',175,167,'2021-05-21 15:03:44'),(168,'image','Dataset',176,168,'2021-05-21 15:03:44'),(169,'image','Dataset',177,169,'2021-05-21 15:03:44'),(170,'image','Dataset',178,170,'2021-05-21 15:03:44'),(171,'image','Dataset',179,171,'2021-05-21 15:03:44'),(172,'image','Dataset',180,172,'2021-05-21 15:03:44'),(173,'image','Dataset',181,173,'2021-05-21 15:03:44'),(174,'image','Dataset',182,174,'2021-05-21 15:03:44'),(175,'image','Dataset',183,175,'2021-05-21 15:03:44'),(176,'image','Dataset',184,176,'2021-05-21 15:03:44'),(177,'image','Dataset',185,177,'2021-05-21 15:03:44'),(178,'image','Dataset',186,178,'2021-05-21 15:03:45'),(179,'image','Dataset',187,179,'2021-05-21 15:03:45'),(180,'image','Dataset',188,180,'2021-05-21 15:03:45'),(181,'image','Dataset',189,181,'2021-05-21 15:03:45'),(182,'image','Dataset',190,182,'2021-05-21 15:03:45'),(183,'image','Dataset',191,183,'2021-05-21 15:03:45'),(184,'image','Dataset',192,184,'2021-05-21 15:03:45'),(185,'image','Dataset',193,185,'2021-05-21 15:03:45'),(186,'image','Dataset',194,186,'2021-05-21 15:03:45'),(187,'image','Dataset',195,187,'2021-05-21 15:03:45'),(188,'image','Dataset',196,188,'2021-05-21 15:03:45'),(189,'image','Dataset',197,189,'2021-05-21 15:03:45'),(190,'image','Dataset',198,190,'2021-05-21 15:03:45'),(191,'image','Dataset',199,191,'2021-05-21 15:03:45'),(192,'image','Dataset',200,192,'2021-05-21 15:03:45'),(193,'image','Dataset',201,193,'2021-05-21 15:03:45'),(194,'image','Dataset',202,194,'2021-05-21 15:03:45'),(195,'image','Dataset',203,195,'2021-05-21 15:03:45'),(196,'image','Dataset',204,196,'2021-05-21 15:03:45'),(197,'image','Dataset',205,197,'2021-05-21 15:03:45'),(198,'image','Dataset',206,198,'2021-05-21 15:03:45'),(199,'image','Dataset',207,199,'2021-05-21 15:03:45'),(200,'image','Dataset',208,200,'2021-05-21 15:03:45'),(201,'image','Dataset',209,201,'2021-05-21 15:03:45'),(202,'image','Dataset',210,202,'2021-05-21 15:03:45'),(203,'image','Dataset',211,203,'2021-05-21 15:03:45'),(204,'image','Dataset',212,204,'2021-05-21 15:03:45'),(205,'image','Dataset',213,205,'2021-05-21 15:03:45'),(206,'image','Dataset',214,206,'2021-05-21 15:03:45'),(207,'image','Dataset',215,207,'2021-05-21 15:03:45'),(208,'image','Dataset',216,208,'2021-05-21 15:03:45'),(209,'image','Dataset',217,209,'2021-05-21 15:03:45'),(210,'image','Dataset',218,210,'2021-05-21 15:03:45'),(211,'image','Dataset',219,211,'2021-05-21 15:03:45'),(212,'image','Dataset',220,212,'2021-05-21 15:03:45'),(213,'image','Dataset',221,213,'2021-05-21 15:03:45'),(214,'image','Dataset',222,214,'2021-05-21 15:03:45'),(215,'image','Dataset',223,215,'2021-05-21 15:03:45'),(216,'image','Dataset',224,216,'2021-05-21 15:03:45'),(217,'image','Dataset',225,217,'2021-05-21 15:03:45'),(218,'image','Dataset',226,218,'2021-05-21 15:03:45'),(219,'image','Dataset',227,219,'2021-05-21 15:03:45'),(220,'image','Dataset',228,220,'2021-05-21 15:03:45'),(221,'image','Dataset',229,221,'2021-05-21 15:03:45'),(222,'image','Dataset',230,222,'2021-05-21 15:03:45'),(223,'image','Dataset',231,223,'2021-05-21 15:03:45'),(224,'image','Dataset',232,224,'2021-05-21 15:03:45'),(225,'image','Dataset',233,225,'2021-05-21 15:03:45'),(226,'image','Dataset',234,226,'2021-05-21 15:03:45'),(227,'image','Dataset',235,227,'2021-05-21 15:03:45'),(228,'image','Dataset',236,228,'2021-05-21 15:03:45'),(229,'image','Dataset',237,229,'2021-05-21 15:03:45'),(230,'image','Dataset',238,230,'2021-05-21 15:03:45'),(231,'image','Dataset',239,231,'2021-05-21 15:03:45'),(232,'image','Dataset',240,232,'2021-05-21 15:03:45'),(233,'image','Dataset',241,233,'2021-05-21 15:03:45'),(234,'image','Dataset',242,234,'2021-05-21 15:03:45'),(235,'image','Dataset',243,235,'2021-05-21 15:03:45'),(236,'image','Dataset',244,236,'2021-05-21 15:03:45'),(237,'image','Dataset',245,237,'2021-05-21 15:03:45'),(238,'image','Dataset',246,238,'2021-05-21 15:03:45'),(239,'image','Dataset',247,239,'2021-05-21 15:03:45'),(240,'image','Dataset',248,240,'2021-05-21 15:03:45'),(241,'image','Dataset',249,241,'2021-05-21 15:03:45'),(242,'image','Dataset',250,242,'2021-05-21 15:03:45'),(243,'image','Dataset',251,243,'2021-05-21 15:03:45'),(244,'image','Dataset',252,244,'2021-05-21 15:03:45'),(245,'image','Dataset',253,245,'2021-05-21 15:03:45'),(246,'image','Dataset',254,246,'2021-05-21 15:03:45'),(247,'image','Dataset',255,247,'2021-05-21 15:03:45'),(248,'image','Dataset',256,248,'2021-05-21 15:03:45'),(249,'image','Dataset',257,249,'2021-05-21 15:03:45'),(250,'image','Dataset',258,250,'2021-05-21 15:03:45'),(251,'image','Dataset',259,251,'2021-05-21 15:03:45'),(252,'image','Dataset',260,252,'2021-05-21 15:03:45'),(253,'image','Dataset',261,253,'2021-05-21 15:03:45'),(254,'image','Dataset',262,254,'2021-05-21 15:03:45'),(255,'image','Dataset',263,255,'2021-05-21 15:03:45'),(256,'image','Dataset',264,256,'2021-05-21 15:03:45'),(257,'image','Dataset',265,257,'2021-05-21 15:03:45'),(258,'image','Dataset',266,258,'2021-05-21 15:03:45'),(259,'image','Dataset',267,259,'2021-05-21 15:03:45'),(260,'image','Dataset',268,260,'2021-05-21 15:03:45'),(261,'image','Dataset',269,261,'2021-05-21 15:03:45'),(262,'image','Dataset',270,262,'2021-05-21 15:03:45'),(263,'image','Dataset',271,263,'2021-05-21 15:03:45'),(264,'image','Dataset',272,264,'2021-05-21 15:03:45'),(265,'image','Dataset',273,265,'2021-05-21 15:03:45'),(266,'image','Dataset',274,266,'2021-05-21 15:03:45'),(267,'image','Dataset',275,267,'2021-05-21 15:03:45'),(268,'image','Dataset',276,268,'2021-05-21 15:03:45'),(269,'image','Dataset',277,269,'2021-05-21 15:03:45'),(270,'image','Dataset',278,270,'2021-05-21 15:03:45'),(271,'image','Dataset',279,271,'2021-05-21 15:03:45'),(272,'image','Dataset',280,272,'2021-05-21 15:03:45'),(273,'image','Dataset',281,273,'2021-05-21 15:03:45'),(274,'image','Dataset',282,274,'2021-05-21 15:03:45'),(275,'image','Dataset',283,275,'2021-05-21 15:03:46'),(276,'image','Dataset',284,276,'2021-05-21 15:03:46'),(277,'image','Dataset',285,277,'2021-05-21 15:03:46'),(278,'image','Dataset',286,278,'2021-05-21 15:03:46'),(279,'image','Dataset',287,279,'2021-05-21 15:03:46'),(280,'image','Dataset',288,280,'2021-05-21 15:03:46'),(281,'image','Dataset',289,281,'2021-05-21 15:03:46'),(282,'image','Dataset',290,282,'2021-05-21 15:03:46'),(283,'image','Dataset',291,283,'2021-05-21 15:03:46'),(284,'image','Dataset',292,284,'2021-05-21 15:03:46'),(285,'image','Dataset',293,285,'2021-05-21 15:03:46'),(286,'image','Dataset',294,286,'2021-05-21 15:03:46'),(287,'image','Dataset',295,287,'2021-05-21 15:03:46'),(288,'image','Dataset',296,288,'2021-05-21 15:03:46'),(289,'image','Dataset',297,289,'2021-05-21 15:03:46'),(290,'image','Dataset',298,290,'2021-05-21 15:03:46'),(291,'image','Dataset',299,291,'2021-05-21 15:03:46'),(292,'image','Dataset',300,292,'2021-05-21 15:03:46'),(293,'image','Dataset',301,293,'2021-05-21 15:03:46'),(294,'image','Dataset',302,294,'2021-05-21 15:03:46'),(295,'image','Dataset',303,295,'2021-05-21 15:03:46'),(296,'image','Dataset',304,296,'2021-05-21 15:03:46'),(297,'image','Dataset',305,297,'2021-05-21 15:03:46'),(298,'image','Dataset',306,298,'2021-05-21 15:03:46'),(299,'image','Dataset',307,299,'2021-05-21 15:03:46'),(300,'image','Dataset',308,300,'2021-05-21 15:03:46'),(301,'image','Dataset',309,301,'2021-05-21 15:03:46'),(302,'image','Dataset',310,302,'2021-05-21 15:03:46'),(303,'image','Dataset',311,303,'2021-05-21 15:03:46'),(304,'image','Dataset',312,304,'2021-05-21 15:03:46'),(305,'image','Dataset',313,305,'2021-05-21 15:03:46'),(306,'image','Dataset',314,306,'2021-05-21 15:03:46'),(307,'image','Dataset',315,307,'2021-05-21 15:03:46'),(308,'image','Dataset',316,308,'2021-05-21 15:03:46'),(309,'image','Dataset',317,309,'2021-05-21 15:03:46'),(310,'image','Dataset',318,310,'2021-05-21 15:03:46'),(311,'image','Dataset',319,311,'2021-05-21 15:03:46'),(312,'image','Dataset',320,312,'2021-05-21 15:03:46'),(313,'image','Dataset',321,313,'2021-05-21 15:03:46'),(314,'image','Dataset',322,314,'2021-05-21 15:03:46'),(315,'image','Dataset',323,315,'2021-05-21 15:03:46'),(316,'image','Dataset',324,316,'2021-05-22 17:09:48');
/*!40000 ALTER TABLE `active_storage_attachments` ENABLE KEYS */;
UNLOCK TABLES;

--
-- Table structure for table `active_storage_blobs`
--

DROP TABLE IF EXISTS `active_storage_blobs`;
/*!40101 SET @saved_cs_client     = @@character_set_client */;
/*!40101 SET character_set_client = utf8 */;
CREATE TABLE `active_storage_blobs` (
  `id` bigint(20) NOT NULL AUTO_INCREMENT,
  `key` varchar(255) NOT NULL,
  `filename` varchar(255) NOT NULL,
  `content_type` varchar(255) DEFAULT NULL,
  `metadata` text,
  `service_name` varchar(255) NOT NULL,
  `byte_size` bigint(20) NOT NULL,
  `checksum` varchar(255) NOT NULL,
  `created_at` datetime NOT NULL,
  PRIMARY KEY (`id`),
  UNIQUE KEY `index_active_storage_blobs_on_key` (`key`)
) ENGINE=InnoDB AUTO_INCREMENT=317 DEFAULT CHARSET=utf8mb4;
/*!40101 SET character_set_client = @saved_cs_client */;

--
-- Dumping data for table `active_storage_blobs`
--

LOCK TABLES `active_storage_blobs` WRITE;
/*!40000 ALTER TABLE `active_storage_blobs` DISABLE KEYS */;
INSERT INTO `active_storage_blobs` VALUES (1,'wvd0u82w0wcq5dw63gnft9gij0sw','oxxo4.jpg','image/jpeg','{\"identified\":true,\"analyzed\":true}','local',289692,'VBtiQ9Iyx0f9sMCbC1STWg==','2021-05-17 13:52:19'),(9,'af6h52w4hatl3d53suh71udavnr8','1621432829899596.jpg','image/jpeg','{\"identified\":true,\"analyzed\":true}','local',326169,'h+mKzHxcrEDAvr4uggqnXw==','2021-05-19 14:00:29'),(10,'kyf5iqbnjs1cwlzttc43bintvo6x','1621432829937392.jpg','image/jpeg','{\"identified\":true,\"analyzed\":true}','local',242101,'RJOt5ja0Q7s16hVYYL3Z3Q==','2021-05-19 14:00:29'),(11,'k26l3gmgoneu3qbuaap0ce2385yl','1621432829996860.jpg','image/jpeg','{\"identified\":true,\"analyzed\":true}','local',260724,'+Cdn0gRjJzJLG7uP5/+uYg==','2021-05-19 14:00:30'),(12,'7y29nabwjtq7wlq0abgr07cxrrz9','162143283023361.jpg','image/jpeg','{\"identified\":true,\"analyzed\":true}','local',271421,'+rjfej7iipNcylYN/NPcDQ==','2021-05-19 14:00:30'),(13,'vo8evysqmjum7drljm33fjh941iz','162143283051819.jpg','image/jpeg','{\"identified\":true,\"analyzed\":true}','local',278427,'nt9XW+P6NjPUXM3R71QS7w==','2021-05-19 14:00:30'),(14,'gwi71ng18i8dhkt3l3kd9htat8uj','162143283067802.jpg','image/jpeg','{\"identified\":true,\"analyzed\":true}','local',268858,'/jaGxj8utDgAieuTUj29fw==','2021-05-19 14:00:30'),(15,'cgpfw2uxg1zdcv8xq0q2x2cklzbc','162143283087274.jpg','image/jpeg','{\"identified\":true,\"analyzed\":true}','local',301244,'qWnjt/kDDtPqzrqDX8tmPA==','2021-05-19 14:00:30'),(16,'x6mgk659ll5hux7rfa1bsy33b33d','1621432830111956.jpg','image/jpeg','{\"identified\":true,\"analyzed\":true}','local',316325,'/tXj6+aNdNiJC2b8L/JEig==','2021-05-19 14:00:30'),(17,'99n02tq2w2s9d9tsdsoobwc3d7f7','1621432830125713.jpg','image/jpeg','{\"identified\":true,\"analyzed\":true}','local',315372,'ArqaqJgWg1q0fK75vNXPdQ==','2021-05-19 14:00:30'),(18,'a36rfcka1r15vuy0knpwhu85hkpn','1621432830160955.jpg','image/jpeg','{\"identified\":true,\"analyzed\":true}','local',291848,'Qdv0Om8r4WLkGb2ddO+OMA==','2021-05-19 14:00:30'),(19,'r00kyhqgfztz5s8e6aj6v5toi34y','1621432830177721.jpg','image/jpeg','{\"identified\":true,\"analyzed\":true}','local',297375,'yYb9pOW6exlHtswmpUvnUw==','2021-05-19 14:00:30'),(20,'mlldm8bxrb2718bo4zgqs3r2xpfn','1621432830191341.jpg','image/jpeg','{\"identified\":true,\"analyzed\":true}','local',368104,'FAUmUa8fOW/XIAkGKX4LMA==','2021-05-19 14:00:30'),(21,'xks3r08fwrzy9w0y51dmqyhlvway','1621432830224880.jpg','image/jpeg','{\"identified\":true,\"analyzed\":true}','local',278416,'MEeiO05F498qNU4UuqBbzQ==','2021-05-19 14:00:30'),(22,'oycslqs66gcroyf69gp6khip0imj','1621432830234075.jpg','image/jpeg','{\"identified\":true,\"analyzed\":true}','local',391888,'se2M+zPcW4UtExjEF0Hqbw==','2021-05-19 14:00:30'),(23,'h09tlb57gh7qt2g1s4upildojsrt','1621432830247004.jpg','image/jpeg','{\"identified\":true,\"analyzed\":true}','local',350947,'+dWMFQB49mq+GOuDytSZQg==','2021-05-19 14:00:30'),(24,'j0ivzw1p4ng070c79m10t2ci93fo','1621432830258461.jpg','image/jpeg','{\"identified\":true,\"analyzed\":true}','local',359651,'dlwbHTGtBTlSFrBptz3lkg==','2021-05-19 14:00:30'),(25,'zrqda05esyjkgnnyrsjgdtob8tzx','1621432830273687.jpg','image/jpeg','{\"identified\":true,\"analyzed\":true}','local',272046,'H6WzEjjsUy88Rj9XagyKiA==','2021-05-19 14:00:30'),(26,'jaf9l4y0j1yzqyekvwb6s0i3knmh','1621432830281899.jpg','image/jpeg','{\"identified\":true,\"analyzed\":true}','local',299282,'BQj1d76WGycMzyaqZDu/vw==','2021-05-19 14:00:30'),(27,'pn5f4nbiqczlxo7zsol4885jthb2','1621432830295308.jpg','image/jpeg','{\"identified\":true,\"analyzed\":true}','local',339923,'+4sT1S/nIIztsPTeudOhPg==','2021-05-19 14:00:30'),(28,'bl750grcol85vftih614ro75bvgu','1621432830308827.jpg','image/jpeg','{\"identified\":true,\"analyzed\":true}','local',351397,'8bs2S5NZiZrE9WIIsAKpMg==','2021-05-19 14:00:30'),(29,'8ow11ru8q9ihai34ip7fwpbnzgxz','1621432830325807.jpg','image/jpeg','{\"identified\":true,\"analyzed\":true}','local',328846,'m+0LpVc/kjc16vobnsrGpA==','2021-05-19 14:00:30'),(30,'hoaw82830jtrbnmqgovhfhzka9sq','1621432830335247.jpg','image/jpeg','{\"identified\":true,\"analyzed\":true}','local',340527,'Bh9AiU7aqqj+DAA9R51O5Q==','2021-05-19 14:00:30'),(31,'lgwa3g8p3kympsus6kqxdnpqy5t4','1621432830346473.jpg','image/jpeg','{\"identified\":true,\"analyzed\":true}','local',323708,'eEzW61PgEJsdGV6qinlgrQ==','2021-05-19 14:00:30'),(32,'yk5ilm7huq6c9bw68capx0a26sy9','1621432830359464.jpg','image/jpeg','{\"identified\":true,\"analyzed\":true}','local',322879,'nvJad34pq/KnbkyXiktmVA==','2021-05-19 14:00:30'),(33,'tosa1puaymrcn4ewuqx0vzie9vs5','1621432830374181.jpg','image/jpeg','{\"identified\":true,\"analyzed\":true}','local',315809,'Vyx6zZktSp/umidZyAwlvg==','2021-05-19 14:00:30'),(34,'2oc1a5ntm6kue9kwzmt2fzr7rxq2','1621432830387979.jpg','image/jpeg','{\"identified\":true,\"analyzed\":true}','local',403923,'P5L34hF6sNK0Md6xDQZpgg==','2021-05-19 14:00:30'),(35,'rcf2oabr5pw32jzynflf4znmthp1','1621432830400750.jpg','image/jpeg','{\"identified\":true,\"analyzed\":true}','local',272937,'Qv5Kjdl5wSDDl+zNz8lAeQ==','2021-05-19 14:00:30'),(36,'g3j7gv6i6y2hh6dqk36114umk2y0','1621432830417490.jpg','image/jpeg','{\"identified\":true,\"analyzed\":true}','local',314100,'x/NXarxEevPEmBZOougLkg==','2021-05-19 14:00:30'),(37,'sxqpj1bnii6mtgshrp6qw2yqsoi3','1621432830432123.jpg','image/jpeg','{\"identified\":true,\"analyzed\":true}','local',305407,'lFbBKJKhXYWVbgH/xxJIFw==','2021-05-19 14:00:30'),(38,'nspyph7ba6s50pyxwsix753fteps','1621432830455830.jpg','image/jpeg','{\"identified\":true,\"analyzed\":true}','local',301241,'juriR/lmVELWgGR/1DZE1w==','2021-05-19 14:00:30'),(39,'vcx544qo2mie3df4vtu9b7mpaqhk','1621432830483637.jpg','image/jpeg','{\"identified\":true,\"analyzed\":true}','local',405142,'9XXZ6YeqHbGRjTMVOiDJQw==','2021-05-19 14:00:30'),(40,'sgxhb1lsouy4mm20wotn2aysfxxp','1621432830623392.jpg','image/jpeg','{\"identified\":true,\"analyzed\":true}','local',422371,'aqgeCm5tQrgWj+FfXcKC7A==','2021-05-19 14:00:30'),(41,'i7oo439xm0hegp81furms5eznp2e','1621432830643218.jpg','image/jpeg','{\"identified\":true,\"analyzed\":true}','local',387974,'lDGqcm560tYqepQ0vv6IKw==','2021-05-19 14:00:30'),(42,'gsw04d0vg91pgl5347okd9el1rmx','1621432830669067.jpg','image/jpeg','{\"identified\":true,\"analyzed\":true}','local',373882,'IKX6Bvk9K/VN0eR2NdhLfA==','2021-05-19 14:00:30'),(43,'ekcftbegwr4ulluflz82m4j9cmje','1621432830682810.jpg','image/jpeg','{\"identified\":true,\"analyzed\":true}','local',415645,'WKbOYk8GkKJ6Mq8aZd2Uiw==','2021-05-19 14:00:30'),(44,'vz0zrfwzbwkup4kxfv5c1fsotfgh','1621432830696255.jpg','image/jpeg','{\"identified\":true,\"analyzed\":true}','local',319818,'krxHOUnBAhxI0XN6rJI/JQ==','2021-05-19 14:00:30'),(45,'3u5fc19f7eg5oggald8y3hawzr8n','1621432830715625.jpg','image/jpeg','{\"identified\":true,\"analyzed\":true}','local',378568,'8+pziB5XFU1ek7B9VOcyZA==','2021-05-19 14:00:30'),(46,'k0ctmb8vq89lrpzr9h6iwu36fqj4','1621432830729718.jpg','image/jpeg','{\"identified\":true,\"analyzed\":true}','local',247389,'6UJm3/UTpTQjA6oPBwHIgA==','2021-05-19 14:00:30'),(47,'hxgr9t2xlnourrljcxbvab25cmcp','1621432830740640.jpg','image/jpeg','{\"identified\":true,\"analyzed\":true}','local',339599,'z6p5HaLTQGeXWemw5R7j9g==','2021-05-19 14:00:30'),(48,'srtil79l7jix90n0tnmcc1gj01ko','1621432830753756.jpg','image/jpeg','{\"identified\":true,\"analyzed\":true}','local',330013,'4r+8X8LIAdH19ceqTGWICA==','2021-05-19 14:00:30'),(49,'riuiwue01sxdf611aw3q85tr69xo','1621432830772653.jpg','image/jpeg','{\"identified\":true,\"analyzed\":true}','local',338278,'IrAVkSx0FgXbEHKKepKjkA==','2021-05-19 14:00:30'),(50,'ajf7cwgu1ul7esm0jd812mr9at6n','1621432830785483.jpg','image/jpeg','{\"identified\":true,\"analyzed\":true}','local',343807,'v3gZGOfSQZ9vVBN3uD+mLA==','2021-05-19 14:00:30'),(51,'9z0dgoli4nt72vvrc67vaj5n8sm2','1621432830799861.jpg','image/jpeg','{\"identified\":true,\"analyzed\":true}','local',338802,'b7QwVuZ47TDPStqRSnenng==','2021-05-19 14:00:30'),(52,'3vii56bsi39voeiw8ymtk1irgn02','1621432830835995.jpg','image/jpeg','{\"identified\":true,\"analyzed\":true}','local',355660,'Z2sg31Ie213djVPF6AtvZg==','2021-05-19 14:00:30'),(53,'8wfwya5veqmmkzl72cmcs07srbbx','1621432830890988.jpg','image/jpeg','{\"identified\":true,\"analyzed\":true}','local',338622,'5GNx10qjsZIZcCK+5k1g0g==','2021-05-19 14:00:30'),(54,'cfvjq98e3z5lheml7vveavb3qeia','1621432830900682.jpg','image/jpeg','{\"identified\":true,\"analyzed\":true}','local',372601,'rO40hvGSCnjfr79+mi8tiQ==','2021-05-19 14:00:30'),(55,'2x06mort0wh7gnmswntxhgc48jpb','1621432830913267.jpg','image/jpeg','{\"identified\":true,\"analyzed\":true}','local',416791,'xHrZ/dEaq9qbxc08CbNutQ==','2021-05-19 14:00:30'),(56,'e6zixn5ri591jrsxq22a8xoc7czt','1621432830927367.jpg','image/jpeg','{\"identified\":true,\"analyzed\":true}','local',420575,'7zrLcqVq4003RARKkjsS3Q==','2021-05-19 14:00:30'),(57,'relhno06fufn9vnksxjy6xzn5r88','1621432830945444.jpg','image/jpeg','{\"identified\":true,\"analyzed\":true}','local',377937,'uENt88lMTTJnzovBQr+fvg==','2021-05-19 14:00:30'),(58,'hghu4zqkvmbmgttgdo8o06e5uip6','1621432830965432.jpg','image/jpeg','{\"identified\":true,\"analyzed\":true}','local',477126,'FWZY1WdYY4mOldjsDnEhWw==','2021-05-19 14:00:30'),(59,'ixciab28gir560ybd5xagtjefceg','162143283133512.jpg','image/jpeg','{\"identified\":true,\"analyzed\":true}','local',396362,'yxStINzDctpsKlgjYanzBg==','2021-05-19 14:00:31'),(60,'e8vn94zvf7gksg5kvey3bumgufud','162143283183166.jpg','image/jpeg','{\"identified\":true,\"analyzed\":true}','local',396159,'cs0o5YGPDvxGE6tIHMx4Kw==','2021-05-19 14:00:31'),(61,'kfq60yu8ibv5oebvyvzbkmzc1t5z','1621432831117390.jpg','image/jpeg','{\"identified\":true,\"analyzed\":true}','local',404382,'TESoVwVd1K9wIFEtsxE11Q==','2021-05-19 14:00:31'),(62,'l8e55jvetrct0lkay3osmkre6szv','1621432831128748.jpg','image/jpeg','{\"identified\":true,\"analyzed\":true}','local',467599,'VC4BdqPnxauCvVZhNQilow==','2021-05-19 14:00:31'),(63,'ccswp8oub8jfwbr32sca3t1y5zj2','1621432865373376.jpg','image/jpeg','{\"identified\":true,\"analyzed\":true}','local',274361,'QtmE3Tmjt1jPHGpAlG35qg==','2021-05-19 14:01:05'),(64,'9lg8jt24202n8kx7kgyj7w369vtx','1621609423584831.jpg','image/jpeg','{\"identified\":true,\"analyzed\":true}','local',471570,'fbvJ0K3BOalPnfpvlM0nXg==','2021-05-21 15:03:43'),(65,'hdhau0gr95kwcpi9kq5o5uc1zf1q','1621609423647426.jpg','image/jpeg','{\"identified\":true,\"analyzed\":true}','local',420917,'tW/K25vqrz4cxQYYE1hU8g==','2021-05-21 15:03:43'),(66,'lji8nmosh2u09gzjm7vdaljfqzzp','1621609423681415.jpg','image/jpeg','{\"identified\":true,\"analyzed\":true}','local',400976,'YQjuBUvZMAZ72YD5Zbe7pg==','2021-05-21 15:03:43'),(67,'az29p0jjfsihybbhn3he43pw0w2h','1621609423691148.jpg','image/jpeg','{\"identified\":true,\"analyzed\":true}','local',329607,'LeUAkoadFXy9Lqoufrpfyg==','2021-05-21 15:03:43'),(68,'c6mk7xvw5406r193ykm60ygxw7ne','1621609423738268.jpg','image/jpeg','{\"identified\":true,\"analyzed\":true}','local',317314,'jknGYpwl1wl33fnMzcZL8A==','2021-05-21 15:03:43'),(69,'st7z0srm4r3t4ktt1h1fqwaygnir','1621609423862512.jpg','image/jpeg','{\"identified\":true,\"analyzed\":true}','local',406853,'GU2XSTEgG3TwjKc+b8Io0g==','2021-05-21 15:03:43'),(70,'fhj9vkpw4qlodphx3271texkeula','1621609423872513.jpg','image/jpeg','{\"identified\":true,\"analyzed\":true}','local',284569,'CMTh//wRryGuwIXst3K1Qw==','2021-05-21 15:03:43'),(71,'f0bwf813bonqa0i387n7glid4l5m','1621609423881340.jpg','image/jpeg','{\"identified\":true,\"analyzed\":true}','local',416786,'x+3+467j8nDIggV08RS8HA==','2021-05-21 15:03:43'),(72,'ba2oc132u3wms4wq23bjcx1xe50j','1621609423893914.jpg','image/jpeg','{\"identified\":true,\"analyzed\":true}','local',464834,'LFFz8NW99+9M//nNq2F/aA==','2021-05-21 15:03:43'),(73,'y2bcenobvkh1gwcxxqjea1zipw0z','1621609423908191.jpg','image/jpeg','{\"identified\":true,\"analyzed\":true}','local',383987,'Td0sGR8YKns9QnHphfqSGQ==','2021-05-21 15:03:43'),(74,'0fb6iyrmyn0aeiakf9fy36xmkdkv','1621609423918996.jpg','image/jpeg','{\"identified\":true,\"analyzed\":true}','local',355443,'NthTBJfFmQkG6oJPA0UqQA==','2021-05-21 15:03:43'),(75,'5gvbachive21m3ksa4bx4jnzdhd5','1621609423927653.jpg','image/jpeg','{\"identified\":true,\"analyzed\":true}','local',358958,'Wmg80GvTbBzowgHGuISo/Q==','2021-05-21 15:03:43'),(76,'ukuz69t09ehudxu4uyj7kp8o8cs8','1621609423936288.jpg','image/jpeg','{\"identified\":true,\"analyzed\":true}','local',410285,'F6x+X/ln+neSeNSXOnrN7w==','2021-05-21 15:03:43'),(77,'m4ewm5dt3nniwzn1h9shpcoch9jr','1621609423945362.jpg','image/jpeg','{\"identified\":true,\"analyzed\":true}','local',332341,'vgUsehh2bgqEuuj5vb526A==','2021-05-21 15:03:43'),(78,'wue4q87g14rt9hglk4mluuohdw65','1621609423954159.jpg','image/jpeg','{\"identified\":true,\"analyzed\":true}','local',402422,'arwf7PsJNgtRjWbe37eNTA==','2021-05-21 15:03:43'),(79,'af58ifsmqn2tcv1s3kzl787a93ur','1621609423963686.jpg','image/jpeg','{\"identified\":true,\"analyzed\":true}','local',403563,'AT6NY2vS2cP8ZgDcHS9xEg==','2021-05-21 15:03:43'),(80,'4maioqx10wkin6d6inbib4nbszs4','1621609423975320.jpg','image/jpeg','{\"identified\":true,\"analyzed\":true}','local',352993,'L/ZRBTrbfGo8ATrQFTnR9Q==','2021-05-21 15:03:43'),(81,'npdaoygnebpsa663764ublyviieo','1621609423984475.jpg','image/jpeg','{\"identified\":true,\"analyzed\":true}','local',408785,'TtEojzSfLIUxovMvsRb0NQ==','2021-05-21 15:03:43'),(82,'03pkf5dju4l6mg8gh6ulit9q41i8','1621609423994054.jpg','image/jpeg','{\"identified\":true,\"analyzed\":true}','local',376341,'TIn12W8Dr/wfXONmWXT0OA==','2021-05-21 15:03:43'),(83,'q5kkq623l85h4k1z14c1mhh1jpm9','16216094242762.jpg','image/jpeg','{\"identified\":true,\"analyzed\":true}','local',409168,'gIHPzvCWDChYJcPgMBa8iw==','2021-05-21 15:03:44'),(84,'exx216mz8s84gw6r0v0ubgmx65ld','162160942411827.jpg','image/jpeg','{\"identified\":true,\"analyzed\":true}','local',428710,'M7f87x9jRCVOIm3xBF6hCQ==','2021-05-21 15:03:44'),(85,'sj5iw3tbu67ag3eimljqdkyysgty','162160942422913.jpg','image/jpeg','{\"identified\":true,\"analyzed\":true}','local',364861,'xhrA+uc6odJ3r8uEqb5+kA==','2021-05-21 15:03:44'),(86,'iek9ksenyli9a0f2e6nj2o8h8idf','162160942431999.jpg','image/jpeg','{\"identified\":true,\"analyzed\":true}','local',398747,'3ZJE3KiQSC5ScwZz5bC1eQ==','2021-05-21 15:03:44'),(87,'13d43ng6br9kdxswwkgtdodmnyf3','162160942441251.jpg','image/jpeg','{\"identified\":true,\"analyzed\":true}','local',469820,'88rzxx8KF47lIt7BYvc8Cw==','2021-05-21 15:03:44'),(88,'4ak8ow1l39mgx4qzj8ifhkuuktyg','162160942453680.jpg','image/jpeg','{\"identified\":true,\"analyzed\":true}','local',384150,'RHJm9ayfICXGn/eMCNkMsQ==','2021-05-21 15:03:44'),(89,'4qsyww4mw9hn58rtr3bkydzobpba','162160942471385.jpg','image/jpeg','{\"identified\":true,\"analyzed\":true}','local',450206,'QtglpfLW03GbIhLfSxSsEQ==','2021-05-21 15:03:44'),(90,'d0e3zqzzv1gvtkh7rtwloajv85j7','162160942497408.jpg','image/jpeg','{\"identified\":true,\"analyzed\":true}','local',524763,'5E6nA1cirFVXeAFxArYLHw==','2021-05-21 15:03:44'),(91,'kivqm422vrej95hw9v4sui2lnlz4','1621609424107563.jpg','image/jpeg','{\"identified\":true,\"analyzed\":true}','local',503683,'evCKjg4pbf2U1PpgbyaH1g==','2021-05-21 15:03:44'),(92,'d0df2tn2eyaoyfljtgab1ks0d3af','1621609424118190.jpg','image/jpeg','{\"identified\":true,\"analyzed\":true}','local',605433,'qpcABAas3QT7u/vG8bIw5Q==','2021-05-21 15:03:44'),(93,'6ikz9dem5urfma85as1n2dusvxz3','1621609424130100.jpg','image/jpeg','{\"identified\":true,\"analyzed\":true}','local',421357,'tQmLmKncNACcn8N2EVkfeQ==','2021-05-21 15:03:44'),(94,'aeaao67e3g6xvw5ny2jeeiavh93g','1621609424140239.jpg','image/jpeg','{\"identified\":true,\"analyzed\":true}','local',458177,'hD9UghlQCABklbxwUqrdng==','2021-05-21 15:03:44'),(95,'ilmd2w14dspf9d26cmz20m5oyqok','1621609424149409.jpg','image/jpeg','{\"identified\":true,\"analyzed\":true}','local',301226,'8feY7GPruO4s6Gle5Ek83A==','2021-05-21 15:03:44'),(96,'71a8jhd56kd5km0ebegq0zvnn7x2','1621609424157880.jpg','image/jpeg','{\"identified\":true,\"analyzed\":true}','local',412873,'qBRdDb8mYZQng19wUBvtrQ==','2021-05-21 15:03:44'),(97,'84k25ztx309e41jdx7cbhladfnzq','1621609424167132.jpg','image/jpeg','{\"identified\":true,\"analyzed\":true}','local',482069,'wmayOiFqqovNyaA7UfCbww==','2021-05-21 15:03:44'),(98,'iodzrbnue1qf93df7qwqpzqwxb8y','1621609424177844.jpg','image/jpeg','{\"identified\":true,\"analyzed\":true}','local',379058,'FMJ5QcKHIcCS7TvHkxLIXQ==','2021-05-21 15:03:44'),(99,'lfjfyqznjfjo60qq730psegz355t','1621609424187932.jpg','image/jpeg','{\"identified\":true,\"analyzed\":true}','local',469734,'UwVnqM3CXOEF7fJS9tJrzg==','2021-05-21 15:03:44'),(100,'8wynrwme4dfkgqpepfojgr2gn84p','1621609424197349.jpg','image/jpeg','{\"identified\":true,\"analyzed\":true}','local',435457,'vDoDLqGMTF6KtHC2BTVLGw==','2021-05-21 15:03:44'),(101,'3w9x4k0h9yhndd4hop0gtyu2649t','1621609424207067.jpg','image/jpeg','{\"identified\":true,\"analyzed\":true}','local',399595,'FffJk72DGFo++tpRP2GCHQ==','2021-05-21 15:03:44'),(102,'a32nsxd0cvn8hw1iz5s2v4cx1dnc','1621609424216586.jpg','image/jpeg','{\"identified\":true,\"analyzed\":true}','local',592765,'4BCHX/BSZ58DO+MdyMT5LA==','2021-05-21 15:03:44'),(103,'gxzoxg25v94zaakvjbiluifiv732','1621609424228004.jpg','image/jpeg','{\"identified\":true,\"analyzed\":true}','local',362539,'h6C9SE19HNt0pBRYMmoW5A==','2021-05-21 15:03:44'),(104,'iuy1rvtecjjyun0ptnhcgokefugo','1621609424238386.jpg','image/jpeg','{\"identified\":true,\"analyzed\":true}','local',411847,'7s6Y60ndcIntcMBqB5l21w==','2021-05-21 15:03:44'),(105,'d3ro5ls13yyvteehxvhgtdw1h9m9','1621609424247513.jpg','image/jpeg','{\"identified\":true,\"analyzed\":true}','local',385375,'XyE0v9Jyun0xXvkp5F+JGg==','2021-05-21 15:03:44'),(106,'nzjv68duiw9xhssalvlhaupqptxb','1621609424256775.jpg','image/jpeg','{\"identified\":true,\"analyzed\":true}','local',430599,'WJ2exrG7lM+SuJpyPgARqw==','2021-05-21 15:03:44'),(107,'rayazoum3w79y40bc6sh8w35wm7c','1621609424265835.jpg','image/jpeg','{\"identified\":true,\"analyzed\":true}','local',407119,'4gZOmMl+ML+1MIA7v+BWtw==','2021-05-21 15:03:44'),(108,'8jge8t44jcr16ew7pqkmmwcbjwmh','1621609424275500.jpg','image/jpeg','{\"identified\":true,\"analyzed\":true}','local',432939,'yB7hn0JrDvRtyK99GgStcg==','2021-05-21 15:03:44'),(109,'f2lqrgpatkrx2zy8uxe6z79sdbuf','1621609424291403.jpg','image/jpeg','{\"identified\":true,\"analyzed\":true}','local',409003,'l2wY7c69gHyyUUUkjDwuoA==','2021-05-21 15:03:44'),(110,'a9gdddhnzarbfshsdv3ghqhsqh7w','1621609424311102.jpg','image/jpeg','{\"identified\":true,\"analyzed\":true}','local',437162,'7UMHyro8UquHJ2IlNvhHgw==','2021-05-21 15:03:44'),(111,'9gkahcy8hmcw5uopxfks7xvjn8fw','1621609424333548.jpg','image/jpeg','{\"identified\":true,\"analyzed\":true}','local',283417,'8qVGaAHgBeO4lSIempH5Hg==','2021-05-21 15:03:44'),(112,'9a8e8m183j1vado5mpo47eh45xo2','1621609424343416.jpg','image/jpeg','{\"identified\":true,\"analyzed\":true}','local',443460,'bPM4sssVGSQajKXRneXqcA==','2021-05-21 15:03:44'),(113,'9b40kyaw89v0rw855xixzzv0dij3','1621609424352853.jpg','image/jpeg','{\"identified\":true,\"analyzed\":true}','local',389514,'chSLuZAzjjWvCmFCuO5DDw==','2021-05-21 15:03:44'),(114,'5upwn6oxvdzmq4wioqyzmx1jkarm','1621609424361584.jpg','image/jpeg','{\"identified\":true,\"analyzed\":true}','local',333105,'Ndi/fRMlE+SRA7yIjw+b9w==','2021-05-21 15:03:44'),(115,'0iscvvnrgwujvhshnjenf8b6at97','1621609424369629.jpg','image/jpeg','{\"identified\":true,\"analyzed\":true}','local',197185,'J9bF5IXdyCIopAy4F0/Axw==','2021-05-21 15:03:44'),(116,'zvssumqk6d5itc1dsf7om9bs5lqa','1621609424378137.jpg','image/jpeg','{\"identified\":true,\"analyzed\":true}','local',342998,'jVNLOwrQ5sUuuvoy6cYHmQ==','2021-05-21 15:03:44'),(117,'wl0w822styou2umncmit3yvi4wkb','1621609424388687.jpg','image/jpeg','{\"identified\":true,\"analyzed\":true}','local',393973,'+uO5GxN+S0S/ggfnHFcRmQ==','2021-05-21 15:03:44'),(118,'mv8hvaazcr7s48mt13gggxqfdjc0','1621609424399344.jpg','image/jpeg','{\"identified\":true,\"analyzed\":true}','local',362733,'JTpcmoiLTh3NL+ru7bDvfA==','2021-05-21 15:03:44'),(119,'uzvkawkld59oklae27vunbt7mxot','1621609424408793.jpg','image/jpeg','{\"identified\":true,\"analyzed\":true}','local',475249,'AO82a2/v6rhlRkBS0D0Mug==','2021-05-21 15:03:44'),(120,'mcja9qddcdmg6yhrvfx3mr8f8o99','1621609424418151.jpg','image/jpeg','{\"identified\":true,\"analyzed\":true}','local',497459,'/3PndqhOrnrz+cWUNt0mPw==','2021-05-21 15:03:44'),(121,'1otqogr6pjogyio27id81g54n6eu','1621609424428070.jpg','image/jpeg','{\"identified\":true,\"analyzed\":true}','local',437137,'B2inbwxxA4VX+oEIXNQqlg==','2021-05-21 15:03:44'),(122,'gatvjpq3f7kifr8b0a71rms9zu8y','1621609424437901.jpg','image/jpeg','{\"identified\":true,\"analyzed\":true}','local',362373,'gaGPrOZcNHNy2difWYSwFg==','2021-05-21 15:03:44'),(123,'8viaohjcrvfcy9onrvrbb38h22t0','1621609424448763.jpg','image/jpeg','{\"identified\":true,\"analyzed\":true}','local',404931,'dxilePKpLx65+FoGtWI5fw==','2021-05-21 15:03:44'),(124,'f0jentygz4z40293eaq1t3un6v1e','1621609424457771.jpg','image/jpeg','{\"identified\":true,\"analyzed\":true}','local',539269,'WvoBu8Ih6nhzXh9+7dzi7w==','2021-05-21 15:03:44'),(125,'l11mzjpz71kqrrb7phrauwq1cpbi','1621609424467557.jpg','image/jpeg','{\"identified\":true,\"analyzed\":true}','local',377360,'eukj5F5yD2EvZeYHsVOSZQ==','2021-05-21 15:03:44'),(126,'hjjh3tj2uwci60bj2rf6virxfjzk','1621609424476901.jpg','image/jpeg','{\"identified\":true,\"analyzed\":true}','local',487197,'5H6N/8YAWqqhb0ME7FTw8A==','2021-05-21 15:03:44'),(127,'4z9v0285p3f7u9czcbfjrtj581f6','1621609424486073.jpg','image/jpeg','{\"identified\":true,\"analyzed\":true}','local',364458,'E8wdGUX/mmY5b0qePLXGQQ==','2021-05-21 15:03:44'),(128,'otwsz23332kl43gsdxleti9qa8au','1621609424497435.jpg','image/jpeg','{\"identified\":true,\"analyzed\":true}','local',421661,'VUXLbrpG+7U4ewPBfOKsgQ==','2021-05-21 15:03:44'),(129,'chzamsj0g5e02h7ayhj82vo21h4a','1621609424507042.jpg','image/jpeg','{\"identified\":true,\"analyzed\":true}','local',400225,'L9Pl15zkaqZZ/RWd4VrIGg==','2021-05-21 15:03:44'),(130,'rij5jvjk7ezwsexeqjshkk756uyj','1621609424517823.jpg','image/jpeg','{\"identified\":true,\"analyzed\":true}','local',421365,'LClY+ZbDq9YJVC1YSqJU+Q==','2021-05-21 15:03:44'),(131,'2cocisz4pw2myg7tirl9im4mxpma','1621609424527686.jpg','image/jpeg','{\"identified\":true,\"analyzed\":true}','local',495605,'tFJxw6IF1QjUMlbW5K8pNg==','2021-05-21 15:03:44'),(132,'z7xpovcpw2m55ml7gczvz9446oid','1621609424537885.jpg','image/jpeg','{\"identified\":true,\"analyzed\":true}','local',538431,'3kKNjJe2hsRm6n7L+Mvl4w==','2021-05-21 15:03:44'),(133,'w90gx4ccx3n1g3ol39r7q4v0mz7t','1621609424549803.jpg','image/jpeg','{\"identified\":true,\"analyzed\":true}','local',573919,'DL10QEIMH3xIgHyItpd4Mw==','2021-05-21 15:03:44'),(134,'88n42pblz7p9addbihrp8pha3c4p','1621609424560051.jpg','image/jpeg','{\"identified\":true,\"analyzed\":true}','local',430841,'el7XzH3darQQ9AiQLAImjA==','2021-05-21 15:03:44'),(135,'pomrniaad935vpds0vtl0v3sla5y','1621609424570114.jpg','image/jpeg','{\"identified\":true,\"analyzed\":true}','local',352603,'q9bc+gnUDQWv9UXwXo1s0w==','2021-05-21 15:03:44'),(136,'qb9stoawr93ok3on844zg4gtcgsw','1621609424579154.jpg','image/jpeg','{\"identified\":true,\"analyzed\":true}','local',529672,'PALZiwRyKby12HNIPnHIVw==','2021-05-21 15:03:44'),(137,'7nq7xklzaeoaf7t0f8i9rznfoley','1621609424588666.jpg','image/jpeg','{\"identified\":true,\"analyzed\":true}','local',350305,'5moLVY1WuwsYu3ccA7dy6w==','2021-05-21 15:03:44'),(138,'9wtv5bpabumpxxqrivlvlh7czjlp','1621609424598502.jpg','image/jpeg','{\"identified\":true,\"analyzed\":true}','local',382557,'q1t74r5aCH2zu4fo7W2i/g==','2021-05-21 15:03:44'),(139,'1ix1o8tgdajppfolqsqb0eltve24','1621609424608615.jpg','image/jpeg','{\"identified\":true,\"analyzed\":true}','local',346364,'2Et74tMF1ekNO2d575qCFg==','2021-05-21 15:03:44'),(140,'tbg0cxgmmx3uvspn3b7eru2t08z0','1621609424617883.jpg','image/jpeg','{\"identified\":true,\"analyzed\":true}','local',434112,'EAEumMflzxOxNO4Q3Vf84A==','2021-05-21 15:03:44'),(141,'fduey5o1oj6vqixd8uxqg3505mpe','1621609424626892.jpg','image/jpeg','{\"identified\":true,\"analyzed\":true}','local',443343,'/S7sgqLb37xPKVgctUVzWA==','2021-05-21 15:03:44'),(142,'blez2k9crygz4eprup1n2e6ihca9','1621609424636024.jpg','image/jpeg','{\"identified\":true,\"analyzed\":true}','local',368741,'xbOTfoafRWqEDCx9sLqEbw==','2021-05-21 15:03:44'),(143,'6rruqapj0j9e4qvjckpabfo5cq9f','1621609424644813.jpg','image/jpeg','{\"identified\":true,\"analyzed\":true}','local',386008,'c61lQ84NyXhI2O49WwWJ+A==','2021-05-21 15:03:44'),(144,'d9dm7c28qxadkfkdkmwfsitifaqn','1621609424655513.jpg','image/jpeg','{\"identified\":true,\"analyzed\":true}','local',461584,'JWZgAHyTkssfSkIrb1Bv1g==','2021-05-21 15:03:44'),(145,'qpdo0r72b9cdtotf7a34uydmy6zu','1621609424665642.jpg','image/jpeg','{\"identified\":true,\"analyzed\":true}','local',396912,'GcGspvJZV/RQy51hZU2ZEw==','2021-05-21 15:03:44'),(146,'vr62wyyks6pf9bla2nnxa29xabvg','1621609424674718.jpg','image/jpeg','{\"identified\":true,\"analyzed\":true}','local',396437,'Ntzy9MI2dPW+TSS6dOiTew==','2021-05-21 15:03:44'),(147,'o0suokh4hz9l5darqzmwfwc0tryv','1621609424685396.jpg','image/jpeg','{\"identified\":true,\"analyzed\":true}','local',386544,'byOblib6pVHobrrBvu2NfA==','2021-05-21 15:03:44'),(148,'f8a1vmaah9f42ijbtbkmb0awsjpc','1621609424694060.jpg','image/jpeg','{\"identified\":true,\"analyzed\":true}','local',383175,'dRNmEX8Xhg7EGs5qKiFDnA==','2021-05-21 15:03:44'),(149,'e4gy91308p45zbfxjsxj6mc3hwl0','1621609424704059.jpg','image/jpeg','{\"identified\":true,\"analyzed\":true}','local',456683,'Wv/hyKv9itEKXhm9H3e5fg==','2021-05-21 15:03:44'),(150,'4xbxai3edbgeprxlaqog4tc1wm9w','1621609424714749.jpg','image/jpeg','{\"identified\":true,\"analyzed\":true}','local',422518,'ICqJ7B0SBEKFpDsbdu9Y6Q==','2021-05-21 15:03:44'),(151,'y3t844sgv0yq013sxql58kgswvhg','1621609424724565.jpg','image/jpeg','{\"identified\":true,\"analyzed\":true}','local',436250,'rUv+6JXF9XEuXdkxwjz5BQ==','2021-05-21 15:03:44'),(152,'cetjslir45bxbds40kqedmsgyd1d','1621609424734094.jpg','image/jpeg','{\"identified\":true,\"analyzed\":true}','local',419775,'XYNg0hu0ONM0B+7jGBf1oQ==','2021-05-21 15:03:44'),(153,'ri0cda66kz7zudcwey5h7j3nt3zx','1621609424743634.jpg','image/jpeg','{\"identified\":true,\"analyzed\":true}','local',457899,'nGXGYfsBsxYHZdOWXEL9Yg==','2021-05-21 15:03:44'),(154,'08wcic7bfkm0uj0zxx6hr9fjtzxc','1621609424753392.jpg','image/jpeg','{\"identified\":true,\"analyzed\":true}','local',466056,'OKZa0gSjf+S9SXOaWcbzuw==','2021-05-21 15:03:44'),(155,'my2ph8erfe4efdgvko9b0jxtqbpe','1621609424764925.jpg','image/jpeg','{\"identified\":true,\"analyzed\":true}','local',556069,'PV8fikE+lZJFEGolvagglQ==','2021-05-21 15:03:44'),(156,'8hqsz0zxth0u56ptnk3zqo26zn80','1621609424775093.jpg','image/jpeg','{\"identified\":true,\"analyzed\":true}','local',385282,'0LUnxOkRLccHQNk+i++lmg==','2021-05-21 15:03:44'),(157,'mf6qi5jcrywg0mg0xpylqlwuzui6','1621609424784080.jpg','image/jpeg','{\"identified\":true,\"analyzed\":true}','local',439140,'Hq//PuVH1gRWGFqPoCzUMw==','2021-05-21 15:03:44'),(158,'5dlze4getze0vfm0bdpvff7e82z0','1621609424793880.jpg','image/jpeg','{\"identified\":true,\"analyzed\":true}','local',448019,'ZT0Wj1Sbiz8oGnfpY6yykg==','2021-05-21 15:03:44'),(159,'1kif28qgb2vfw3ht9qgz6fmikyed','1621609424803824.jpg','image/jpeg','{\"identified\":true,\"analyzed\":true}','local',393112,'SQByb09SAH2sJTljyPf9qw==','2021-05-21 15:03:44'),(160,'3tigxgcjd37tatm5r56kuzocpeo0','1621609424814760.jpg','image/jpeg','{\"identified\":true,\"analyzed\":true}','local',469693,'DQRICp+62dnuTt5Evtdzxg==','2021-05-21 15:03:44'),(161,'am8nm83sznowqusz1z74limilq99','1621609424824563.jpg','image/jpeg','{\"identified\":true,\"analyzed\":true}','local',447340,'X344z/yNHr4q33Kjw9zaYw==','2021-05-21 15:03:44'),(162,'5e9164f648mh8vfkvbngs3phzr3j','1621609424836558.jpg','image/jpeg','{\"identified\":true,\"analyzed\":true}','local',407329,'Gv1gKSU7Z8YtCKcSy+a+kQ==','2021-05-21 15:03:44'),(163,'yk66gmqmmxowygi3ktowkiaio8es','1621609424845714.jpg','image/jpeg','{\"identified\":true,\"analyzed\":true}','local',378331,'/ECeKEdQsKmlu6z4daf8Dg==','2021-05-21 15:03:44'),(164,'yj7475swptpnpnpu9arf0vd9c29e','1621609424854576.jpg','image/jpeg','{\"identified\":true,\"analyzed\":true}','local',333894,'/NzEpfAhQmcBQw+UoNmbow==','2021-05-21 15:03:44'),(165,'2cltd5l8dyqrfji66z7cuz96intz','1621609424864480.jpg','image/jpeg','{\"identified\":true,\"analyzed\":true}','local',478887,'+ejY4ZaEgZ3aFpGSEaDJwA==','2021-05-21 15:03:44'),(166,'ddrawvqzon8q8rgxdgwv247krje0','1621609424875156.jpg','image/jpeg','{\"identified\":true,\"analyzed\":true}','local',418413,'x5kwDks4wHFMCT9nETnN5Q==','2021-05-21 15:03:44'),(167,'3lldyyi7br1hpref69x7ohpojxf9','1621609424885078.jpg','image/jpeg','{\"identified\":true,\"analyzed\":true}','local',524714,'h9DX5crTB3GYKYyKBK/15Q==','2021-05-21 15:03:44'),(168,'a39kmkke9f01zowinzah6300r0dv','1621609424894887.jpg','image/jpeg','{\"identified\":true,\"analyzed\":true}','local',383305,'jnTHgDHzp4COyw+DKdPTEQ==','2021-05-21 15:03:44'),(169,'5izhublsiu3srmf59gg4ja41lkc2','1621609424904470.jpg','image/jpeg','{\"identified\":true,\"analyzed\":true}','local',490792,'eEzTJF+JoqCcEfrCop4zWg==','2021-05-21 15:03:44'),(170,'fkw73u5rkkp02doef23w7w6bxmdu','1621609424913877.jpg','image/jpeg','{\"identified\":true,\"analyzed\":true}','local',381462,'wSPUI1nkRNuJnqAkD+wmBQ==','2021-05-21 15:03:44'),(171,'dawgqy6aatb8otndp4afsj81oqco','1621609424925242.jpg','image/jpeg','{\"identified\":true,\"analyzed\":true}','local',457506,'qwdsuZdLIr/BY3jQIJvM4A==','2021-05-21 15:03:44'),(172,'yd06w7ehwaenoarsgt3qasu68ghg','1621609424935019.jpg','image/jpeg','{\"identified\":true,\"analyzed\":true}','local',443133,'8oO6j6zHk9GuP7O6XjnqRg==','2021-05-21 15:03:44'),(173,'ulhy6mw1ijhutge40eusjt07u9vv','1621609424944351.jpg','image/jpeg','{\"identified\":true,\"analyzed\":true}','local',345866,'86eMLNh4geCwx5KryBWG0g==','2021-05-21 15:03:44'),(174,'lstbdi683fsehgyz2chw8v47p90d','1621609424953308.jpg','image/jpeg','{\"identified\":true,\"analyzed\":true}','local',561690,'+ShOBLlGOSS2cMZryEADFg==','2021-05-21 15:03:44'),(175,'em9p9vuibgpre57prlans2evvasc','1621609424966022.jpg','image/jpeg','{\"identified\":true,\"analyzed\":true}','local',359674,'6ZJOQV/qgJGbv2KqUs3V0w==','2021-05-21 15:03:44'),(176,'muvy9xal9ozog9h6ak68tcsyoixb','1621609424977558.jpg','image/jpeg','{\"identified\":true,\"analyzed\":true}','local',413735,'raLKzNeH/wM7gmhWG0+BuA==','2021-05-21 15:03:44'),(177,'flouwoyr5d95izpiivnmzf1s0ya9','1621609424987030.jpg','image/jpeg','{\"identified\":true,\"analyzed\":true}','local',408550,'uaJsf056N+Z/lS30z8YDXg==','2021-05-21 15:03:44'),(178,'768ejp25vxpdfwokr7u0whrwo6e2','1621609424996228.jpg','image/jpeg','{\"identified\":true,\"analyzed\":true}','local',412449,'peTP7u+nMmPB+8ef2+pfOg==','2021-05-21 15:03:44'),(179,'2yon9l33669hqlgrl033o5dbx4me','16216094255501.jpg','image/jpeg','{\"identified\":true,\"analyzed\":true}','local',437136,'m9MtBD6YL+nbNqm+jUM9GA==','2021-05-21 15:03:45'),(180,'0tf3hvpcpd2iwnnzgs4w2t5db1ah','162160942515247.jpg','image/jpeg','{\"identified\":true,\"analyzed\":true}','local',407863,'AX7ddL/W9WdwKJOAtYI1lg==','2021-05-21 15:03:45'),(181,'50kgx0hvkxsxrhkse9chca147ng6','162160942525695.jpg','image/jpeg','{\"identified\":true,\"analyzed\":true}','local',374910,'fgh9/KMMbxl0/VJR2A2I8Q==','2021-05-21 15:03:45'),(182,'3tns4wg3si81300kz8en7mmacv94','162160942535578.jpg','image/jpeg','{\"identified\":true,\"analyzed\":true}','local',326374,'BNMHqQGvsCgUcqZNKDt1SA==','2021-05-21 15:03:45'),(183,'ylrcxoxh222ak26cac7u2cpycqk9','162160942544559.jpg','image/jpeg','{\"identified\":true,\"analyzed\":true}','local',494356,'+UVlqbsvHvdm4DUWaxB7rg==','2021-05-21 15:03:45'),(184,'uppi5s4ldfph8kmjeocp3v63ez8f','162160942554465.jpg','image/jpeg','{\"identified\":true,\"analyzed\":true}','local',351793,'npOVjTckKsElgLVgye2siA==','2021-05-21 15:03:45'),(185,'i5bwvacfzt2kysd5cqtck4qg8l4w','162160942564357.jpg','image/jpeg','{\"identified\":true,\"analyzed\":true}','local',344354,'ApyOOCEhyECCK9qYhxATzw==','2021-05-21 15:03:45'),(186,'509citrt8etyasvuocwsi4ynshnn','162160942575410.jpg','image/jpeg','{\"identified\":true,\"analyzed\":true}','local',507506,'jmC0QbI/9BtvOLIRAHcraw==','2021-05-21 15:03:45'),(187,'8qg82becp2a92ussx9uer5ucgxup','1621609425117254.jpg','image/jpeg','{\"identified\":true,\"analyzed\":true}','local',409432,'9BVDcrVdhgkA3/fWjd5E2Q==','2021-05-21 15:03:45'),(188,'dz02wrcnrmu4ssssrjontspax6ji','1621609425129606.jpg','image/jpeg','{\"identified\":true,\"analyzed\":true}','local',551315,'sJXEdJbqr9GxyCW8SdnZKA==','2021-05-21 15:03:45'),(189,'n6ueya5obrkpl4x2uagi2cc3qtjz','1621609425141948.jpg','image/jpeg','{\"identified\":true,\"analyzed\":true}','local',397919,'V8s7+etj9VOfTxza6Zvl6g==','2021-05-21 15:03:45'),(190,'bd1e7ulnnuf08uva803m34qdc4pg','1621609425151545.jpg','image/jpeg','{\"identified\":true,\"analyzed\":true}','local',413495,'2tHdlaXfDlT2A9xqlvmCGw==','2021-05-21 15:03:45'),(191,'ontuypktft2xb68aoai5fcbipt08','1621609425161328.jpg','image/jpeg','{\"identified\":true,\"analyzed\":true}','local',485844,'8lQdwA9hnjFJ4XRgzEzE9Q==','2021-05-21 15:03:45'),(192,'tsxbjtsuejfr24vwbraezxn14b5y','1621609425170847.jpg','image/jpeg','{\"identified\":true,\"analyzed\":true}','local',413407,'/11ydk+ZmuDJd60K14ZZNw==','2021-05-21 15:03:45'),(193,'cssbyjn9gqgfvok7nzjge367iek0','1621609425181797.jpg','image/jpeg','{\"identified\":true,\"analyzed\":true}','local',545035,'Cl4UE1VQ7nneMuB/28yIww==','2021-05-21 15:03:45'),(194,'2hkvjhkxnmnsb9re8f1wasmclks4','1621609425197246.jpg','image/jpeg','{\"identified\":true,\"analyzed\":true}','local',443064,'fLSsFvVyCSIyfV2URGHADg==','2021-05-21 15:03:45'),(195,'xifv7hxkcjdzospoketjg0f0u0r0','1621609425217171.jpg','image/jpeg','{\"identified\":true,\"analyzed\":true}','local',471303,'TTnvkpnFOH3orJZ67YJMVQ==','2021-05-21 15:03:45'),(196,'9j4casxb1db7ifx2gd47xo4hx91o','1621609425233141.jpg','image/jpeg','{\"identified\":true,\"analyzed\":true}','local',412890,'6F0Xt7VwLWI3lnAa9xYJfw==','2021-05-21 15:03:45'),(197,'33kmtb04ltj0cncddarra4bphcu1','1621609425248072.jpg','image/jpeg','{\"identified\":true,\"analyzed\":true}','local',407445,'0wf0y9Ufjc+IqHW4/f5cfg==','2021-05-21 15:03:45'),(198,'nlefjtwrl5fc3srm68qewed3rax9','1621609425259712.jpg','image/jpeg','{\"identified\":true,\"analyzed\":true}','local',420336,'E5BXKIGl6dJQwAYS38/z+Q==','2021-05-21 15:03:45'),(199,'j6c7an104oicvi1gc40vr4t8on4s','1621609425269766.jpg','image/jpeg','{\"identified\":true,\"analyzed\":true}','local',392945,'EVBPVAA+ZmDKOJwuipNxjg==','2021-05-21 15:03:45'),(200,'jsbajecsbey3fwlfbc8a8zkmia5v','1621609425278976.jpg','image/jpeg','{\"identified\":true,\"analyzed\":true}','local',464146,'/+dAJ3ynHzF832/WBKCa0w==','2021-05-21 15:03:45'),(201,'nbgg92bgk1p9he5j1ddf5o2o3oco','1621609425289035.jpg','image/jpeg','{\"identified\":true,\"analyzed\":true}','local',404516,'FDIGS8nrqCVmjdXD2WiBiQ==','2021-05-21 15:03:45'),(202,'wwrvwi9xbzs7981m9cfjwpena90a','1621609425299367.jpg','image/jpeg','{\"identified\":true,\"analyzed\":true}','local',127095,'HrOMMob0h4BAwfS426zqSQ==','2021-05-21 15:03:45'),(203,'07r6ulh8nxprq15v8dpqhq6z4y89','1621609425307543.jpg','image/jpeg','{\"identified\":true,\"analyzed\":true}','local',416023,'A9xdPxXcI4Vxg5ZhCV/zOA==','2021-05-21 15:03:45'),(204,'jxuqrgrr6eu83dhl2bdzqwqy97dl','1621609425315995.jpg','image/jpeg','{\"identified\":true,\"analyzed\":true}','local',316257,'cp/9TFISArdVu4GZ4mV29w==','2021-05-21 15:03:45'),(205,'zpemvm9p2a5gzbgltki4vgtpfh1s','1621609425324598.jpg','image/jpeg','{\"identified\":true,\"analyzed\":true}','local',493075,'2tpKp7MHm46HYrJCrkvooA==','2021-05-21 15:03:45'),(206,'s641hxrvbnjffes10b4nrzrjp8jq','1621609425333408.jpg','image/jpeg','{\"identified\":true,\"analyzed\":true}','local',387393,'k+bUyFwX6qTl6Mc/OSwE/w==','2021-05-21 15:03:45'),(207,'d4av5svzjw8uw7ds6aw57zixowu8','1621609425342678.jpg','image/jpeg','{\"identified\":true,\"analyzed\":true}','local',412572,'M0ghQbtcYQPeEDtVIfuaZA==','2021-05-21 15:03:45'),(208,'ls756v0jz2ti07s1t3731hlauil2','1621609425353842.jpg','image/jpeg','{\"identified\":true,\"analyzed\":true}','local',433489,'uFilb1Js4c9Cs/LGAzZRuw==','2021-05-21 15:03:45'),(209,'mfec7q4socx1xpn7dfgfhn123l6p','1621609425362886.jpg','image/jpeg','{\"identified\":true,\"analyzed\":true}','local',327602,'KcT7pJmw8gBbAeQlr48fwA==','2021-05-21 15:03:45'),(210,'lwmyf351j1n84iaqjfmk06ohaf9k','1621609425371427.jpg','image/jpeg','{\"identified\":true,\"analyzed\":true}','local',375180,'XjEweShIgKKkr9XjC7py8g==','2021-05-21 15:03:45'),(211,'3ug5d5trg9p0kp1xkeavv1f3zltq','1621609425379634.jpg','image/jpeg','{\"identified\":true,\"analyzed\":true}','local',439876,'A28BMxUjgfWPTO2ZzUjjlA==','2021-05-21 15:03:45'),(212,'wvecx1zr5htuywgjlekx3hc52snp','1621609425387980.jpg','image/jpeg','{\"identified\":true,\"analyzed\":true}','local',493625,'MXbzpISOWynT4k1mvGApbg==','2021-05-21 15:03:45'),(213,'4u1bl9qs25itokn2ls9agi68ma7m','1621609425397846.jpg','image/jpeg','{\"identified\":true,\"analyzed\":true}','local',468337,'GfPKMG9X6JPqCui7aKr6ZA==','2021-05-21 15:03:45'),(214,'l90ellf7huk2de7b437yf4zd4grf','1621609425408913.jpg','image/jpeg','{\"identified\":true,\"analyzed\":true}','local',358551,'NFEQRpqpO10/zTMEM6Mirw==','2021-05-21 15:03:45'),(215,'om3bp6dbvj34n7ihhkvsi5s19k2u','1621609425420432.jpg','image/jpeg','{\"identified\":true,\"analyzed\":true}','local',477588,'eyzdguIAtzF4sQTmgtOd7g==','2021-05-21 15:03:45'),(216,'mr108o03v5gk3ak53pukuw42ce7q','1621609425429235.jpg','image/jpeg','{\"identified\":true,\"analyzed\":true}','local',352978,'srTV3obAiHFSdSypKtGJaw==','2021-05-21 15:03:45'),(217,'ynzu7zf5jxpcutggnfu2tbhjv8p4','1621609425438102.jpg','image/jpeg','{\"identified\":true,\"analyzed\":true}','local',441828,'YEycBcIYKya5oUI48TVg2w==','2021-05-21 15:03:45'),(218,'vfgr55w4g5721j5za1kt5y0gqmf1','1621609425447903.jpg','image/jpeg','{\"identified\":true,\"analyzed\":true}','local',470526,'0lfEbAoPqewTyi+iJCxwUQ==','2021-05-21 15:03:45'),(219,'jwyrxhzzcdkri1n2r2572otedbg1','1621609425459777.jpg','image/jpeg','{\"identified\":true,\"analyzed\":true}','local',402171,'SpUKA1nqZM+RRKHxKNMb+g==','2021-05-21 15:03:45'),(220,'jmnmzpcc1yueqz7eqr7fi1z3ucg4','1621609425469619.jpg','image/jpeg','{\"identified\":true,\"analyzed\":true}','local',401881,'kOTMQ+o/NrozEDlib3ofWw==','2021-05-21 15:03:45'),(221,'ks8j0bj02m83k1kqqz5sg5obc0lr','1621609425479011.jpg','image/jpeg','{\"identified\":true,\"analyzed\":true}','local',411002,'wY21QMQY7bfiej+zFRstlg==','2021-05-21 15:03:45'),(222,'hshyvkea6tv9jdayz18va4z0rupv','1621609425488100.jpg','image/jpeg','{\"identified\":true,\"analyzed\":true}','local',360983,'Fh0ICilTrKth6DO6DJlL8Q==','2021-05-21 15:03:45'),(223,'hwb8s615hwk7n50do0gdygi42hq1','1621609425497063.jpg','image/jpeg','{\"identified\":true,\"analyzed\":true}','local',403049,'grQ6jieJT+xqE8cB8Hs9dg==','2021-05-21 15:03:45'),(224,'he2p0v38pbli87umv01omij9u380','1621609425507557.jpg','image/jpeg','{\"identified\":true,\"analyzed\":true}','local',555009,'0cxMl2pwqUACKWrVrhn62A==','2021-05-21 15:03:45'),(225,'5o8sjx63v88suhl563wg7g7gufp6','1621609425518046.jpg','image/jpeg','{\"identified\":true,\"analyzed\":true}','local',419846,'U+7HN+WsIbJ5vwzsrLDVRg==','2021-05-21 15:03:45'),(226,'epdjtgatwasr1vdqx7tza2548ofq','1621609425527464.jpg','image/jpeg','{\"identified\":true,\"analyzed\":true}','local',441697,'1zF/uref94X3/uf30VgCQg==','2021-05-21 15:03:45'),(227,'e4vrfbc5z4kyn88v827f8p55kcu9','1621609425537986.jpg','image/jpeg','{\"identified\":true,\"analyzed\":true}','local',429328,'NOzGfAEvq++ntlcT1EWeRw==','2021-05-21 15:03:45'),(228,'2xvdbv3a2p0uhpcbelll83hxthey','1621609425547131.jpg','image/jpeg','{\"identified\":true,\"analyzed\":true}','local',346203,'1WceTE5NbSq4RqVQCDm7KA==','2021-05-21 15:03:45'),(229,'4o5y38imng4p5mqe154hz1611yts','1621609425556237.jpg','image/jpeg','{\"identified\":true,\"analyzed\":true}','local',448981,'k9dR6AyGNZXPUFMgQS7qYw==','2021-05-21 15:03:45'),(230,'bmwhdsa4690c1rx2zm03atppgrby','1621609425567243.jpg','image/jpeg','{\"identified\":true,\"analyzed\":true}','local',398971,'hHV/+rMg4y/ZugttPi5SZw==','2021-05-21 15:03:45'),(231,'wo0us3a338i2bgcife1fp1r7qlda','1621609425576355.jpg','image/jpeg','{\"identified\":true,\"analyzed\":true}','local',419537,'IjMb8pZUn0sax1d41zbtZw==','2021-05-21 15:03:45'),(232,'j9yg8vfa0t2fim7djztirta02tdm','1621609425585555.jpg','image/jpeg','{\"identified\":true,\"analyzed\":true}','local',382204,'aJgvH1tGwtSm2eUoUy79sA==','2021-05-21 15:03:45'),(233,'k9e704xc4o4hgxpv4xema4jp20jl','1621609425594301.jpg','image/jpeg','{\"identified\":true,\"analyzed\":true}','local',293818,'4/WoZZzAyNHGQCPq1JIOug==','2021-05-21 15:03:45'),(234,'xpmxp8st5a5k6liqlgifxx877pmq','1621609425602715.jpg','image/jpeg','{\"identified\":true,\"analyzed\":true}','local',446618,'BRPN1FfqgqO/fNk/YY2SSw==','2021-05-21 15:03:45'),(235,'qwwicw21uxgy15xnu24mfn5ipf0c','1621609425612537.jpg','image/jpeg','{\"identified\":true,\"analyzed\":true}','local',427299,'KeqMguA5Wt86CUueWIpvHg==','2021-05-21 15:03:45'),(236,'c0pvue4v3oi1zt5jtiifilyus6vl','1621609425623011.jpg','image/jpeg','{\"identified\":true,\"analyzed\":true}','local',350914,'cx5oMsJS2yxdTFWeXpCfBg==','2021-05-21 15:03:45'),(237,'hxwtetpo3z6r593hhm1y6pql3bbj','1621609425631654.jpg','image/jpeg','{\"identified\":true,\"analyzed\":true}','local',446854,'oHE7eK6LF9Kyt38ykiGNWA==','2021-05-21 15:03:45'),(238,'fuhmajehmak7jkf9yphiwyc125vt','1621609425641312.jpg','image/jpeg','{\"identified\":true,\"analyzed\":true}','local',380721,'WsZRj2s8SHNTItHQZDllPw==','2021-05-21 15:03:45'),(239,'kycmqsnebw6tit4inbq82wj2mixt','1621609425650033.jpg','image/jpeg','{\"identified\":true,\"analyzed\":true}','local',442863,'lTDTPtvLZbMDHJMrWY84qw==','2021-05-21 15:03:45'),(240,'vsp96c62bg79wkgl8rrz7sqs4pwj','1621609425658937.jpg','image/jpeg','{\"identified\":true,\"analyzed\":true}','local',353861,'guj0m+YUey+89J40lTo/uw==','2021-05-21 15:03:45'),(241,'vmscf9x3cirxhb03rxfdc11e397c','1621609425668788.jpg','image/jpeg','{\"identified\":true,\"analyzed\":true}','local',374047,'bljwHNTnGuCKiLOumEUcGw==','2021-05-21 15:03:45'),(242,'enpgf8zgh2jclmci3d9wyjfa50l4','1621609425678233.jpg','image/jpeg','{\"identified\":true,\"analyzed\":true}','local',403699,'UyRF7HKn3hv602pPXi5D7A==','2021-05-21 15:03:45'),(243,'ywl0izau27z435zensjpib5weequ','1621609425687061.jpg','image/jpeg','{\"identified\":true,\"analyzed\":true}','local',425504,'TCwAhKxRilMOzVj2jPOUBQ==','2021-05-21 15:03:45'),(244,'wez1cok1e04pbp3jeuxg4fu2q32f','1621609425695629.jpg','image/jpeg','{\"identified\":true,\"analyzed\":true}','local',357735,'XluuLmZCY2B1w0kVbMN1rw==','2021-05-21 15:03:45'),(245,'glb5feye4120upq3b3m13hgnlf1v','1621609425704013.jpg','image/jpeg','{\"identified\":true,\"analyzed\":true}','local',404524,'wTsux7Ghbm9MTcVYV2SI7g==','2021-05-21 15:03:45'),(246,'hh1yvhls5o5q56bdf4bry0t1cm7f','1621609425717539.jpg','image/jpeg','{\"identified\":true,\"analyzed\":true}','local',443929,'LvN92v9ENgZ5ZdvxG/iYUg==','2021-05-21 15:03:45'),(247,'zwhq677h6ho0ylyrfmfzmrmn75oo','1621609425728646.jpg','image/jpeg','{\"identified\":true,\"analyzed\":true}','local',421657,'Z/x4YFeONuQUTUZ1RXdAxQ==','2021-05-21 15:03:45'),(248,'cj3137etemo4zi7voqwm6hrtxhtj','1621609425738156.jpg','image/jpeg','{\"identified\":true,\"analyzed\":true}','local',350163,'CEGc4yxwimfLTShDCDH47w==','2021-05-21 15:03:45'),(249,'4nnpyz04mi0mm1sw9eik410vyuti','1621609425749288.jpg','image/jpeg','{\"identified\":true,\"analyzed\":true}','local',345177,'rPssad7tZAYI+f6qHGEUDw==','2021-05-21 15:03:45'),(250,'77fp8zmaqv0mqevlqp9wc3pcajpf','1621609425757972.jpg','image/jpeg','{\"identified\":true,\"analyzed\":true}','local',457858,'9bHYJyRO3ABJo1/EapPt4g==','2021-05-21 15:03:45'),(251,'3nt6i4so4ov0oye9le8csg3gxz8v','1621609425767710.jpg','image/jpeg','{\"identified\":true,\"analyzed\":true}','local',470338,'2voaDDEpLai/Od1Jqo/xlw==','2021-05-21 15:03:45'),(252,'hiafjrt86kdd09ocieg3gip354oc','1621609425779094.jpg','image/jpeg','{\"identified\":true,\"analyzed\":true}','local',435964,'39NmNueYFcHscTLeFL5VHA==','2021-05-21 15:03:45'),(253,'5faaha2agph6fljsiy34jrkdxnhr','1621609425788823.jpg','image/jpeg','{\"identified\":true,\"analyzed\":true}','local',340001,'9JYRUC7fm59KiowbkVTB2w==','2021-05-21 15:03:45'),(254,'kbe46v14pywzsh6syf55p94cphr9','1621609425797388.jpg','image/jpeg','{\"identified\":true,\"analyzed\":true}','local',412109,'Ra7D3vK2tQWbHNG/hJI+WQ==','2021-05-21 15:03:45'),(255,'g8y2b0vw0a65c6gs0knibhu62aqy','1621609425806592.jpg','image/jpeg','{\"identified\":true,\"analyzed\":true}','local',376998,'1xGEQlWeETRvhANR0G5GSw==','2021-05-21 15:03:45'),(256,'g4exq4r4ijzqmc9vm6brqn7x10l7','1621609425816744.jpg','image/jpeg','{\"identified\":true,\"analyzed\":true}','local',404807,'2O0EXybiQNUnCQbDy6lfgQ==','2021-05-21 15:03:45'),(257,'89e50cp8f7kubmjomyhhpzuxquxb','1621609425827555.jpg','image/jpeg','{\"identified\":true,\"analyzed\":true}','local',560060,'IEe563RSZiez9JomHP1EzA==','2021-05-21 15:03:45'),(258,'1szsawl9yrkat6jab0yw9ivkctox','1621609425838296.jpg','image/jpeg','{\"identified\":true,\"analyzed\":true}','local',356853,'zPdnbiE7iPlUnmg0s1tTEw==','2021-05-21 15:03:45'),(259,'o0scvv6pzfddw0z5vqon87aulavf','1621609425847234.jpg','image/jpeg','{\"identified\":true,\"analyzed\":true}','local',388157,'72De6WOK0GOFkkBYd5tNTw==','2021-05-21 15:03:45'),(260,'nd53l1mc41b0rto83cg763f1kpxs','1621609425857047.jpg','image/jpeg','{\"identified\":true,\"analyzed\":true}','local',406170,'fiWHH1WaO9Xmdo7HV69bOw==','2021-05-21 15:03:45'),(261,'5xevsoaaztgr33fscktdhr5xrpm1','1621609425865518.jpg','image/jpeg','{\"identified\":true,\"analyzed\":true}','local',326680,'RFsLjmXMpO8fE8srt5b9xQ==','2021-05-21 15:03:45'),(262,'3e6od7o9p760ra36hqrj2vq8nkrk','1621609425874584.jpg','image/jpeg','{\"identified\":true,\"analyzed\":true}','local',417502,'p24cCghDrmqZu2d+dB1yiw==','2021-05-21 15:03:45'),(263,'m9qpweotma177d5r5brttn1kpfuq','1621609425885325.jpg','image/jpeg','{\"identified\":true,\"analyzed\":true}','local',375608,'8Kpi87R+ScpG/ssmeUyJXw==','2021-05-21 15:03:45'),(264,'surytbeqdehqxqxk1z76ezcve9x0','1621609425894705.jpg','image/jpeg','{\"identified\":true,\"analyzed\":true}','local',380973,'Me1BU4IO9Z7V6G9fAnF+/Q==','2021-05-21 15:03:45'),(265,'50djwr2x349dlbod8wu8hqgwhtee','1621609425904003.jpg','image/jpeg','{\"identified\":true,\"analyzed\":true}','local',287109,'vo+YBsT5itmEsbXufkyrZg==','2021-05-21 15:03:45'),(266,'qkn9zbqrfut8d6rcnutbg9fcsjww','1621609425912297.jpg','image/jpeg','{\"identified\":true,\"analyzed\":true}','local',543235,'aQTMxagDkw79rzABn2SX/g==','2021-05-21 15:03:45'),(267,'1uwpdvuf2l4jb5es0kg6h0tdazk9','1621609425922172.jpg','image/jpeg','{\"identified\":true,\"analyzed\":true}','local',424242,'6SNbuAvYTnspLDxwqNVVug==','2021-05-21 15:03:45'),(268,'ork8buy7usj3h8zfkdcz26g7s9by','1621609425932339.jpg','image/jpeg','{\"identified\":true,\"analyzed\":true}','local',450481,'9skWlrpxBLZBHHpqlP5jqg==','2021-05-21 15:03:45'),(269,'ovjb8jjdl6qk4utmd1cllh5ykhbq','1621609425942841.jpg','image/jpeg','{\"identified\":true,\"analyzed\":true}','local',235143,'fbsZ1HTw+d2kohTqKgC+MQ==','2021-05-21 15:03:45'),(270,'p54gzkqpysu9oadj1ba8gfgv5y5n','1621609425951842.jpg','image/jpeg','{\"identified\":true,\"analyzed\":true}','local',446693,'tZvShBrzq0Fewt8/cXwhDw==','2021-05-21 15:03:45'),(271,'tv0ri1xuy2n0ibekxghxz691g6ii','1621609425960703.jpg','image/jpeg','{\"identified\":true,\"analyzed\":true}','local',496896,'9zYgbMADFRkAJOUpoWoR8Q==','2021-05-21 15:03:45'),(272,'q2w5clinxti6kous0algl2u9y27s','1621609425971101.jpg','image/jpeg','{\"identified\":true,\"analyzed\":true}','local',330152,'IRJ3Uv/dyJJ3QOq85OxLyw==','2021-05-21 15:03:45'),(273,'pw1yrvj93s61pjy7ir5aoaoin8lx','1621609425980143.jpg','image/jpeg','{\"identified\":true,\"analyzed\":true}','local',300204,'qFiR84S+c+4MCI6tx9eh4Q==','2021-05-21 15:03:45'),(274,'s4d5s3b0s35f30rc7bfr89eio2g6','1621609425990338.jpg','image/jpeg','{\"identified\":true,\"analyzed\":true}','local',410745,'UOtWrGPCsdW3OOkkWIaijQ==','2021-05-21 15:03:45'),(275,'c9n03g3tg5wrpzt1smh8ptvtgip9','1621609425999871.jpg','image/jpeg','{\"identified\":true,\"analyzed\":true}','local',478721,'ERF0V+FZdCzREWz8FEOObQ==','2021-05-21 15:03:46'),(276,'kwe0l9ql56bs3dkncy2yi5cv49wv','16216094269149.jpg','image/jpeg','{\"identified\":true,\"analyzed\":true}','local',423554,'uNgfACm1Rs6qkkZrMBRBTA==','2021-05-21 15:03:46'),(277,'peuithu4jxw7ug4juk1ypags220h','162160942618727.jpg','image/jpeg','{\"identified\":true,\"analyzed\":true}','local',426950,'JObY2fkdvcXXEXwI+GlwFw==','2021-05-21 15:03:46'),(278,'mjig3gjbcslzya1zpaxojgjycm2c','162160942627719.jpg','image/jpeg','{\"identified\":true,\"analyzed\":true}','local',352489,'Aw1wptFSZmi3+2Z+4YUt3g==','2021-05-21 15:03:46'),(279,'qhjgtdsff37fpbru2wrlmirqzj9t','162160942637310.jpg','image/jpeg','{\"identified\":true,\"analyzed\":true}','local',483868,'mqznWJXIDHh4gsdat6Wnkg==','2021-05-21 15:03:46'),(280,'geojynkl42wszmasxe4t8o0xxezf','162160942650276.jpg','image/jpeg','{\"identified\":true,\"analyzed\":true}','local',394322,'yqhBMr1LERzU0Q2RqL72QQ==','2021-05-21 15:03:46'),(281,'9x5z09m16zu9v67q94a05b89ha2a','162160942659309.jpg','image/jpeg','{\"identified\":true,\"analyzed\":true}','local',243857,'33JCdKW8JTELZFUSGJBvWw==','2021-05-21 15:03:46'),(282,'x4emveywa16g3hv72j93vl1ujwth','162160942668001.jpg','image/jpeg','{\"identified\":true,\"analyzed\":true}','local',482328,'HSyKele9feNr3w9E0qxMmQ==','2021-05-21 15:03:46'),(283,'jhubjxqn4gby14m01ye1gfwkwnmn','162160942676763.jpg','image/jpeg','{\"identified\":true,\"analyzed\":true}','local',397039,'dv0FiRQ8DlNP6g5FjQfXFQ==','2021-05-21 15:03:46'),(284,'u4ktv5gra2nxp3gdim4mng1wx6oe','162160942686365.jpg','image/jpeg','{\"identified\":true,\"analyzed\":true}','local',428256,'+cGCZJcAEbDMbuBhIad79w==','2021-05-21 15:03:46'),(285,'geblzcemf2w4z8akrfkykmc53qd4','162160942697531.jpg','image/jpeg','{\"identified\":true,\"analyzed\":true}','local',433714,'9NeLB/hsv+Pt+/+i9+jY8Q==','2021-05-21 15:03:46'),(286,'tmejt9bjmxj0xtw7c30prqrgowpm','1621609426107166.jpg','image/jpeg','{\"identified\":true,\"analyzed\":true}','local',372727,'MnaIkPHFliHA9v08W9gGgw==','2021-05-21 15:03:46'),(287,'2m1pusddlyvpx4i39xiduvidq732','1621609426116264.jpg','image/jpeg','{\"identified\":true,\"analyzed\":true}','local',378425,'2mQFwKA8tRrdpTFTNb5B6Q==','2021-05-21 15:03:46'),(288,'0qi95lte46uqz6d05ozalxlscvk6','1621609426125091.jpg','image/jpeg','{\"identified\":true,\"analyzed\":true}','local',398206,'GAnWWZ/xyTAU67bzRaF4fA==','2021-05-21 15:03:46'),(289,'084m0mu1zozoznvm6dw8o4marp32','1621609426134226.jpg','image/jpeg','{\"identified\":true,\"analyzed\":true}','local',416940,'0HHEHeMR512Gb59/VF/3kw==','2021-05-21 15:03:46'),(290,'mcfazn4h3h6rugmofoe2fajp9af1','1621609426143479.jpg','image/jpeg','{\"identified\":true,\"analyzed\":true}','local',312374,'33PCDepGWlyrjVQ2KEQaIg==','2021-05-21 15:03:46'),(291,'cb8bs0iaj0y0l53zdu79b3n236wr','1621609426154056.jpg','image/jpeg','{\"identified\":true,\"analyzed\":true}','local',316217,'8B8LTxq0FEDqJLmC6xBAIQ==','2021-05-21 15:03:46'),(292,'o8v0uwd64v3j2chcjlmel83l3xrz','1621609426162625.jpg','image/jpeg','{\"identified\":true,\"analyzed\":true}','local',429170,'KUM9LOQc/0hWQzXU+E5ylA==','2021-05-21 15:03:46'),(293,'a0e9d5hbc6xmw5qqn70j0e2ycydm','1621609426171884.jpg','image/jpeg','{\"identified\":true,\"analyzed\":true}','local',385369,'1xQRM9Ns8A2sTW7K5lDgQw==','2021-05-21 15:03:46'),(294,'fynt7jdj1gbg0j5kc37dpkqfwnwk','1621609426180791.jpg','image/jpeg','{\"identified\":true,\"analyzed\":true}','local',483980,'jrBBxO45+TjlZtU0saJ9Pw==','2021-05-21 15:03:46'),(295,'jcibs78ahmddzq3zbmvn8pr8yrfe','1621609426190646.jpg','image/jpeg','{\"identified\":true,\"analyzed\":true}','local',455792,'/uvxRSc5QHf3Oi0dUKYrhA==','2021-05-21 15:03:46'),(296,'l23ppiffnq0s9ohq1yqcstowrn5u','1621609426202085.jpg','image/jpeg','{\"identified\":true,\"analyzed\":true}','local',473156,'fYN1l8wWxsRPsOWcqySuNw==','2021-05-21 15:03:46'),(297,'icite53q4m6u81migw8fabexjsea','1621609426212086.jpg','image/jpeg','{\"identified\":true,\"analyzed\":true}','local',412338,'M9ewR/Nz+YajmkkgQRoMuA==','2021-05-21 15:03:46'),(298,'oumz9lmuzumdjqcq687xa5tplygm','1621609426221386.jpg','image/jpeg','{\"identified\":true,\"analyzed\":true}','local',395145,'v0w6Her0rtBEIHyEMsqmoQ==','2021-05-21 15:03:46'),(299,'dk7h410dlimnpapvrdsigw98m3b2','1621609426230461.jpg','image/jpeg','{\"identified\":true,\"analyzed\":true}','local',432303,'eZuhv0oNYyg+b694j/AMrg==','2021-05-21 15:03:46'),(300,'u4s9n9h9o4w3606mzprrscugowc5','1621609426239420.jpg','image/jpeg','{\"identified\":true,\"analyzed\":true}','local',391104,'fnVK5l6AXgEUX2LmK+P/ZQ==','2021-05-21 15:03:46'),(301,'k9521duknq4tlyi41tlndi58x5cd','1621609426248751.jpg','image/jpeg','{\"identified\":true,\"analyzed\":true}','local',399841,'a6N6NEvTDCgJBTOOAWEVTA==','2021-05-21 15:03:46'),(302,'xx9e2wgkxjoblz26ws4k8vajuso3','1621609426259295.jpg','image/jpeg','{\"identified\":true,\"analyzed\":true}','local',364519,'w/bW5PLGmrRMfbXVv3Jk4g==','2021-05-21 15:03:46'),(303,'ostk32zqke9dm7tptcmemwdtvkeh','1621609426268625.jpg','image/jpeg','{\"identified\":true,\"analyzed\":true}','local',424954,'Gxz5Sg9C5GejAavnhiydiw==','2021-05-21 15:03:46'),(304,'7c6fzfu2fozal4s5ada6g6wosa1t','1621609426277983.jpg','image/jpeg','{\"identified\":true,\"analyzed\":true}','local',424002,'tRu5P51Qs7wafASQpnRxFQ==','2021-05-21 15:03:46'),(305,'1lz83fdo3yyjuc4ytjivwopm4o9k','1621609426287039.jpg','image/jpeg','{\"identified\":true,\"analyzed\":true}','local',416248,'9qnMpyas684lfnrIsHPmhw==','2021-05-21 15:03:46'),(306,'kgs4nn03e3ajq32v7u76nrdn0psz','1621609426296164.jpg','image/jpeg','{\"identified\":true,\"analyzed\":true}','local',346230,'WwZ/tF5VrLLQM71fdOeg1w==','2021-05-21 15:03:46'),(307,'lkce31xjdq3hkpcn49j0yrzfsve8','1621609426306983.jpg','image/jpeg','{\"identified\":true,\"analyzed\":true}','local',432358,'qmi8/Q0EO0+2W1aEArQ3OA==','2021-05-21 15:03:46'),(308,'svobsup0ss13bsk0gpjq8zo2dle0','1621609426319966.jpg','image/jpeg','{\"identified\":true,\"analyzed\":true}','local',277927,'hkn8Huwm0dyZNDSAPXiGtA==','2021-05-21 15:03:46'),(309,'wqy3ece61ahhnqbvr9djm7pg109o','1621609426330250.jpg','image/jpeg','{\"identified\":true,\"analyzed\":true}','local',432029,'Cf+vLN7d+rsTAbwcJsKtmw==','2021-05-21 15:03:46'),(310,'adikyz0o0nno5jlhjr4gui5ap48o','1621609426338983.jpg','image/jpeg','{\"identified\":true,\"analyzed\":true}','local',388003,'kOve0m4ywphM2itCdRz7ug==','2021-05-21 15:03:46'),(311,'9o0qvj4l8jqlhz6xb61mh99tonsp','1621609426348075.jpg','image/jpeg','{\"identified\":true,\"analyzed\":true}','local',395316,'EoznmQKM+p5z7+MC+9W0oA==','2021-05-21 15:03:46'),(312,'b45470xn4t2jzv0c9jum3bdzrkze','1621609426358641.jpg','image/jpeg','{\"identified\":true,\"analyzed\":true}','local',403115,'z1mCFZpXKbWEaYbCvxmCOQ==','2021-05-21 15:03:46'),(313,'kvqxzbeja1iy9u7ao8wqxi0aqs9d','1621609426368779.jpg','image/jpeg','{\"identified\":true,\"analyzed\":true}','local',297392,'LbjNmWFsMxe2VHrZgmgd8w==','2021-05-21 15:03:46'),(314,'5k5odkr85ehikf36el55mc2nvgbj','1621609426377232.jpg','image/jpeg','{\"identified\":true,\"analyzed\":true}','local',379043,'ADeLA5zSk/GkDHbv+XPMRQ==','2021-05-21 15:03:46'),(315,'myc1bkut2dc4cq1s6ocbjekgs7tg','1621609426386676.jpg','image/jpeg','{\"identified\":true,\"analyzed\":true}','local',406426,'eL8w596In6jt1Jwk4acaTQ==','2021-05-21 15:03:46'),(316,'eagmvmgudc4n8nvwehu3vm3pod4h','1621703320948403.jpg','image/jpeg','{\"identified\":true,\"analyzed\":true}','local',326636,'35lXCyhHzZXpb61G9SCEAQ==','2021-05-22 17:09:48');
/*!40000 ALTER TABLE `active_storage_blobs` ENABLE KEYS */;
UNLOCK TABLES;

--
-- Table structure for table `active_storage_variant_records`
--

DROP TABLE IF EXISTS `active_storage_variant_records`;
/*!40101 SET @saved_cs_client     = @@character_set_client */;
/*!40101 SET character_set_client = utf8 */;
CREATE TABLE `active_storage_variant_records` (
  `id` bigint(20) NOT NULL AUTO_INCREMENT,
  `blob_id` bigint(20) NOT NULL,
  `variation_digest` varchar(255) NOT NULL,
  PRIMARY KEY (`id`),
  UNIQUE KEY `index_active_storage_variant_records_uniqueness` (`blob_id`,`variation_digest`),
  CONSTRAINT `fk_rails_993965df05` FOREIGN KEY (`blob_id`) REFERENCES `active_storage_blobs` (`id`)
) ENGINE=InnoDB DEFAULT CHARSET=utf8mb4;
/*!40101 SET character_set_client = @saved_cs_client */;

--
-- Dumping data for table `active_storage_variant_records`
--

LOCK TABLES `active_storage_variant_records` WRITE;
/*!40000 ALTER TABLE `active_storage_variant_records` DISABLE KEYS */;
/*!40000 ALTER TABLE `active_storage_variant_records` ENABLE KEYS */;
UNLOCK TABLES;

--
-- Table structure for table `ar_internal_metadata`
--

DROP TABLE IF EXISTS `ar_internal_metadata`;
/*!40101 SET @saved_cs_client     = @@character_set_client */;
/*!40101 SET character_set_client = utf8 */;
CREATE TABLE `ar_internal_metadata` (
  `key` varchar(255) NOT NULL,
  `value` varchar(255) DEFAULT NULL,
  `created_at` datetime(6) NOT NULL,
  `updated_at` datetime(6) NOT NULL,
  PRIMARY KEY (`key`)
) ENGINE=InnoDB DEFAULT CHARSET=utf8mb4;
/*!40101 SET character_set_client = @saved_cs_client */;

--
-- Dumping data for table `ar_internal_metadata`
--

LOCK TABLES `ar_internal_metadata` WRITE;
/*!40000 ALTER TABLE `ar_internal_metadata` DISABLE KEYS */;
INSERT INTO `ar_internal_metadata` VALUES ('environment','development','2021-05-17 13:40:57.519675','2021-05-17 13:40:57.519675');
/*!40000 ALTER TABLE `ar_internal_metadata` ENABLE KEYS */;
UNLOCK TABLES;

--
-- Table structure for table `dataset_positions`
--

DROP TABLE IF EXISTS `dataset_positions`;
/*!40101 SET @saved_cs_client     = @@character_set_client */;
/*!40101 SET character_set_client = utf8 */;
CREATE TABLE `dataset_positions` (
  `id` bigint(20) NOT NULL AUTO_INCREMENT,
  `dataset_id` bigint(20) NOT NULL,
  `x` int(11) NOT NULL,
  `y` int(11) NOT NULL,
  `width` int(11) NOT NULL,
  `height` int(11) NOT NULL,
  `created_at` datetime(6) NOT NULL,
  `updated_at` datetime(6) NOT NULL,
  PRIMARY KEY (`id`),
  KEY `index_dataset_positions_on_dataset_id` (`dataset_id`)
) ENGINE=InnoDB AUTO_INCREMENT=2150 DEFAULT CHARSET=utf8mb4;
/*!40101 SET character_set_client = @saved_cs_client */;

--
-- Dumping data for table `dataset_positions`
--

LOCK TABLES `dataset_positions` WRITE;
/*!40000 ALTER TABLE `dataset_positions` DISABLE KEYS */;
INSERT INTO `dataset_positions` VALUES (19,71,504,17,83,104,'2021-05-19 14:01:54.776977','2021-05-19 15:06:43.415488'),(20,71,593,17,92,102,'2021-05-19 14:01:54.804799','2021-05-19 15:06:43.429171'),(21,71,692,17,88,103,'2021-05-19 14:01:54.805600','2021-05-19 15:06:43.432238'),(22,71,786,17,92,102,'2021-05-19 14:01:54.807178','2021-05-19 15:06:43.435089'),(23,71,1276,33,73,70,'2021-05-19 14:01:54.807864','2021-05-19 15:06:43.437681'),(24,71,1204,30,62,80,'2021-05-19 14:01:54.808657','2021-05-19 15:06:43.440687'),(25,71,1124,32,74,80,'2021-05-19 14:01:54.809353','2021-05-19 15:06:43.442615'),(26,71,1051,31,65,77,'2021-05-19 14:01:54.810297','2021-05-19 15:06:43.444774'),(48,17,489,11,101,102,'2021-05-19 14:24:13.345038','2021-05-19 14:24:13.345038'),(49,17,689,16,94,104,'2021-05-19 14:24:13.357225','2021-05-19 14:24:13.357225'),(50,17,795,14,83,106,'2021-05-19 14:24:13.359461','2021-05-19 14:24:13.359461'),(51,17,1045,31,79,79,'2021-05-19 14:24:13.361802','2021-05-19 14:24:13.361802'),(52,17,1129,30,68,76,'2021-05-19 14:24:13.363733','2021-05-19 14:24:13.363733'),(53,17,1204,30,67,79,'2021-05-19 14:24:13.366474','2021-05-19 14:24:13.366474'),(55,18,594,23,86,95,'2021-05-19 14:59:51.254581','2021-05-19 14:59:51.254581'),(56,18,499,22,89,93,'2021-05-19 14:59:51.259529','2021-05-19 14:59:51.259529'),(57,18,689,23,92,95,'2021-05-19 14:59:51.262214','2021-05-19 14:59:51.262214'),(58,18,785,24,91,91,'2021-05-19 14:59:51.275988','2021-05-19 14:59:51.275988'),(59,18,1046,27,75,84,'2021-05-19 14:59:51.300312','2021-05-19 14:59:51.300312'),(60,18,1128,27,67,79,'2021-05-19 14:59:51.303146','2021-05-19 14:59:51.303146'),(61,18,1275,28,71,79,'2021-05-19 14:59:51.305782','2021-05-19 14:59:51.305782'),(67,70,630,23,84,88,'2021-05-19 15:07:49.043443','2021-05-19 15:07:49.043443'),(68,70,1044,26,87,90,'2021-05-19 15:07:49.048991','2021-05-19 15:07:49.048991'),(69,70,1138,25,78,91,'2021-05-19 15:07:49.050668','2021-05-19 15:07:49.050668'),(70,70,1232,25,75,93,'2021-05-19 15:07:49.052341','2021-05-19 15:07:49.052341'),(71,70,1316,23,83,91,'2021-05-19 15:07:49.053736','2021-05-19 15:07:49.053736'),(72,19,501,19,86,97,'2021-05-19 15:10:26.302815','2021-05-19 15:10:26.302815'),(73,19,597,20,88,95,'2021-05-19 15:10:26.306384','2021-05-19 15:10:26.306384'),(74,19,692,21,89,89,'2021-05-19 15:10:26.311232','2021-05-19 15:10:26.311232'),(75,19,788,23,94,99,'2021-05-19 15:10:26.314139','2021-05-19 15:10:26.314139'),(76,19,1047,25,71,81,'2021-05-19 15:10:26.316379','2021-05-19 15:10:26.316379'),(77,19,1123,25,73,82,'2021-05-19 15:10:26.318790','2021-05-19 15:10:26.318790'),(78,19,1276,26,72,84,'2021-05-19 15:10:26.320959','2021-05-19 15:10:26.320959'),(80,20,497,22,94,92,'2021-05-19 15:11:14.500460','2021-05-19 15:11:14.500460'),(81,20,600,23,79,90,'2021-05-19 15:11:14.503886','2021-05-19 15:11:14.503886'),(82,20,693,22,89,92,'2021-05-19 15:11:14.506474','2021-05-19 15:11:14.506474'),(83,20,791,23,91,95,'2021-05-19 15:11:14.510273','2021-05-19 15:11:14.510273'),(84,20,1046,30,77,77,'2021-05-19 15:11:14.513414','2021-05-19 15:11:14.513414'),(85,20,1276,29,72,79,'2021-05-19 15:11:14.515853','2021-05-19 15:11:14.515853'),(86,21,499,19,88,95,'2021-05-20 11:52:44.097965','2021-05-20 11:52:44.097965'),(87,21,596,19,86,94,'2021-05-20 11:52:44.099125','2021-05-20 11:52:44.099125'),(88,21,693,18,83,98,'2021-05-20 11:52:44.099977','2021-05-20 11:52:44.099977'),(89,21,784,18,94,96,'2021-05-20 11:52:44.100645','2021-05-20 11:52:44.100645'),(90,21,1045,28,78,81,'2021-05-20 11:52:44.101304','2021-05-20 11:52:44.101304'),(91,21,1274,24,74,88,'2021-05-20 11:52:44.102273','2021-05-20 11:52:44.102273'),(92,23,530,23,86,87,'2021-05-20 11:53:18.398718','2021-05-20 11:53:18.398718'),(93,23,622,24,76,84,'2021-05-20 11:53:18.401225','2021-05-20 11:53:18.401225'),(94,23,704,22,82,89,'2021-05-20 11:53:18.403916','2021-05-20 11:53:18.403916'),(95,23,791,23,84,89,'2021-05-20 11:53:18.407285','2021-05-20 11:53:18.407285'),(96,23,1044,25,79,88,'2021-05-20 11:53:18.409557','2021-05-20 11:53:18.409557'),(97,23,1132,25,82,88,'2021-05-20 11:53:18.411985','2021-05-20 11:53:18.411985'),(98,23,1219,27,76,87,'2021-05-20 11:53:18.414298','2021-05-20 11:53:18.414298'),(99,23,1301,29,82,83,'2021-05-20 11:53:18.416003','2021-05-20 11:53:18.416003'),(100,24,618,25,82,86,'2021-05-20 11:53:38.817596','2021-05-20 11:53:38.817596'),(101,24,1135,27,75,84,'2021-05-20 11:53:38.819954','2021-05-20 11:53:38.819954'),(102,24,1219,28,80,85,'2021-05-20 11:53:38.822084','2021-05-20 11:53:38.822084'),(103,25,618,23,84,91,'2021-05-20 13:58:54.113186','2021-05-20 13:58:54.113186'),(104,25,1130,23,85,97,'2021-05-20 13:58:54.125083','2021-05-20 13:58:54.125083'),(106,25,1220,23,75,90,'2021-05-20 13:58:54.129058','2021-05-20 13:58:54.129058'),(108,35,573,31,64,77,'2021-05-20 13:59:30.804989','2021-05-20 13:59:30.804989'),(109,35,643,32,75,78,'2021-05-20 13:59:30.809492','2021-05-20 13:59:30.809492'),(110,35,725,31,68,74,'2021-05-20 13:59:30.813832','2021-05-20 13:59:30.813832'),(111,35,800,32,69,75,'2021-05-20 13:59:30.817526','2021-05-20 13:59:30.817526'),(112,35,1041,23,86,90,'2021-05-20 13:59:30.819797','2021-05-20 13:59:30.819797'),(113,35,1233,23,88,93,'2021-05-20 13:59:30.821613','2021-05-20 13:59:30.821613'),(114,35,1328,26,94,91,'2021-05-20 13:59:30.824950','2021-05-20 13:59:30.824950'),(115,36,568,28,75,80,'2021-05-20 14:00:00.605729','2021-05-20 14:00:00.605729'),(116,36,648,28,69,77,'2021-05-20 14:00:00.612954','2021-05-20 14:00:00.612954'),(117,36,722,30,70,73,'2021-05-20 14:00:00.615980','2021-05-20 14:00:00.615980'),(118,36,797,29,70,77,'2021-05-20 14:00:00.618785','2021-05-20 14:00:00.618785'),(119,36,1046,22,84,93,'2021-05-20 14:00:00.621576','2021-05-20 14:00:00.621576'),(120,36,1236,26,83,88,'2021-05-20 14:00:00.625858','2021-05-20 14:00:00.625858'),(121,36,1327,25,96,95,'2021-05-20 14:00:00.628653','2021-05-20 14:00:00.628653'),(122,37,573,23,66,83,'2021-05-20 14:05:16.885515','2021-05-20 14:05:16.885515'),(123,37,647,25,70,83,'2021-05-20 14:05:16.887390','2021-05-20 14:05:16.887390'),(124,37,725,25,64,83,'2021-05-20 14:05:16.889873','2021-05-20 14:05:16.889873'),(125,37,799,28,70,80,'2021-05-20 14:05:16.892421','2021-05-20 14:05:16.892421'),(126,37,1036,17,98,103,'2021-05-20 14:05:16.896369','2021-05-20 14:05:16.896369'),(127,37,1329,24,94,96,'2021-05-20 14:05:16.899435','2021-05-20 14:05:16.899435'),(128,37,1236,23,85,93,'2021-05-20 14:05:16.901992','2021-05-20 14:05:16.901992'),(129,69,496,18,88,97,'2021-05-20 14:05:44.506632','2021-05-20 14:05:44.506632'),(130,69,594,21,85,92,'2021-05-20 14:05:44.509130','2021-05-20 14:05:44.509130'),(131,69,691,22,84,94,'2021-05-20 14:05:44.512440','2021-05-20 14:05:44.512440'),(132,69,787,23,90,93,'2021-05-20 14:05:44.516057','2021-05-20 14:05:44.516057'),(133,69,1204,31,68,76,'2021-05-20 14:05:44.518165','2021-05-20 14:05:44.518165'),(134,68,495,19,86,95,'2021-05-20 14:06:15.968004','2021-05-20 14:06:15.968004'),(135,68,597,20,82,97,'2021-05-20 14:06:15.993852','2021-05-20 14:06:15.993852'),(136,68,695,19,81,97,'2021-05-20 14:06:15.996998','2021-05-20 14:06:15.996998'),(137,68,792,19,84,96,'2021-05-20 14:06:15.999577','2021-05-20 14:06:15.999577'),(138,68,1049,27,67,81,'2021-05-20 14:06:16.001373','2021-05-20 14:06:16.001373'),(139,68,1127,29,69,78,'2021-05-20 14:06:16.003686','2021-05-20 14:06:16.003686'),(140,68,1276,29,74,83,'2021-05-20 14:06:16.006569','2021-05-20 14:06:16.006569'),(141,67,539,23,76,90,'2021-05-20 14:06:44.267222','2021-05-20 14:06:44.267222'),(142,67,707,22,79,90,'2021-05-20 14:06:44.269876','2021-05-20 14:06:44.269876'),(143,67,794,24,75,87,'2021-05-20 14:06:44.274242','2021-05-20 14:06:44.274242'),(144,67,1046,24,80,86,'2021-05-20 14:06:44.278231','2021-05-20 14:06:44.278231'),(145,67,1223,19,76,92,'2021-05-20 14:06:44.280780','2021-05-20 14:06:44.280780'),(146,67,1306,20,76,94,'2021-05-20 14:06:44.283094','2021-05-20 14:06:44.283094'),(147,62,530,23,81,88,'2021-05-20 14:09:14.643153','2021-05-20 14:09:14.643153'),(148,62,622,23,76,90,'2021-05-20 14:09:14.646972','2021-05-20 14:09:14.646972'),(149,62,706,26,76,82,'2021-05-20 14:09:14.649858','2021-05-20 14:09:14.649858'),(150,62,789,26,83,86,'2021-05-20 14:09:14.652010','2021-05-20 14:09:14.652010'),(151,62,1044,28,82,81,'2021-05-20 14:09:14.654372','2021-05-20 14:09:14.654372'),(166,33,497,22,89,97,'2021-05-20 14:10:45.965746','2021-05-20 14:10:45.965746'),(167,33,595,23,90,95,'2021-05-20 14:10:45.968611','2021-05-20 14:10:45.968611'),(168,33,693,22,85,96,'2021-05-20 14:10:45.970904','2021-05-20 14:10:45.970904'),(169,33,786,22,92,97,'2021-05-20 14:10:45.973709','2021-05-20 14:10:45.973709'),(170,33,1048,34,75,75,'2021-05-20 14:10:45.975931','2021-05-20 14:10:45.975931'),(171,33,1129,33,64,72,'2021-05-20 14:10:45.978852','2021-05-20 14:10:45.978852'),(172,33,1270,36,82,72,'2021-05-20 14:10:45.981480','2021-05-20 14:10:45.981480'),(173,66,500,23,85,91,'2021-05-20 14:11:05.200705','2021-05-20 14:11:05.200705'),(174,66,597,20,87,96,'2021-05-20 14:11:05.203841','2021-05-20 14:11:05.203841'),(175,66,694,23,82,93,'2021-05-20 14:11:05.205576','2021-05-20 14:11:05.205576'),(176,65,515,23,88,88,'2021-05-20 14:11:30.675190','2021-05-20 14:11:30.675190'),(177,65,610,24,83,87,'2021-05-20 14:11:30.678321','2021-05-20 14:11:30.678321'),(178,65,701,25,79,91,'2021-05-20 14:11:30.681326','2021-05-20 14:11:30.681326'),(179,65,790,21,84,93,'2021-05-20 14:11:30.684473','2021-05-20 14:11:30.684473'),(180,65,1135,28,65,81,'2021-05-20 14:11:30.687382','2021-05-20 14:11:30.687382'),(181,65,1291,28,73,84,'2021-05-20 14:11:30.689326','2021-05-20 14:11:30.689326'),(182,64,536,27,75,83,'2021-05-20 14:11:56.949550','2021-05-20 14:11:56.949550'),(183,64,618,28,83,83,'2021-05-20 14:11:56.951896','2021-05-20 14:11:56.951896'),(184,64,1137,28,69,85,'2021-05-20 14:11:56.953880','2021-05-20 14:11:56.953880'),(185,64,1214,27,82,83,'2021-05-20 14:11:56.956019','2021-05-20 14:11:56.956019'),(186,64,709,27,76,84,'2021-05-20 14:11:56.957878','2021-05-20 14:11:56.957878'),(187,58,501,17,86,99,'2021-05-20 14:12:26.577478','2021-05-20 14:12:26.577478'),(188,58,590,17,87,99,'2021-05-20 14:12:26.581355','2021-05-20 14:12:26.581355'),(189,58,693,16,89,106,'2021-05-20 14:12:26.583984','2021-05-20 14:12:26.583984'),(190,58,789,16,87,101,'2021-05-20 14:12:26.587202','2021-05-20 14:12:26.587202'),(191,58,1046,26,74,81,'2021-05-20 14:12:26.589833','2021-05-20 14:12:26.589833'),(192,58,1195,32,77,75,'2021-05-20 14:12:26.592065','2021-05-20 14:12:26.592065'),(193,58,1277,30,72,82,'2021-05-20 14:12:26.594809','2021-05-20 14:12:26.594809'),(194,22,496,22,92,94,'2021-05-20 14:12:51.634515','2021-05-20 14:12:51.634515'),(195,22,599,21,85,95,'2021-05-20 14:12:51.637319','2021-05-20 14:12:51.637319'),(196,22,693,23,90,93,'2021-05-20 14:12:51.639554','2021-05-20 14:12:51.639554'),(197,22,792,23,91,91,'2021-05-20 14:12:51.642055','2021-05-20 14:12:51.642055'),(198,22,1052,29,71,82,'2021-05-20 14:12:51.645951','2021-05-20 14:12:51.645951'),(199,22,1277,27,71,82,'2021-05-20 14:12:51.648740','2021-05-20 14:12:51.648740'),(200,27,531,28,87,85,'2021-05-21 11:29:07.380214','2021-05-21 11:29:07.380214'),(201,27,627,28,73,84,'2021-05-21 11:29:07.383428','2021-05-21 11:29:07.383428'),(202,27,708,28,74,84,'2021-05-21 11:29:07.386852','2021-05-21 11:29:07.386852'),(203,27,1050,25,77,85,'2021-05-21 11:29:07.388677','2021-05-21 11:29:07.388677'),(204,27,1219,22,79,90,'2021-05-21 11:29:07.390263','2021-05-21 11:29:07.390263'),(205,27,1307,21,75,90,'2021-05-21 11:29:07.391999','2021-05-21 11:29:07.391999'),(206,28,619,27,82,86,'2021-05-21 11:42:35.483478','2021-05-21 11:42:35.483478'),(207,28,710,27,73,85,'2021-05-21 11:42:35.486183','2021-05-21 11:42:35.486183'),(208,28,789,28,86,87,'2021-05-21 11:42:35.489477','2021-05-21 11:42:35.489477'),(209,28,1044,25,82,88,'2021-05-21 11:42:35.491751','2021-05-21 11:42:35.491751'),(210,28,1136,27,72,85,'2021-05-21 11:42:35.493847','2021-05-21 11:42:35.493847'),(211,28,1309,25,75,84,'2021-05-21 11:42:35.496500','2021-05-21 11:42:35.496500'),(212,29,533,27,78,86,'2021-05-21 11:43:26.809959','2021-05-21 11:43:26.809959'),(213,29,624,26,75,87,'2021-05-21 11:43:26.813335','2021-05-21 11:43:26.813335'),(214,29,709,28,78,87,'2021-05-21 11:43:26.815826','2021-05-21 11:43:26.815826'),(215,29,796,29,74,80,'2021-05-21 11:43:26.819943','2021-05-21 11:43:26.819943'),(216,29,1046,25,81,87,'2021-05-21 11:43:26.824003','2021-05-21 11:43:26.824003'),(217,29,1135,26,76,86,'2021-05-21 11:43:26.826833','2021-05-21 11:43:26.826833'),(218,29,1219,27,79,83,'2021-05-21 11:43:26.830406','2021-05-21 11:43:26.830406'),(219,29,1306,27,74,83,'2021-05-21 11:43:26.833587','2021-05-21 11:43:26.833587'),(220,30,533,26,84,82,'2021-05-21 11:44:04.942521','2021-05-21 11:44:04.942521'),(221,30,624,27,75,85,'2021-05-21 11:44:04.945121','2021-05-21 11:44:04.945121'),(222,30,708,26,74,85,'2021-05-21 11:44:04.948252','2021-05-21 11:44:04.948252'),(223,30,789,26,88,84,'2021-05-21 11:44:04.951629','2021-05-21 11:44:04.951629'),(224,30,1045,25,77,87,'2021-05-21 11:44:04.953981','2021-05-21 11:44:04.953981'),(225,30,1131,29,81,84,'2021-05-21 11:44:04.956601','2021-05-21 11:44:04.956601'),(226,30,1219,30,76,80,'2021-05-21 11:44:04.959620','2021-05-21 11:44:04.959620'),(227,30,1302,31,84,82,'2021-05-21 11:44:04.962635','2021-05-21 11:44:04.962635'),(228,31,496,18,88,98,'2021-05-21 11:44:47.535897','2021-05-21 11:44:47.535897'),(229,31,597,18,86,96,'2021-05-21 11:44:47.538633','2021-05-21 11:44:47.538633'),(230,31,1046,29,72,79,'2021-05-21 11:44:47.540851','2021-05-21 11:44:47.540851'),(231,31,1127,35,71,75,'2021-05-21 11:44:47.542811','2021-05-21 11:44:47.542811'),(232,31,1203,27,68,80,'2021-05-21 11:44:47.545389','2021-05-21 11:44:47.545389'),(233,31,1277,34,74,74,'2021-05-21 11:44:47.548778','2021-05-21 11:44:47.548778'),(234,32,503,24,87,89,'2021-05-21 11:45:29.346525','2021-05-21 11:45:29.346525'),(235,32,598,23,88,92,'2021-05-21 11:45:29.351924','2021-05-21 11:45:29.351924'),(236,32,694,22,84,93,'2021-05-21 11:45:29.354452','2021-05-21 11:45:29.354452'),(237,32,790,23,86,94,'2021-05-21 11:45:29.357469','2021-05-21 11:45:29.357469'),(238,32,1048,32,72,75,'2021-05-21 11:45:29.360260','2021-05-21 11:45:29.360260'),(239,32,1129,33,73,75,'2021-05-21 11:45:29.363007','2021-05-21 11:45:29.363007'),(240,32,1209,33,68,72,'2021-05-21 11:45:29.365815','2021-05-21 11:45:29.365815'),(241,32,1284,34,72,74,'2021-05-21 11:45:29.368492','2021-05-21 11:45:29.368492'),(242,34,652,32,65,72,'2021-05-21 11:46:42.833138','2021-05-21 11:46:42.833138'),(243,34,569,31,71,76,'2021-05-21 11:46:42.836085','2021-05-21 11:46:42.836085'),(244,34,722,31,71,78,'2021-05-21 11:46:42.839010','2021-05-21 11:46:42.839010'),(245,34,802,31,69,76,'2021-05-21 11:46:42.842191','2021-05-21 11:46:42.842191'),(246,34,1041,25,86,89,'2021-05-21 11:46:42.845182','2021-05-21 11:46:42.845182'),(247,34,1235,22,87,91,'2021-05-21 11:46:42.849306','2021-05-21 11:46:42.849306'),(248,34,1334,22,88,95,'2021-05-21 11:46:42.851600','2021-05-21 11:46:42.851600'),(249,38,571,29,70,79,'2021-05-21 11:47:14.302176','2021-05-21 11:47:14.302176'),(250,38,648,32,69,73,'2021-05-21 11:47:14.306176','2021-05-21 11:47:14.306176'),(251,38,725,31,66,74,'2021-05-21 11:47:14.309322','2021-05-21 11:47:14.309322'),(252,38,800,32,68,73,'2021-05-21 11:47:14.313154','2021-05-21 11:47:14.313154'),(253,38,1044,21,87,94,'2021-05-21 11:47:14.317191','2021-05-21 11:47:14.317191'),(254,38,1236,23,86,94,'2021-05-21 11:47:14.319784','2021-05-21 11:47:14.319784'),(255,38,1332,26,88,93,'2021-05-21 11:47:14.322191','2021-05-21 11:47:14.322191'),(256,39,537,27,75,86,'2021-05-21 11:47:46.336614','2021-05-21 11:47:46.336614'),(257,39,621,31,82,81,'2021-05-21 11:47:46.341035','2021-05-21 11:47:46.341035'),(258,39,711,30,71,83,'2021-05-21 11:47:46.343670','2021-05-21 11:47:46.343670'),(259,39,795,29,77,83,'2021-05-21 11:47:46.346837','2021-05-21 11:47:46.346837'),(260,39,1135,25,76,86,'2021-05-21 11:47:46.350274','2021-05-21 11:47:46.350274'),(261,39,1222,27,77,87,'2021-05-21 11:47:46.352860','2021-05-21 11:47:46.352860'),(262,39,1307,31,80,82,'2021-05-21 11:47:46.355023','2021-05-21 11:47:46.355023'),(263,40,516,23,86,94,'2021-05-21 11:48:22.998908','2021-05-21 11:48:22.998908'),(264,40,609,27,84,87,'2021-05-21 11:48:23.002315','2021-05-21 11:48:23.002315'),(265,40,704,28,76,86,'2021-05-21 11:48:23.006295','2021-05-21 11:48:23.006295'),(266,40,794,30,77,82,'2021-05-21 11:48:23.009250','2021-05-21 11:48:23.009250'),(267,40,1129,29,72,83,'2021-05-21 11:48:23.011825','2021-05-21 11:48:23.011825'),(268,40,1212,30,74,84,'2021-05-21 11:48:23.015322','2021-05-21 11:48:23.015322'),(269,40,1292,31,74,80,'2021-05-21 11:48:23.018843','2021-05-21 11:48:23.018843'),(270,41,515,24,85,91,'2021-05-21 11:48:58.916320','2021-05-21 11:48:58.916320'),(271,41,609,29,84,87,'2021-05-21 11:48:58.919270','2021-05-21 11:48:58.919270'),(272,41,702,27,79,85,'2021-05-21 11:48:58.925494','2021-05-21 11:48:58.925494'),(273,41,789,26,87,87,'2021-05-21 11:48:58.928360','2021-05-21 11:48:58.928360'),(274,41,1126,30,77,83,'2021-05-21 11:48:58.931226','2021-05-21 11:48:58.931226'),(275,41,1211,31,72,82,'2021-05-21 11:48:58.933854','2021-05-21 11:48:58.933854'),(276,41,1294,29,73,85,'2021-05-21 11:48:58.935960','2021-05-21 11:48:58.935960'),(282,42,497,22,86,94,'2021-05-21 11:51:34.037734','2021-05-21 11:51:34.037734'),(283,42,595,21,88,95,'2021-05-21 11:51:34.039485','2021-05-21 11:51:34.039485'),(284,42,1120,34,76,74,'2021-05-21 11:51:34.041390','2021-05-21 11:51:34.041390'),(285,42,1204,31,63,76,'2021-05-21 11:51:34.042963','2021-05-21 11:51:34.042963'),(286,42,1276,34,77,78,'2021-05-21 11:51:34.044923','2021-05-21 11:51:34.044923'),(287,43,516,25,82,88,'2021-05-21 11:52:00.965734','2021-05-21 11:52:00.965734'),(288,43,607,29,85,86,'2021-05-21 11:52:00.968998','2021-05-21 11:52:00.968998'),(289,43,705,28,76,86,'2021-05-21 11:52:00.971811','2021-05-21 11:52:00.971811'),(290,43,793,27,80,85,'2021-05-21 11:52:00.974457','2021-05-21 11:52:00.974457'),(291,43,1132,34,69,75,'2021-05-21 11:52:00.977713','2021-05-21 11:52:00.977713'),(292,43,1212,32,76,78,'2021-05-21 11:52:00.981676','2021-05-21 11:52:00.981676'),(293,44,543,27,69,84,'2021-05-21 11:52:23.463415','2021-05-21 11:52:23.463415'),(294,44,622,30,81,87,'2021-05-21 11:52:23.466799','2021-05-21 11:52:23.466799'),(295,44,708,29,77,84,'2021-05-21 11:52:23.470502','2021-05-21 11:52:23.470502'),(296,44,797,28,76,87,'2021-05-21 11:52:23.473686','2021-05-21 11:52:23.473686'),(297,44,1131,26,83,86,'2021-05-21 11:52:23.476079','2021-05-21 11:52:23.476079'),(298,44,1221,28,79,84,'2021-05-21 11:52:23.478841','2021-05-21 11:52:23.478841'),(299,45,535,28,78,82,'2021-05-21 11:52:46.472546','2021-05-21 11:52:46.472546'),(300,45,622,30,80,82,'2021-05-21 11:52:46.477870','2021-05-21 11:52:46.477870'),(301,45,708,27,80,83,'2021-05-21 11:52:46.480949','2021-05-21 11:52:46.480949'),(302,45,795,30,76,79,'2021-05-21 11:52:46.483813','2021-05-21 11:52:46.483813'),(303,45,1132,23,78,91,'2021-05-21 11:52:46.486157','2021-05-21 11:52:46.486157'),(304,45,1218,26,83,88,'2021-05-21 11:52:46.487952','2021-05-21 11:52:46.487952'),(305,46,535,32,78,79,'2021-05-21 11:53:12.400129','2021-05-21 11:53:12.400129'),(306,46,617,36,82,76,'2021-05-21 11:53:12.403141','2021-05-21 11:53:12.403141'),(307,46,710,25,74,86,'2021-05-21 11:53:12.405855','2021-05-21 11:53:12.405855'),(308,46,798,25,72,90,'2021-05-21 11:53:12.408126','2021-05-21 11:53:12.408126'),(309,46,1132,25,75,85,'2021-05-21 11:53:12.411620','2021-05-21 11:53:12.411620'),(310,46,1219,32,82,80,'2021-05-21 11:53:12.414611','2021-05-21 11:53:12.414611'),(311,47,534,28,77,83,'2021-05-21 11:53:38.083757','2021-05-21 11:53:38.083757'),(312,47,622,27,79,85,'2021-05-21 11:53:38.086173','2021-05-21 11:53:38.086173'),(313,47,713,27,70,82,'2021-05-21 11:53:38.088876','2021-05-21 11:53:38.088876'),(314,47,795,21,80,88,'2021-05-21 11:53:38.093035','2021-05-21 11:53:38.093035'),(315,47,1050,27,76,84,'2021-05-21 11:53:38.096938','2021-05-21 11:53:38.096938'),(316,47,1135,25,73,85,'2021-05-21 11:53:38.100422','2021-05-21 11:53:38.100422'),(317,47,1220,27,74,83,'2021-05-21 11:53:38.103521','2021-05-21 11:53:38.103521'),(318,47,1303,25,78,85,'2021-05-21 11:53:38.105389','2021-05-21 11:53:38.105389'),(319,48,573,31,67,74,'2021-05-21 11:54:05.335744','2021-05-21 11:54:05.335744'),(320,48,727,28,65,80,'2021-05-21 11:54:05.338105','2021-05-21 11:54:05.338105'),(321,48,799,30,66,77,'2021-05-21 11:54:05.340538','2021-05-21 11:54:05.340538'),(322,48,1045,23,86,91,'2021-05-21 11:54:05.343635','2021-05-21 11:54:05.343635'),(323,48,1140,24,83,91,'2021-05-21 11:54:05.347582','2021-05-21 11:54:05.347582'),(324,48,1232,20,90,95,'2021-05-21 11:54:05.350560','2021-05-21 11:54:05.350560'),(325,48,1331,24,89,93,'2021-05-21 11:54:05.352896','2021-05-21 11:54:05.352896'),(326,49,532,29,81,81,'2021-05-21 12:28:54.011056','2021-05-21 12:28:54.011056'),(327,49,619,30,81,81,'2021-05-21 12:28:54.021631','2021-05-21 12:28:54.021631'),(328,49,710,28,79,79,'2021-05-21 12:28:54.022470','2021-05-21 12:28:54.022470'),(329,49,795,27,80,80,'2021-05-21 12:28:54.023743','2021-05-21 12:28:54.023743'),(330,49,1044,27,80,80,'2021-05-21 12:28:54.024842','2021-05-21 12:28:54.024842'),(331,49,1130,26,86,86,'2021-05-21 12:28:54.025570','2021-05-21 12:28:54.025570'),(339,50,569,33,72,72,'2021-05-21 12:47:56.644471','2021-05-21 12:47:56.644471'),(340,50,647,31,76,76,'2021-05-21 12:47:56.650848','2021-05-21 12:47:56.650848'),(341,50,725,33,71,71,'2021-05-21 12:47:56.651661','2021-05-21 12:47:56.651661'),(342,50,800,31,76,76,'2021-05-21 12:47:56.652273','2021-05-21 12:47:56.652273'),(343,50,1038,22,93,93,'2021-05-21 12:47:56.653021','2021-05-21 12:47:56.653021'),(344,50,1141,24,88,88,'2021-05-21 12:47:56.653570','2021-05-21 12:47:56.653570'),(345,50,1236,23,91,91,'2021-05-21 12:47:56.654300','2021-05-21 12:47:56.654300'),(346,50,1335,25,89,89,'2021-05-21 12:47:56.654827','2021-05-21 12:47:56.654827'),(347,52,489,24,96,96,'2021-05-21 12:48:34.849923','2021-05-21 12:48:34.849923'),(348,52,594,22,97,97,'2021-05-21 12:48:34.873064','2021-05-21 12:48:34.873064'),(349,52,695,22,92,92,'2021-05-21 12:48:34.875108','2021-05-21 12:48:34.875108'),(350,52,1050,28,77,77,'2021-05-21 12:48:34.876846','2021-05-21 12:48:34.876846'),(351,52,1128,33,75,75,'2021-05-21 12:48:34.877748','2021-05-21 12:48:34.877748'),(352,52,1200,32,78,78,'2021-05-21 12:48:34.878701','2021-05-21 12:48:34.878701'),(353,52,1276,30,82,82,'2021-05-21 12:48:34.879265','2021-05-21 12:48:34.879265'),(354,53,529,33,81,81,'2021-05-21 12:49:04.237535','2021-05-21 12:49:04.237535'),(355,53,616,27,85,85,'2021-05-21 12:49:04.255799','2021-05-21 12:49:04.255799'),(356,53,707,29,82,82,'2021-05-21 12:49:04.257331','2021-05-21 12:49:04.257331'),(357,53,793,27,83,83,'2021-05-21 12:49:04.258835','2021-05-21 12:49:04.258835'),(358,53,1041,29,82,82,'2021-05-21 12:49:04.259891','2021-05-21 12:49:04.259891'),(359,53,1130,28,82,82,'2021-05-21 12:49:04.261030','2021-05-21 12:49:04.261030'),(360,53,1301,23,90,90,'2021-05-21 12:49:04.262391','2021-05-21 12:49:04.262391'),(362,54,505,24,94,94,'2021-05-21 12:49:41.937085','2021-05-21 12:49:41.937085'),(363,54,606,21,94,94,'2021-05-21 12:49:41.946035','2021-05-21 12:49:41.946035'),(364,54,786,24,93,93,'2021-05-21 12:49:41.947585','2021-05-21 12:49:41.947585'),(365,54,1045,33,77,77,'2021-05-21 12:49:41.949296','2021-05-21 12:49:41.949296'),(366,54,1129,30,79,79,'2021-05-21 12:49:41.950178','2021-05-21 12:49:41.950178'),(367,54,1288,30,80,80,'2021-05-21 12:49:41.951437','2021-05-21 12:49:41.951437'),(374,56,491,23,96,96,'2021-05-21 12:50:34.663775','2021-05-21 12:50:34.663775'),(375,56,597,25,89,89,'2021-05-21 12:50:34.665714','2021-05-21 12:50:34.665714'),(376,56,784,22,95,95,'2021-05-21 12:50:34.667077','2021-05-21 12:50:34.667077'),(377,56,1045,30,78,78,'2021-05-21 12:50:34.669242','2021-05-21 12:50:34.669242'),(378,56,1127,32,75,75,'2021-05-21 12:50:34.670458','2021-05-21 12:50:34.670458'),(379,56,1272,28,82,82,'2021-05-21 12:50:34.672912','2021-05-21 12:50:34.672912'),(380,57,530,29,85,85,'2021-05-21 12:51:01.886804','2021-05-21 12:51:01.886804'),(381,57,622,31,78,78,'2021-05-21 12:51:01.888400','2021-05-21 12:51:01.888400'),(382,57,707,27,82,82,'2021-05-21 12:51:01.889867','2021-05-21 12:51:01.889867'),(383,57,797,30,82,82,'2021-05-21 12:51:01.891844','2021-05-21 12:51:01.891844'),(384,57,1044,27,85,85,'2021-05-21 12:51:01.897560','2021-05-21 12:51:01.897560'),(385,57,1134,29,80,80,'2021-05-21 12:51:01.899175','2021-05-21 12:51:01.899175'),(386,60,488,20,99,99,'2021-05-21 12:51:22.197914','2021-05-21 12:51:22.197914'),(387,60,785,20,97,97,'2021-05-21 12:51:22.219236','2021-05-21 12:51:22.219236'),(388,60,593,22,95,95,'2021-05-21 12:51:22.220020','2021-05-21 12:51:22.220020'),(389,60,1045,28,83,83,'2021-05-21 12:51:22.220745','2021-05-21 12:51:22.220745'),(390,60,1272,26,83,83,'2021-05-21 12:51:22.221320','2021-05-21 12:51:22.221320'),(391,61,491,24,95,95,'2021-05-21 12:51:39.429897','2021-05-21 12:51:39.429897'),(392,61,595,24,93,93,'2021-05-21 12:51:39.432267','2021-05-21 12:51:39.432267'),(393,61,786,20,96,96,'2021-05-21 12:51:39.435647','2021-05-21 12:51:39.435647'),(394,61,1043,32,78,78,'2021-05-21 12:51:39.437943','2021-05-21 12:51:39.437943'),(395,61,1270,30,81,81,'2021-05-21 12:51:39.439349','2021-05-21 12:51:39.439349'),(396,59,489,21,95,95,'2021-05-21 12:52:08.588744','2021-05-21 12:52:08.588744'),(397,59,594,19,95,95,'2021-05-21 12:52:08.590911','2021-05-21 12:52:08.590911'),(398,59,694,25,89,89,'2021-05-21 12:52:08.594898','2021-05-21 12:52:08.594898'),(399,59,788,23,94,94,'2021-05-21 12:52:08.596867','2021-05-21 12:52:08.596867'),(400,59,1047,27,83,83,'2021-05-21 12:52:08.598546','2021-05-21 12:52:08.598546'),(401,59,1196,30,81,81,'2021-05-21 12:52:08.601942','2021-05-21 12:52:08.601942'),(402,59,1278,33,72,72,'2021-05-21 12:52:08.603030','2021-05-21 12:52:08.603030'),(403,63,489,19,99,99,'2021-05-21 12:52:39.351768','2021-05-21 12:52:39.351768'),(404,63,592,27,93,93,'2021-05-21 12:52:39.375285','2021-05-21 12:52:39.375285'),(405,63,694,23,88,88,'2021-05-21 12:52:39.376908','2021-05-21 12:52:39.376908'),(406,63,788,20,97,97,'2021-05-21 12:52:39.377963','2021-05-21 12:52:39.377963'),(407,63,1117,28,82,82,'2021-05-21 12:52:39.379482','2021-05-21 12:52:39.379482'),(408,63,1203,35,71,71,'2021-05-21 12:52:39.380401','2021-05-21 12:52:39.380401'),(409,63,1277,31,75,75,'2021-05-21 12:52:39.381094','2021-05-21 12:52:39.381094'),(410,72,616,23,87,87,'2021-05-21 15:05:34.812670','2021-05-21 15:05:34.812670'),(411,72,708,27,84,84,'2021-05-21 15:05:34.816276','2021-05-21 15:05:34.816276'),(412,72,792,23,89,89,'2021-05-21 15:05:34.819226','2021-05-21 15:05:34.819226'),(413,72,1128,27,83,83,'2021-05-21 15:05:34.822241','2021-05-21 15:05:34.822241'),(414,72,1218,27,87,87,'2021-05-21 15:05:34.825953','2021-05-21 15:05:34.825953'),(415,73,532,28,83,83,'2021-05-21 15:06:02.543227','2021-05-21 15:06:02.543227'),(416,73,621,29,83,83,'2021-05-21 15:06:02.545752','2021-05-21 15:06:02.545752'),(417,73,794,27,82,82,'2021-05-21 15:06:02.548239','2021-05-21 15:06:02.548239'),(418,73,1044,24,88,88,'2021-05-21 15:06:02.552393','2021-05-21 15:06:02.552393'),(419,73,1131,30,87,87,'2021-05-21 15:06:02.555372','2021-05-21 15:06:02.555372'),(420,73,1218,28,86,86,'2021-05-21 15:06:02.557551','2021-05-21 15:06:02.557551'),(421,74,489,23,98,98,'2021-05-21 15:06:26.468930','2021-05-21 15:06:26.468930'),(422,74,593,19,95,95,'2021-05-21 15:06:26.472781','2021-05-21 15:06:26.472781'),(423,74,691,20,92,92,'2021-05-21 15:06:26.475198','2021-05-21 15:06:26.475198'),(424,74,784,22,96,96,'2021-05-21 15:06:26.477988','2021-05-21 15:06:26.477988'),(425,74,1047,32,72,72,'2021-05-21 15:06:26.480865','2021-05-21 15:06:26.480865'),(426,74,1198,29,76,76,'2021-05-21 15:06:26.484052','2021-05-21 15:06:26.484052'),(427,75,495,23,93,93,'2021-05-21 15:07:02.619722','2021-05-21 15:07:02.619722'),(428,75,596,22,92,92,'2021-05-21 15:07:02.623298','2021-05-21 15:07:02.623298'),(429,75,690,26,94,94,'2021-05-21 15:07:02.626201','2021-05-21 15:07:02.626201'),(430,75,787,22,96,96,'2021-05-21 15:07:02.628490','2021-05-21 15:07:02.628490'),(431,75,1045,31,79,79,'2021-05-21 15:07:02.631175','2021-05-21 15:07:02.631175'),(432,75,1126,34,74,74,'2021-05-21 15:07:02.633169','2021-05-21 15:07:02.633169'),(433,75,1204,35,71,71,'2021-05-21 15:07:02.635430','2021-05-21 15:07:02.635430'),(434,75,1278,33,75,75,'2021-05-21 15:07:02.639405','2021-05-21 15:07:02.639405'),(435,76,531,28,87,87,'2021-05-21 15:07:32.744307','2021-05-21 15:07:32.744307'),(436,76,706,27,84,84,'2021-05-21 15:07:32.747305','2021-05-21 15:07:32.747305'),(437,76,794,31,83,83,'2021-05-21 15:07:32.749877','2021-05-21 15:07:32.749877'),(438,76,1045,27,83,83,'2021-05-21 15:07:32.752838','2021-05-21 15:07:32.752838'),(439,76,1133,31,82,82,'2021-05-21 15:07:32.757411','2021-05-21 15:07:32.757411'),(440,76,1218,27,84,84,'2021-05-21 15:07:32.760484','2021-05-21 15:07:32.760484'),(441,76,1306,23,86,86,'2021-05-21 15:07:32.762816','2021-05-21 15:07:32.762816'),(442,77,564,29,81,81,'2021-05-21 15:08:15.015636','2021-05-21 15:08:15.015636'),(443,77,647,31,75,75,'2021-05-21 15:08:15.018604','2021-05-21 15:08:15.018604'),(444,77,721,30,80,80,'2021-05-21 15:08:15.022326','2021-05-21 15:08:15.022326'),(445,77,797,37,72,72,'2021-05-21 15:08:15.026845','2021-05-21 15:08:15.026845'),(446,77,1329,18,98,98,'2021-05-21 15:08:15.029725','2021-05-21 15:08:15.029725'),(447,77,1032,19,100,100,'2021-05-21 15:08:15.032134','2021-05-21 15:08:15.032134'),(448,78,492,23,98,98,'2021-05-21 15:08:45.346325','2021-05-21 15:08:45.346325'),(449,78,690,20,98,98,'2021-05-21 15:08:45.349449','2021-05-21 15:08:45.349449'),(450,78,782,18,104,104,'2021-05-21 15:08:45.352240','2021-05-21 15:08:45.352240'),(451,78,1045,26,81,81,'2021-05-21 15:08:45.354913','2021-05-21 15:08:45.354913'),(452,78,1128,28,74,74,'2021-05-21 15:08:45.359153','2021-05-21 15:08:45.359153'),(453,78,1203,29,74,74,'2021-05-21 15:08:45.361500','2021-05-21 15:08:45.361500'),(454,78,1278,28,75,75,'2021-05-21 15:08:45.363655','2021-05-21 15:08:45.363655'),(455,80,531,25,86,86,'2021-05-21 15:12:06.135637','2021-05-21 15:12:06.135637'),(456,80,619,28,83,83,'2021-05-21 15:12:06.137059','2021-05-21 15:12:06.137059'),(457,80,789,28,92,92,'2021-05-21 15:12:06.138148','2021-05-21 15:12:06.138148'),(458,80,1044,27,86,86,'2021-05-21 15:12:06.138931','2021-05-21 15:12:06.138931'),(459,80,1131,27,88,88,'2021-05-21 15:12:06.139802','2021-05-21 15:12:06.139802'),(460,80,1212,28,86,86,'2021-05-21 15:12:06.140522','2021-05-21 15:12:06.140522'),(461,80,1300,29,93,93,'2021-05-21 15:12:06.141297','2021-05-21 15:12:06.141297'),(462,80,703,26,87,87,'2021-05-21 15:12:06.142164','2021-05-21 15:12:06.142164'),(463,81,526,26,85,85,'2021-05-21 15:12:37.624547','2021-05-21 15:12:37.624547'),(464,81,622,30,82,82,'2021-05-21 15:12:37.627201','2021-05-21 15:12:37.627201'),(465,81,704,27,86,86,'2021-05-21 15:12:37.633231','2021-05-21 15:12:37.633231'),(466,81,791,30,85,85,'2021-05-21 15:12:37.636385','2021-05-21 15:12:37.636385'),(467,81,1042,23,94,94,'2021-05-21 15:12:37.639487','2021-05-21 15:12:37.639487'),(468,81,1127,25,86,86,'2021-05-21 15:12:37.641843','2021-05-21 15:12:37.641843'),(469,81,1215,25,88,88,'2021-05-21 15:12:37.644084','2021-05-21 15:12:37.644084'),(470,81,1307,27,87,87,'2021-05-21 15:12:37.647438','2021-05-21 15:12:37.647438'),(471,82,531,26,85,85,'2021-05-21 15:13:09.646212','2021-05-21 15:13:09.646212'),(472,82,619,25,87,87,'2021-05-21 15:13:09.651027','2021-05-21 15:13:09.651027'),(473,82,708,29,84,84,'2021-05-21 15:13:09.653593','2021-05-21 15:13:09.653593'),(474,82,791,28,89,89,'2021-05-21 15:13:09.656627','2021-05-21 15:13:09.656627'),(475,82,1043,26,87,87,'2021-05-21 15:13:09.658861','2021-05-21 15:13:09.658861'),(476,82,1125,23,96,96,'2021-05-21 15:13:09.660450','2021-05-21 15:13:09.660450'),(477,82,1213,26,89,89,'2021-05-21 15:13:09.664256','2021-05-21 15:13:09.664256'),(478,82,1303,24,92,92,'2021-05-21 15:13:09.667132','2021-05-21 15:13:09.667132'),(479,243,494,21,97,97,'2021-05-21 15:13:31.970276','2021-05-21 15:13:31.970276'),(480,243,590,18,103,103,'2021-05-21 15:13:31.973425','2021-05-21 15:13:31.973425'),(481,243,1124,29,77,77,'2021-05-21 15:13:31.976622','2021-05-21 15:13:31.976622'),(482,243,1195,26,81,81,'2021-05-21 15:13:31.979706','2021-05-21 15:13:31.979706'),(483,83,526,24,89,89,'2021-05-21 15:16:42.689069','2021-05-21 15:16:42.689069'),(484,83,614,27,87,87,'2021-05-21 15:16:42.692189','2021-05-21 15:16:42.692189'),(485,83,701,26,87,87,'2021-05-21 15:16:42.695057','2021-05-21 15:16:42.695057'),(486,83,788,26,93,93,'2021-05-21 15:16:42.696737','2021-05-21 15:16:42.696737'),(487,83,1050,27,84,84,'2021-05-21 15:16:42.698612','2021-05-21 15:16:42.698612'),(488,83,1218,25,87,87,'2021-05-21 15:16:42.700265','2021-05-21 15:16:42.700265'),(489,83,1303,25,94,94,'2021-05-21 15:16:42.703472','2021-05-21 15:16:42.703472'),(490,84,536,25,87,87,'2021-05-21 15:17:06.811148','2021-05-21 15:17:06.811148'),(491,84,618,26,88,88,'2021-05-21 15:17:06.814617','2021-05-21 15:17:06.814617'),(492,84,704,23,92,92,'2021-05-21 15:17:06.817680','2021-05-21 15:17:06.817680'),(493,84,792,28,92,92,'2021-05-21 15:17:06.821629','2021-05-21 15:17:06.821629'),(494,84,1040,22,92,92,'2021-05-21 15:17:06.826175','2021-05-21 15:17:06.826175'),(495,84,1211,22,95,95,'2021-05-21 15:17:06.828829','2021-05-21 15:17:06.828829'),(496,85,529,27,89,89,'2021-05-21 15:17:31.179024','2021-05-21 15:17:31.179024'),(497,85,617,27,89,89,'2021-05-21 15:17:31.181610','2021-05-21 15:17:31.181610'),(498,85,703,24,92,92,'2021-05-21 15:17:31.183469','2021-05-21 15:17:31.183469'),(499,85,790,24,88,88,'2021-05-21 15:17:31.186305','2021-05-21 15:17:31.186305'),(500,85,1040,22,91,91,'2021-05-21 15:17:31.189916','2021-05-21 15:17:31.189916'),(501,85,1126,23,92,92,'2021-05-21 15:17:31.192932','2021-05-21 15:17:31.192932'),(502,85,1214,24,86,86,'2021-05-21 15:17:31.195049','2021-05-21 15:17:31.195049'),(503,86,532,25,85,85,'2021-05-21 15:18:03.109663','2021-05-21 15:18:03.109663'),(504,86,619,22,88,88,'2021-05-21 15:18:03.113908','2021-05-21 15:18:03.113908'),(505,86,709,28,86,86,'2021-05-21 15:18:03.116437','2021-05-21 15:18:03.116437'),(506,86,790,33,88,88,'2021-05-21 15:18:03.119275','2021-05-21 15:18:03.119275'),(507,86,1044,22,88,88,'2021-05-21 15:18:03.123376','2021-05-21 15:18:03.123376'),(508,86,1129,24,90,90,'2021-05-21 15:18:03.126315','2021-05-21 15:18:03.126315'),(509,86,1215,25,91,91,'2021-05-21 15:18:03.128572','2021-05-21 15:18:03.128572'),(510,86,1300,25,96,96,'2021-05-21 15:18:03.130308','2021-05-21 15:18:03.130308'),(511,87,533,22,90,90,'2021-05-21 15:18:33.026795','2021-05-21 15:18:33.026795'),(512,87,614,19,93,93,'2021-05-21 15:18:33.029923','2021-05-21 15:18:33.029923'),(513,87,706,26,85,85,'2021-05-21 15:18:33.032714','2021-05-21 15:18:33.032714'),(514,87,789,32,90,90,'2021-05-21 15:18:33.034621','2021-05-21 15:18:33.034621'),(515,87,1043,26,85,85,'2021-05-21 15:18:33.037051','2021-05-21 15:18:33.037051'),(516,87,1127,26,88,88,'2021-05-21 15:18:33.040276','2021-05-21 15:18:33.040276'),(517,87,1215,26,87,87,'2021-05-21 15:18:33.043187','2021-05-21 15:18:33.043187'),(518,87,1299,28,87,87,'2021-05-21 15:18:33.045513','2021-05-21 15:18:33.045513'),(519,88,533,26,87,87,'2021-05-21 15:18:59.989587','2021-05-21 15:18:59.989587'),(520,88,618,26,87,87,'2021-05-21 15:18:59.993404','2021-05-21 15:18:59.993404'),(521,88,702,21,91,91,'2021-05-21 15:18:59.996527','2021-05-21 15:18:59.996527'),(522,88,792,31,87,87,'2021-05-21 15:18:59.999669','2021-05-21 15:18:59.999669'),(523,88,1044,26,87,87,'2021-05-21 15:19:00.002595','2021-05-21 15:19:00.002595'),(524,88,1213,24,94,94,'2021-05-21 15:19:00.005657','2021-05-21 15:19:00.005657'),(525,88,1296,21,95,95,'2021-05-21 15:19:00.008536','2021-05-21 15:19:00.008536'),(526,89,527,21,93,93,'2021-05-21 16:40:02.930917','2021-05-21 16:40:02.930917'),(527,89,609,18,96,96,'2021-05-21 16:40:02.936682','2021-05-21 16:40:02.936682'),(528,89,707,25,89,89,'2021-05-21 16:40:02.939209','2021-05-21 16:40:02.939209'),(529,89,1305,33,84,84,'2021-05-21 16:40:02.941111','2021-05-21 16:40:02.941111'),(530,89,1217,27,85,85,'2021-05-21 16:40:02.943154','2021-05-21 16:40:02.943154'),(531,89,1041,21,95,95,'2021-05-21 16:40:02.944729','2021-05-21 16:40:02.944729'),(532,90,531,23,89,89,'2021-05-21 16:40:29.957160','2021-05-21 16:40:29.957160'),(533,90,618,23,91,91,'2021-05-21 16:40:29.960518','2021-05-21 16:40:29.960518'),(534,90,703,25,90,90,'2021-05-21 16:40:29.963919','2021-05-21 16:40:29.963919'),(535,90,1043,23,91,91,'2021-05-21 16:40:29.966723','2021-05-21 16:40:29.966723'),(536,90,1131,24,89,89,'2021-05-21 16:40:29.969859','2021-05-21 16:40:29.969859'),(537,90,1220,24,88,88,'2021-05-21 16:40:29.972869','2021-05-21 16:40:29.972869'),(538,90,1303,24,92,92,'2021-05-21 16:40:29.974505','2021-05-21 16:40:29.974505'),(539,91,535,24,90,90,'2021-05-21 16:41:04.284240','2021-05-21 16:41:04.284240'),(540,91,707,25,86,86,'2021-05-21 16:41:04.289067','2021-05-21 16:41:04.289067'),(541,91,619,26,88,88,'2021-05-21 16:41:04.292360','2021-05-21 16:41:04.292360'),(542,91,791,28,87,87,'2021-05-21 16:41:04.294989','2021-05-21 16:41:04.294989'),(543,91,1045,27,85,85,'2021-05-21 16:41:04.297984','2021-05-21 16:41:04.297984'),(544,91,1127,25,92,92,'2021-05-21 16:41:04.301094','2021-05-21 16:41:04.301094'),(545,91,1216,26,88,88,'2021-05-21 16:41:04.303845','2021-05-21 16:41:04.303845'),(546,91,1306,31,86,86,'2021-05-21 16:41:04.306087','2021-05-21 16:41:04.306087'),(547,92,535,27,84,84,'2021-05-21 16:42:21.569242','2021-05-21 16:42:21.569242'),(548,92,617,25,90,90,'2021-05-21 16:42:21.572254','2021-05-21 16:42:21.572254'),(549,92,703,27,88,88,'2021-05-21 16:42:21.575635','2021-05-21 16:42:21.575635'),(550,92,787,27,92,92,'2021-05-21 16:42:21.577892','2021-05-21 16:42:21.577892'),(551,92,1046,27,87,87,'2021-05-21 16:42:21.579375','2021-05-21 16:42:21.579375'),(552,92,1128,25,86,86,'2021-05-21 16:42:21.582020','2021-05-21 16:42:21.582020'),(553,92,1219,27,86,86,'2021-05-21 16:42:21.584483','2021-05-21 16:42:21.584483'),(554,93,621,25,88,88,'2021-05-21 16:42:50.838319','2021-05-21 16:42:50.838319'),(555,93,706,24,85,85,'2021-05-21 16:42:50.842297','2021-05-21 16:42:50.842297'),(556,93,790,25,90,90,'2021-05-21 16:42:50.844796','2021-05-21 16:42:50.844796'),(557,93,1042,28,83,83,'2021-05-21 16:42:50.846449','2021-05-21 16:42:50.846449'),(558,93,1126,25,93,93,'2021-05-21 16:42:50.848657','2021-05-21 16:42:50.848657'),(559,93,1216,24,90,90,'2021-05-21 16:42:50.850580','2021-05-21 16:42:50.850580'),(560,94,645,32,78,78,'2021-05-21 16:43:20.975565','2021-05-21 16:43:20.975565'),(561,94,716,31,80,80,'2021-05-21 16:43:20.979274','2021-05-21 16:43:20.979274'),(562,94,793,33,81,81,'2021-05-21 16:43:20.981763','2021-05-21 16:43:20.981763'),(563,94,1039,22,99,99,'2021-05-21 16:43:20.984993','2021-05-21 16:43:20.984993'),(564,94,1137,16,104,104,'2021-05-21 16:43:20.988908','2021-05-21 16:43:20.988908'),(565,94,1234,26,94,94,'2021-05-21 16:43:20.991191','2021-05-21 16:43:20.991191'),(566,94,1330,21,98,98,'2021-05-21 16:43:20.993072','2021-05-21 16:43:20.993072'),(567,95,566,29,78,78,'2021-05-21 16:43:50.340587','2021-05-21 16:43:50.340587'),(568,95,645,27,79,79,'2021-05-21 16:43:50.344037','2021-05-21 16:43:50.344037'),(569,95,719,30,75,75,'2021-05-21 16:43:50.346773','2021-05-21 16:43:50.346773'),(570,95,790,30,82,82,'2021-05-21 16:43:50.349240','2021-05-21 16:43:50.349240'),(571,95,1039,20,98,98,'2021-05-21 16:43:50.351639','2021-05-21 16:43:50.351639'),(572,95,1136,15,95,95,'2021-05-21 16:43:50.354141','2021-05-21 16:43:50.354141'),(573,95,1228,17,98,98,'2021-05-21 16:43:50.357179','2021-05-21 16:43:50.357179'),(574,95,1325,16,110,110,'2021-05-21 16:43:50.359056','2021-05-21 16:43:50.359056'),(575,96,567,28,78,78,'2021-05-21 16:44:18.507307','2021-05-21 16:44:18.507307'),(576,96,641,29,84,84,'2021-05-21 16:44:18.511732','2021-05-21 16:44:18.511732'),(577,96,718,31,78,78,'2021-05-21 16:44:18.514118','2021-05-21 16:44:18.514118'),(578,96,793,30,84,84,'2021-05-21 16:44:18.516546','2021-05-21 16:44:18.516546'),(579,96,1038,15,102,102,'2021-05-21 16:44:18.518431','2021-05-21 16:44:18.518431'),(580,96,1232,20,97,97,'2021-05-21 16:44:18.520589','2021-05-21 16:44:18.520589'),(581,96,1329,23,99,99,'2021-05-21 16:44:18.524484','2021-05-21 16:44:18.524484'),(582,97,569,29,77,77,'2021-05-21 16:44:49.268466','2021-05-21 16:44:49.268466'),(583,97,719,30,80,80,'2021-05-21 16:44:49.272738','2021-05-21 16:44:49.272738'),(584,97,796,32,77,77,'2021-05-21 16:44:49.276842','2021-05-21 16:44:49.276842'),(585,97,1041,22,98,98,'2021-05-21 16:44:49.279494','2021-05-21 16:44:49.279494'),(586,97,1233,19,97,97,'2021-05-21 16:44:49.281220','2021-05-21 16:44:49.281220'),(587,97,1327,29,101,101,'2021-05-21 16:44:49.282861','2021-05-21 16:44:49.282861'),(588,98,565,30,79,79,'2021-05-21 16:45:17.496984','2021-05-21 16:45:17.496984'),(589,98,639,24,81,81,'2021-05-21 16:45:17.500146','2021-05-21 16:45:17.500146'),(590,98,798,34,76,76,'2021-05-21 16:45:17.502668','2021-05-21 16:45:17.502668'),(591,98,1135,21,96,96,'2021-05-21 16:45:17.505909','2021-05-21 16:45:17.505909'),(592,98,1231,22,99,99,'2021-05-21 16:45:17.508521','2021-05-21 16:45:17.508521'),(593,98,1324,24,104,104,'2021-05-21 16:45:17.511524','2021-05-21 16:45:17.511524'),(602,99,621,27,85,85,'2021-05-22 00:02:40.679443','2021-05-22 00:02:40.679443'),(603,99,793,32,85,85,'2021-05-22 00:02:40.701917','2021-05-22 00:02:40.701917'),(604,99,1126,24,90,90,'2021-05-22 00:02:40.702724','2021-05-22 00:02:40.702724'),(605,99,1212,24,89,89,'2021-05-22 00:02:40.703494','2021-05-22 00:02:40.703494'),(606,99,1304,28,85,85,'2021-05-22 00:02:40.704154','2021-05-22 00:02:40.704154'),(607,100,622,29,81,81,'2021-05-22 00:03:13.643360','2021-05-22 00:03:13.643360'),(608,100,702,25,92,92,'2021-05-22 00:03:13.646256','2021-05-22 00:03:13.646256'),(609,100,794,31,83,83,'2021-05-22 00:03:13.647852','2021-05-22 00:03:13.647852'),(610,100,1047,27,86,86,'2021-05-22 00:03:13.648909','2021-05-22 00:03:13.648909'),(611,100,1134,30,83,83,'2021-05-22 00:03:13.650444','2021-05-22 00:03:13.650444'),(612,100,1219,30,84,84,'2021-05-22 00:03:13.651406','2021-05-22 00:03:13.651406'),(613,101,536,29,82,82,'2021-05-22 00:03:44.374531','2021-05-22 00:03:44.374531'),(614,101,618,26,90,90,'2021-05-22 00:03:44.395954','2021-05-22 00:03:44.395954'),(615,101,702,28,91,91,'2021-05-22 00:03:44.397132','2021-05-22 00:03:44.397132'),(616,101,793,31,85,85,'2021-05-22 00:03:44.397797','2021-05-22 00:03:44.397797'),(617,101,1046,30,84,84,'2021-05-22 00:03:44.398372','2021-05-22 00:03:44.398372'),(618,101,1133,32,82,82,'2021-05-22 00:03:44.399192','2021-05-22 00:03:44.399192'),(619,101,1215,29,92,92,'2021-05-22 00:03:44.399772','2021-05-22 00:03:44.399772'),(620,102,529,26,88,88,'2021-05-22 00:04:17.189383','2021-05-22 00:04:17.189383'),(621,102,706,25,85,85,'2021-05-22 00:04:17.203991','2021-05-22 00:04:17.203991'),(622,102,794,33,82,82,'2021-05-22 00:04:17.205047','2021-05-22 00:04:17.205047'),(623,102,1045,29,85,85,'2021-05-22 00:04:17.205745','2021-05-22 00:04:17.205745'),(624,102,1132,28,87,87,'2021-05-22 00:04:17.206415','2021-05-22 00:04:17.206415'),(625,102,1304,28,90,90,'2021-05-22 00:04:17.207273','2021-05-22 00:04:17.207273'),(626,200,533,27,83,83,'2021-05-22 00:17:13.338541','2021-05-22 00:17:13.338541'),(627,200,788,26,89,89,'2021-05-22 00:17:13.354622','2021-05-22 00:17:13.354622'),(628,200,1047,27,85,85,'2021-05-22 00:17:13.355854','2021-05-22 00:17:13.355854'),(629,200,1125,23,90,90,'2021-05-22 00:17:13.356836','2021-05-22 00:17:13.356836'),(630,200,1212,24,91,91,'2021-05-22 00:17:13.357802','2021-05-22 00:17:13.357802'),(631,200,1301,26,88,88,'2021-05-22 00:17:13.359439','2021-05-22 00:17:13.359439'),(632,305,530,27,89,89,'2021-05-22 01:47:26.315287','2021-05-22 01:47:26.315287'),(633,305,618,24,87,87,'2021-05-22 01:47:26.318450','2021-05-22 01:47:26.318450'),(634,305,708,26,86,86,'2021-05-22 01:47:26.332634','2021-05-22 01:47:26.332634'),(635,305,787,24,90,90,'2021-05-22 01:47:26.335402','2021-05-22 01:47:26.335402'),(636,305,1213,27,87,87,'2021-05-22 01:47:26.337349','2021-05-22 01:47:26.337349'),(637,305,1305,28,87,87,'2021-05-22 01:47:26.340480','2021-05-22 01:47:26.340480'),(638,103,529,22,91,91,'2021-05-22 01:47:53.830005','2021-05-22 01:47:53.830005'),(639,103,705,28,83,83,'2021-05-22 01:47:53.833359','2021-05-22 01:47:53.833359'),(640,103,791,31,90,90,'2021-05-22 01:47:53.836122','2021-05-22 01:47:53.836122'),(641,103,1043,26,90,90,'2021-05-22 01:47:53.839422','2021-05-22 01:47:53.839422'),(642,103,1132,30,85,85,'2021-05-22 01:47:53.842338','2021-05-22 01:47:53.842338'),(643,103,1301,27,92,92,'2021-05-22 01:47:53.845658','2021-05-22 01:47:53.845658'),(644,104,530,22,88,88,'2021-05-22 01:48:30.455560','2021-05-22 01:48:30.455560'),(645,104,618,28,86,86,'2021-05-22 01:48:30.458322','2021-05-22 01:48:30.458322'),(646,104,701,26,90,90,'2021-05-22 01:48:30.461134','2021-05-22 01:48:30.461134'),(647,104,788,26,92,92,'2021-05-22 01:48:30.464315','2021-05-22 01:48:30.464315'),(648,104,1043,27,89,89,'2021-05-22 01:48:30.466094','2021-05-22 01:48:30.466094'),(649,104,1131,26,88,88,'2021-05-22 01:48:30.468559','2021-05-22 01:48:30.468559'),(650,104,1213,25,91,91,'2021-05-22 01:48:30.470241','2021-05-22 01:48:30.470241'),(651,104,1300,28,93,93,'2021-05-22 01:48:30.471948','2021-05-22 01:48:30.471948'),(652,106,615,24,86,86,'2021-05-22 01:48:56.732334','2021-05-22 01:48:56.732334'),(653,106,698,24,91,91,'2021-05-22 01:48:56.735115','2021-05-22 01:48:56.735115'),(654,106,1041,26,91,91,'2021-05-22 01:48:56.737841','2021-05-22 01:48:56.737841'),(655,106,1125,22,93,93,'2021-05-22 01:48:56.741190','2021-05-22 01:48:56.741190'),(656,106,1212,23,91,91,'2021-05-22 01:48:56.744212','2021-05-22 01:48:56.744212'),(657,106,1300,27,93,93,'2021-05-22 01:48:56.747387','2021-05-22 01:48:56.747387'),(658,105,618,27,87,87,'2021-05-22 01:49:26.277653','2021-05-22 01:49:26.277653'),(659,105,698,26,92,92,'2021-05-22 01:49:26.281402','2021-05-22 01:49:26.281402'),(660,105,789,28,88,88,'2021-05-22 01:49:26.283959','2021-05-22 01:49:26.283959'),(661,105,1043,26,90,90,'2021-05-22 01:49:26.286550','2021-05-22 01:49:26.286550'),(662,105,1130,23,86,86,'2021-05-22 01:49:26.288407','2021-05-22 01:49:26.288407'),(663,105,1214,26,90,90,'2021-05-22 01:49:26.290132','2021-05-22 01:49:26.290132'),(664,105,1300,31,92,92,'2021-05-22 01:49:26.292478','2021-05-22 01:49:26.292478'),(666,107,596,26,87,87,'2021-05-22 01:49:59.345746','2021-05-22 01:49:59.345746'),(667,107,496,23,95,95,'2021-05-22 01:49:59.348740','2021-05-22 01:49:59.348740'),(668,107,784,27,99,99,'2021-05-22 01:49:59.352332','2021-05-22 01:49:59.352332'),(669,107,1044,27,82,82,'2021-05-22 01:49:59.354931','2021-05-22 01:49:59.354931'),(670,107,1121,31,79,79,'2021-05-22 01:49:59.357439','2021-05-22 01:49:59.357439'),(671,107,1200,34,79,79,'2021-05-22 01:49:59.360126','2021-05-22 01:49:59.360126'),(672,107,1271,35,78,78,'2021-05-22 01:49:59.362823','2021-05-22 01:49:59.362823'),(673,1,1275,27,73,85,'2021-05-22 02:36:02.389918','2021-05-22 02:36:02.389918'),(674,1,689,20,92,99,'2021-05-22 02:36:02.393922','2021-05-22 02:36:02.393922'),(675,1,790,24,96,95,'2021-05-22 02:36:02.396078','2021-05-22 02:36:02.396078'),(676,1,1046,29,78,84,'2021-05-22 02:36:02.398631','2021-05-22 02:36:02.398631'),(677,1,498,19,93,101,'2021-05-22 02:36:02.401031','2021-05-22 02:36:02.401031'),(678,1,593,19,102,102,'2021-05-22 02:36:02.402751','2021-05-22 02:36:02.402751'),(679,26,789,20,85,96,'2021-05-22 02:54:29.558103','2021-05-22 02:54:29.558103'),(680,26,1048,23,74,85,'2021-05-22 02:54:29.561702','2021-05-22 02:54:29.561702'),(681,26,1211,29,71,81,'2021-05-22 02:54:29.564437','2021-05-22 02:54:29.564437'),(682,26,1288,31,75,79,'2021-05-22 02:54:29.566915','2021-05-22 02:54:29.566915'),(683,26,698,23,90,90,'2021-05-22 02:54:29.568794','2021-05-22 02:54:29.568794'),(684,26,606,24,95,95,'2021-05-22 02:54:29.570467','2021-05-22 02:54:29.570467'),(685,26,508,23,98,98,'2021-05-22 02:54:29.572687','2021-05-22 02:54:29.572687'),(686,26,1127,29,83,83,'2021-05-22 02:54:29.575299','2021-05-22 02:54:29.575299'),(688,317,530,29,85,85,'2021-05-22 02:56:51.550910','2021-05-22 02:56:51.550910'),(689,317,708,28,86,86,'2021-05-22 02:56:51.553233','2021-05-22 02:56:51.553233'),(690,317,794,27,84,84,'2021-05-22 02:56:51.555110','2021-05-22 02:56:51.555110'),(691,317,1045,29,84,84,'2021-05-22 02:56:51.557177','2021-05-22 02:56:51.557177'),(692,317,1125,27,90,90,'2021-05-22 02:56:51.558910','2021-05-22 02:56:51.558910'),(693,317,1214,27,90,90,'2021-05-22 02:56:51.562302','2021-05-22 02:56:51.562302'),(694,317,1304,25,88,88,'2021-05-22 02:56:51.565270','2021-05-22 02:56:51.565270'),(695,317,616,25,96,96,'2021-05-22 02:56:51.567251','2021-05-22 02:56:51.567251'),(696,51,795,23,76,83,'2021-05-22 02:57:29.924865','2021-05-22 02:57:29.924865'),(697,51,1044,24,77,92,'2021-05-22 02:57:29.927527','2021-05-22 02:57:29.927527'),(698,51,1228,23,81,88,'2021-05-22 02:57:29.930294','2021-05-22 02:57:29.930294'),(699,51,1317,25,86,93,'2021-05-22 02:57:29.933035','2021-05-22 02:57:29.933035'),(700,51,711,28,83,83,'2021-05-22 02:57:29.934815','2021-05-22 02:57:29.934815'),(701,51,550,25,88,88,'2021-05-22 02:57:29.936861','2021-05-22 02:57:29.936861'),(702,55,512,28,91,91,'2021-05-22 02:59:15.423737','2021-05-22 02:59:15.423737'),(703,55,1039,25,85,85,'2021-05-22 02:59:15.426355','2021-05-22 02:59:15.426355'),(704,55,1289,26,82,82,'2021-05-22 02:59:15.428795','2021-05-22 02:59:15.428795'),(705,55,606,21,96,96,'2021-05-22 02:59:15.430373','2021-05-22 02:59:15.430373'),(706,55,791,23,89,89,'2021-05-22 02:59:15.432097','2021-05-22 02:59:15.432097'),(707,55,1126,32,83,83,'2021-05-22 02:59:15.433752','2021-05-22 02:59:15.433752'),(708,109,533,26,86,86,'2021-05-22 03:27:35.686602','2021-05-22 03:27:35.686602'),(709,109,617,26,91,91,'2021-05-22 03:27:35.689826','2021-05-22 03:27:35.689826'),(710,109,703,25,87,87,'2021-05-22 03:27:35.692443','2021-05-22 03:27:35.692443'),(711,109,791,29,89,89,'2021-05-22 03:27:35.694973','2021-05-22 03:27:35.694973'),(712,109,1045,26,89,89,'2021-05-22 03:27:35.696847','2021-05-22 03:27:35.696847'),(713,109,1128,25,91,91,'2021-05-22 03:27:35.698850','2021-05-22 03:27:35.698850'),(714,109,1298,27,90,90,'2021-05-22 03:27:35.700571','2021-05-22 03:27:35.700571'),(715,108,497,23,90,90,'2021-05-22 03:33:32.608892','2021-05-22 03:33:32.608892'),(716,108,590,25,92,92,'2021-05-22 03:33:32.611360','2021-05-22 03:33:32.611360'),(717,108,690,24,94,94,'2021-05-22 03:33:32.614258','2021-05-22 03:33:32.614258'),(718,108,791,28,93,93,'2021-05-22 03:33:32.616891','2021-05-22 03:33:32.616891'),(719,108,1050,36,73,73,'2021-05-22 03:33:32.618677','2021-05-22 03:33:32.618677'),(720,108,1126,31,76,76,'2021-05-22 03:33:32.621613','2021-05-22 03:33:32.621613'),(721,108,1199,30,77,77,'2021-05-22 03:33:32.623382','2021-05-22 03:33:32.623382'),(722,108,1271,28,80,80,'2021-05-22 03:33:32.625392','2021-05-22 03:33:32.625392'),(723,110,537,30,83,83,'2021-05-22 03:33:58.147543','2021-05-22 03:33:58.147543'),(724,110,617,30,85,85,'2021-05-22 03:33:58.149386','2021-05-22 03:33:58.149386'),(725,110,705,27,90,90,'2021-05-22 03:33:58.151591','2021-05-22 03:33:58.151591'),(726,110,789,23,98,98,'2021-05-22 03:33:58.153729','2021-05-22 03:33:58.153729'),(727,110,1129,26,87,87,'2021-05-22 03:33:58.155753','2021-05-22 03:33:58.155753'),(728,110,1302,29,88,88,'2021-05-22 03:33:58.158102','2021-05-22 03:33:58.158102'),(729,111,530,26,86,86,'2021-05-22 03:35:13.972650','2021-05-22 03:35:13.972650'),(730,111,704,29,85,85,'2021-05-22 03:35:13.974903','2021-05-22 03:35:13.974903'),(731,111,792,29,89,89,'2021-05-22 03:35:13.977806','2021-05-22 03:35:13.977806'),(732,111,1125,24,92,92,'2021-05-22 03:35:13.980508','2021-05-22 03:35:13.980508'),(733,111,1218,26,89,89,'2021-05-22 03:35:13.982798','2021-05-22 03:35:13.982798'),(735,112,528,24,87,87,'2021-05-22 03:48:47.801051','2021-05-22 03:48:47.801051'),(736,112,617,24,85,85,'2021-05-22 03:48:47.803786','2021-05-22 03:48:47.803786'),(737,112,790,26,89,89,'2021-05-22 03:48:47.806381','2021-05-22 03:48:47.806381'),(738,112,1033,21,97,97,'2021-05-22 03:48:47.808646','2021-05-22 03:48:47.808646'),(739,112,1130,23,93,93,'2021-05-22 03:48:47.810812','2021-05-22 03:48:47.810812'),(740,112,1223,29,83,83,'2021-05-22 03:48:47.812551','2021-05-22 03:48:47.812551'),(741,112,1305,24,89,89,'2021-05-22 03:48:47.814776','2021-05-22 03:48:47.814776'),(742,113,526,22,92,92,'2021-05-22 03:49:29.858057','2021-05-22 03:49:29.858057'),(743,113,618,25,85,85,'2021-05-22 03:49:29.860986','2021-05-22 03:49:29.860986'),(744,113,786,24,94,94,'2021-05-22 03:49:29.863070','2021-05-22 03:49:29.863070'),(745,113,1035,22,99,99,'2021-05-22 03:49:29.865067','2021-05-22 03:49:29.865067'),(746,113,1211,27,89,89,'2021-05-22 03:49:29.867627','2021-05-22 03:49:29.867627'),(747,113,1299,24,96,96,'2021-05-22 03:49:29.869916','2021-05-22 03:49:29.869916'),(748,114,527,22,88,88,'2021-05-22 03:50:33.807872','2021-05-22 03:50:33.807872'),(749,114,616,27,84,84,'2021-05-22 03:50:33.810042','2021-05-22 03:50:33.810042'),(750,114,702,28,86,86,'2021-05-22 03:50:33.812303','2021-05-22 03:50:33.812303'),(751,114,791,29,89,89,'2021-05-22 03:50:33.815173','2021-05-22 03:50:33.815173'),(752,114,1036,30,90,90,'2021-05-22 03:50:33.817715','2021-05-22 03:50:33.817715'),(753,114,1126,28,88,88,'2021-05-22 03:50:33.819848','2021-05-22 03:50:33.819848'),(754,114,1214,28,88,88,'2021-05-22 03:50:33.821605','2021-05-22 03:50:33.821605'),(755,114,1300,26,93,93,'2021-05-22 03:50:33.823081','2021-05-22 03:50:33.823081'),(756,115,528,27,91,91,'2021-05-22 03:51:24.733512','2021-05-22 03:51:24.733512'),(757,115,618,26,89,89,'2021-05-22 03:51:24.736509','2021-05-22 03:51:24.736509'),(758,115,702,27,90,90,'2021-05-22 03:51:24.738540','2021-05-22 03:51:24.738540'),(759,115,792,31,84,84,'2021-05-22 03:51:24.740750','2021-05-22 03:51:24.740750'),(760,115,1124,22,91,91,'2021-05-22 03:51:24.743272','2021-05-22 03:51:24.743272'),(761,116,615,26,89,89,'2021-05-22 03:52:04.781420','2021-05-22 03:52:04.781420'),(762,116,705,28,83,83,'2021-05-22 03:52:04.783692','2021-05-22 03:52:04.783692'),(763,116,791,30,86,86,'2021-05-22 03:52:04.785860','2021-05-22 03:52:04.785860'),(764,116,1124,24,88,88,'2021-05-22 03:52:04.788373','2021-05-22 03:52:04.788373'),(765,116,1296,27,93,93,'2021-05-22 03:52:04.790144','2021-05-22 03:52:04.790144'),(766,117,612,24,94,94,'2021-05-22 03:54:56.764497','2021-05-22 03:54:56.764497'),(767,117,703,29,85,85,'2021-05-22 03:54:56.766543','2021-05-22 03:54:56.766543'),(768,117,790,31,90,90,'2021-05-22 03:54:56.768249','2021-05-22 03:54:56.768249'),(769,117,1037,26,93,93,'2021-05-22 03:54:56.770010','2021-05-22 03:54:56.770010'),(772,117,1130,26,90,90,'2021-05-22 03:54:56.775414','2021-05-22 03:54:56.775414'),(773,117,1215,29,81,81,'2021-05-22 03:54:56.778942','2021-05-22 03:54:56.778942'),(774,117,1298,26,87,87,'2021-05-22 03:54:56.780582','2021-05-22 03:54:56.780582'),(775,118,528,27,88,88,'2021-05-22 03:55:48.565599','2021-05-22 03:55:48.565599'),(776,118,618,28,84,84,'2021-05-22 03:55:48.568475','2021-05-22 03:55:48.568475'),(777,118,705,25,89,89,'2021-05-22 03:55:48.571005','2021-05-22 03:55:48.571005'),(778,118,787,23,95,95,'2021-05-22 03:55:48.573789','2021-05-22 03:55:48.573789'),(779,118,1037,25,92,92,'2021-05-22 03:55:48.576216','2021-05-22 03:55:48.576216'),(780,118,1128,21,94,94,'2021-05-22 03:55:48.578317','2021-05-22 03:55:48.578317'),(781,118,1213,25,87,87,'2021-05-22 03:55:48.580450','2021-05-22 03:55:48.580450'),(782,118,1295,22,96,96,'2021-05-22 03:55:48.583660','2021-05-22 03:55:48.583660'),(783,119,484,16,111,111,'2021-05-22 03:56:34.671789','2021-05-22 03:56:34.671789'),(784,119,589,17,104,104,'2021-05-22 03:56:34.674912','2021-05-22 03:56:34.674912'),(785,119,685,19,105,105,'2021-05-22 03:56:34.678051','2021-05-22 03:56:34.678051'),(786,119,785,25,96,96,'2021-05-22 03:56:34.679899','2021-05-22 03:56:34.679899'),(787,119,1041,25,90,90,'2021-05-22 03:56:34.681654','2021-05-22 03:56:34.681654'),(788,119,1189,26,89,89,'2021-05-22 03:56:34.683049','2021-05-22 03:56:34.683049'),(789,119,1270,27,85,85,'2021-05-22 03:56:34.685369','2021-05-22 03:56:34.685369'),(790,120,491,21,99,99,'2021-05-22 03:57:16.538326','2021-05-22 03:57:16.538326'),(791,120,592,22,97,97,'2021-05-22 03:57:16.541133','2021-05-22 03:57:16.541133'),(792,120,685,23,99,99,'2021-05-22 03:57:16.543580','2021-05-22 03:57:16.543580'),(793,120,779,23,102,102,'2021-05-22 03:57:16.545660','2021-05-22 03:57:16.545660'),(794,120,1267,28,90,90,'2021-05-22 03:57:16.548000','2021-05-22 03:57:16.548000'),(795,121,490,17,100,100,'2021-05-22 03:57:58.401735','2021-05-22 03:57:58.401735'),(796,121,591,20,98,98,'2021-05-22 03:57:58.405187','2021-05-22 03:57:58.405187'),(797,121,688,24,96,96,'2021-05-22 03:57:58.407779','2021-05-22 03:57:58.407779'),(798,121,784,20,104,104,'2021-05-22 03:57:58.409846','2021-05-22 03:57:58.409846'),(799,121,1119,30,85,85,'2021-05-22 03:57:58.411995','2021-05-22 03:57:58.411995'),(800,121,1199,28,83,83,'2021-05-22 03:57:58.414479','2021-05-22 03:57:58.414479'),(801,121,1272,27,89,89,'2021-05-22 03:57:58.417184','2021-05-22 03:57:58.417184'),(802,122,494,20,98,98,'2021-05-22 04:28:52.966651','2021-05-22 04:28:52.966651'),(803,122,679,16,112,112,'2021-05-22 04:28:52.969244','2021-05-22 04:28:52.969244'),(804,122,1040,28,86,86,'2021-05-22 04:28:52.972145','2021-05-22 04:28:52.972145'),(805,122,1121,33,73,73,'2021-05-22 04:28:52.974189','2021-05-22 04:28:52.974189'),(806,122,1195,32,83,83,'2021-05-22 04:28:52.977713','2021-05-22 04:28:52.977713'),(807,122,1274,35,76,76,'2021-05-22 04:28:52.980347','2021-05-22 04:28:52.980347'),(808,123,490,7,97,97,'2021-05-22 04:29:11.673332','2021-05-22 04:29:11.673332'),(809,123,597,10,94,94,'2021-05-22 04:29:11.675855','2021-05-22 04:29:11.675855'),(810,123,1041,16,91,91,'2021-05-22 04:29:11.677876','2021-05-22 04:29:11.677876'),(811,123,1193,13,85,85,'2021-05-22 04:29:11.680344','2021-05-22 04:29:11.680344'),(812,124,493,23,94,94,'2021-05-22 04:29:49.788659','2021-05-22 04:29:49.788659'),(813,124,597,25,90,90,'2021-05-22 04:29:49.790742','2021-05-22 04:29:49.790742'),(814,124,782,20,102,102,'2021-05-22 04:29:49.792378','2021-05-22 04:29:49.792378'),(815,124,1040,28,87,87,'2021-05-22 04:29:49.795672','2021-05-22 04:29:49.795672'),(816,124,1195,35,81,81,'2021-05-22 04:29:49.797942','2021-05-22 04:29:49.797942'),(817,124,1265,26,91,91,'2021-05-22 04:29:49.800080','2021-05-22 04:29:49.800080'),(818,125,531,26,82,82,'2021-05-22 04:30:47.183749','2021-05-22 04:30:47.183749'),(820,125,618,25,84,84,'2021-05-22 04:30:47.188094','2021-05-22 04:30:47.188094'),(822,125,698,26,92,92,'2021-05-22 04:30:47.192623','2021-05-22 04:30:47.192623'),(823,125,790,29,84,84,'2021-05-22 04:30:47.194495','2021-05-22 04:30:47.194495'),(824,125,1038,25,92,92,'2021-05-22 04:30:47.196188','2021-05-22 04:30:47.196188'),(825,125,1129,29,84,84,'2021-05-22 04:30:47.198194','2021-05-22 04:30:47.198194'),(826,125,1219,29,83,83,'2021-05-22 04:30:47.199789','2021-05-22 04:30:47.199789'),(827,125,1301,28,87,87,'2021-05-22 04:30:47.202266','2021-05-22 04:30:47.202266'),(828,126,527,30,87,87,'2021-05-22 04:31:25.961292','2021-05-22 04:31:25.961292'),(829,126,618,30,85,85,'2021-05-22 04:31:25.964449','2021-05-22 04:31:25.964449'),(830,126,782,24,101,101,'2021-05-22 04:31:25.966807','2021-05-22 04:31:25.966807'),(831,126,1039,27,87,87,'2021-05-22 04:31:25.968734','2021-05-22 04:31:25.968734'),(832,126,1128,27,88,88,'2021-05-22 04:31:25.971166','2021-05-22 04:31:25.971166'),(833,126,1216,24,94,94,'2021-05-22 04:31:25.972646','2021-05-22 04:31:25.972646'),(834,126,1300,31,89,89,'2021-05-22 04:31:25.974192','2021-05-22 04:31:25.974192'),(835,127,529,27,87,87,'2021-05-22 04:31:56.732759','2021-05-22 04:31:56.732759'),(836,127,614,29,83,83,'2021-05-22 04:31:56.735327','2021-05-22 04:31:56.735327'),(837,127,789,28,89,89,'2021-05-22 04:31:56.737468','2021-05-22 04:31:56.737468'),(838,127,1036,24,98,98,'2021-05-22 04:31:56.739366','2021-05-22 04:31:56.739366'),(839,127,1297,27,91,91,'2021-05-22 04:31:56.741203','2021-05-22 04:31:56.741203'),(840,128,522,25,95,95,'2021-05-22 04:32:36.178434','2021-05-22 04:32:36.178434'),(841,128,617,29,85,85,'2021-05-22 04:32:36.181154','2021-05-22 04:32:36.181154'),(842,128,700,26,90,90,'2021-05-22 04:32:36.183065','2021-05-22 04:32:36.183065'),(843,128,786,28,91,91,'2021-05-22 04:32:36.185363','2021-05-22 04:32:36.185363'),(844,128,1034,22,96,96,'2021-05-22 04:32:36.187190','2021-05-22 04:32:36.187190'),(845,128,1131,27,89,89,'2021-05-22 04:32:36.188793','2021-05-22 04:32:36.188793'),(846,128,1298,24,91,91,'2021-05-22 04:32:36.190649','2021-05-22 04:32:36.190649'),(847,129,561,27,85,85,'2021-05-22 04:33:16.020367','2021-05-22 04:33:16.020367'),(848,129,643,31,75,75,'2021-05-22 04:33:16.023508','2021-05-22 04:33:16.023508'),(849,129,715,31,81,81,'2021-05-22 04:33:16.025456','2021-05-22 04:33:16.025456'),(850,129,791,29,86,86,'2021-05-22 04:33:16.028107','2021-05-22 04:33:16.028107'),(851,129,1040,23,91,91,'2021-05-22 04:33:16.031669','2021-05-22 04:33:16.031669'),(852,129,1131,18,98,98,'2021-05-22 04:33:16.033092','2021-05-22 04:33:16.033092'),(853,129,1232,23,96,96,'2021-05-22 04:33:16.035678','2021-05-22 04:33:16.035678'),(854,130,563,26,80,80,'2021-05-22 04:33:52.352465','2021-05-22 04:33:52.352465'),(855,130,639,28,80,80,'2021-05-22 04:33:52.356040','2021-05-22 04:33:52.356040'),(856,130,714,31,79,79,'2021-05-22 04:33:52.358529','2021-05-22 04:33:52.358529'),(857,130,793,29,84,84,'2021-05-22 04:33:52.360692','2021-05-22 04:33:52.360692'),(858,130,1037,25,89,89,'2021-05-22 04:33:52.362871','2021-05-22 04:33:52.362871'),(859,130,1131,22,94,94,'2021-05-22 04:33:52.364497','2021-05-22 04:33:52.364497'),(860,130,1229,16,104,104,'2021-05-22 04:33:52.366907','2021-05-22 04:33:52.366907'),(861,131,524,22,93,93,'2021-05-22 04:34:35.239879','2021-05-22 04:34:35.239879'),(862,131,618,24,88,88,'2021-05-22 04:34:35.243186','2021-05-22 04:34:35.243186'),(863,131,782,22,100,100,'2021-05-22 04:34:35.245566','2021-05-22 04:34:35.245566'),(864,131,1038,25,92,92,'2021-05-22 04:34:35.247369','2021-05-22 04:34:35.247369'),(865,131,1128,28,87,87,'2021-05-22 04:34:35.249207','2021-05-22 04:34:35.249207'),(866,131,1215,25,89,89,'2021-05-22 04:34:35.251830','2021-05-22 04:34:35.251830'),(867,131,1300,23,93,93,'2021-05-22 04:34:35.253494','2021-05-22 04:34:35.253494'),(868,132,523,24,96,96,'2021-05-22 04:35:05.401580','2021-05-22 04:35:05.401580'),(869,132,616,26,93,93,'2021-05-22 04:35:05.404388','2021-05-22 04:35:05.404388'),(870,132,785,22,94,94,'2021-05-22 04:35:05.406816','2021-05-22 04:35:05.406816'),(871,132,1119,24,100,100,'2021-05-22 04:35:05.409267','2021-05-22 04:35:05.409267'),(872,132,1214,30,88,88,'2021-05-22 04:35:05.411061','2021-05-22 04:35:05.411061'),(873,132,1299,25,92,92,'2021-05-22 04:35:05.412694','2021-05-22 04:35:05.412694'),(874,133,523,24,93,93,'2021-05-22 04:35:47.897745','2021-05-22 04:35:47.897745'),(875,133,611,21,94,94,'2021-05-22 04:35:47.899597','2021-05-22 04:35:47.899597'),(876,133,703,22,88,88,'2021-05-22 04:35:47.902750','2021-05-22 04:35:47.902750'),(877,133,788,22,94,94,'2021-05-22 04:35:47.905207','2021-05-22 04:35:47.905207'),(878,133,1121,19,98,98,'2021-05-22 04:35:47.907214','2021-05-22 04:35:47.907214'),(879,133,1210,19,95,95,'2021-05-22 04:35:47.909240','2021-05-22 04:35:47.909240'),(880,133,1298,27,90,90,'2021-05-22 04:35:47.911543','2021-05-22 04:35:47.911543'),(881,134,503,18,97,97,'2021-05-22 04:36:22.945070','2021-05-22 04:36:22.945070'),(882,134,598,24,93,93,'2021-05-22 04:36:22.947615','2021-05-22 04:36:22.947615'),(883,134,695,25,90,90,'2021-05-22 04:36:22.949843','2021-05-22 04:36:22.949843'),(884,134,786,24,96,96,'2021-05-22 04:36:22.952160','2021-05-22 04:36:22.952160'),(885,134,1032,24,99,99,'2021-05-22 04:36:22.954020','2021-05-22 04:36:22.954020'),(886,134,1126,32,87,87,'2021-05-22 04:36:22.955346','2021-05-22 04:36:22.955346'),(887,134,1204,27,92,92,'2021-05-22 04:36:22.957698','2021-05-22 04:36:22.957698'),(889,135,510,24,92,92,'2021-05-22 04:36:50.925245','2021-05-22 04:36:50.925245'),(890,135,692,25,93,93,'2021-05-22 04:36:50.927963','2021-05-22 04:36:50.927963'),(891,135,789,27,89,89,'2021-05-22 04:36:50.930406','2021-05-22 04:36:50.930406'),(892,135,1038,26,92,92,'2021-05-22 04:36:50.932964','2021-05-22 04:36:50.932964'),(893,135,1203,26,95,95,'2021-05-22 04:36:50.934633','2021-05-22 04:36:50.934633'),(894,136,707,30,82,82,'2021-05-22 04:37:37.101758','2021-05-22 04:37:37.101758'),(895,136,790,26,87,87,'2021-05-22 04:37:37.105511','2021-05-22 04:37:37.105511'),(896,136,1041,28,92,92,'2021-05-22 04:37:37.108339','2021-05-22 04:37:37.108339'),(897,136,1213,24,91,91,'2021-05-22 04:37:37.111833','2021-05-22 04:37:37.111833'),(898,136,1296,26,93,93,'2021-05-22 04:37:37.113814','2021-05-22 04:37:37.113814'),(899,137,609,24,98,98,'2021-05-22 04:38:16.268874','2021-05-22 04:38:16.268874'),(900,137,695,27,94,94,'2021-05-22 04:38:16.271477','2021-05-22 04:38:16.271477'),(901,137,786,23,99,99,'2021-05-22 04:38:16.273995','2021-05-22 04:38:16.273995'),(902,137,1037,24,96,96,'2021-05-22 04:38:16.276228','2021-05-22 04:38:16.276228'),(903,137,1128,30,86,86,'2021-05-22 04:38:16.278322','2021-05-22 04:38:16.278322'),(904,137,1210,26,101,101,'2021-05-22 04:38:16.280791','2021-05-22 04:38:16.280791'),(905,137,1300,26,90,90,'2021-05-22 04:38:16.282545','2021-05-22 04:38:16.282545'),(906,138,526,24,92,92,'2021-05-22 04:38:55.571629','2021-05-22 04:38:55.571629'),(907,138,621,29,84,84,'2021-05-22 04:38:55.574203','2021-05-22 04:38:55.574203'),(908,138,699,27,95,95,'2021-05-22 04:38:55.575960','2021-05-22 04:38:55.575960'),(909,138,788,29,91,91,'2021-05-22 04:38:55.577871','2021-05-22 04:38:55.577871'),(910,138,1038,23,97,97,'2021-05-22 04:38:55.580253','2021-05-22 04:38:55.580253'),(911,138,1129,27,88,88,'2021-05-22 04:38:55.582634','2021-05-22 04:38:55.582634'),(912,138,1296,23,98,98,'2021-05-22 04:38:55.585130','2021-05-22 04:38:55.585130'),(913,139,523,18,96,96,'2021-05-22 04:39:30.708922','2021-05-22 04:39:30.708922'),(914,139,614,26,87,87,'2021-05-22 04:39:30.711650','2021-05-22 04:39:30.711650'),(915,139,699,25,94,94,'2021-05-22 04:39:30.713617','2021-05-22 04:39:30.713617'),(916,139,786,25,94,94,'2021-05-22 04:39:30.716004','2021-05-22 04:39:30.716004'),(918,139,1035,21,100,100,'2021-05-22 04:39:30.720172','2021-05-22 04:39:30.720172'),(919,139,1128,29,88,88,'2021-05-22 04:39:30.723227','2021-05-22 04:39:30.723227'),(920,139,1295,20,99,99,'2021-05-22 04:39:30.724811','2021-05-22 04:39:30.724811'),(921,140,524,23,93,93,'2021-05-22 04:40:22.223314','2021-05-22 04:40:22.223314'),(922,140,619,31,81,81,'2021-05-22 04:40:22.226011','2021-05-22 04:40:22.226011'),(923,140,700,24,94,94,'2021-05-22 04:40:22.229066','2021-05-22 04:40:22.229066'),(924,140,785,26,95,95,'2021-05-22 04:40:22.231076','2021-05-22 04:40:22.231076'),(925,140,1033,21,101,101,'2021-05-22 04:40:22.232732','2021-05-22 04:40:22.232732'),(926,140,1128,24,93,93,'2021-05-22 04:40:22.234375','2021-05-22 04:40:22.234375'),(927,140,1214,23,92,92,'2021-05-22 04:40:22.236719','2021-05-22 04:40:22.236719'),(928,140,1300,26,91,91,'2021-05-22 04:40:22.238403','2021-05-22 04:40:22.238403'),(929,141,564,34,82,82,'2021-05-22 04:41:05.046800','2021-05-22 04:41:05.046800'),(930,141,644,33,82,82,'2021-05-22 04:41:05.049498','2021-05-22 04:41:05.049498'),(931,141,720,31,82,82,'2021-05-22 04:41:05.051567','2021-05-22 04:41:05.051567'),(932,141,788,29,94,94,'2021-05-22 04:41:05.054430','2021-05-22 04:41:05.054430'),(933,141,1041,26,87,87,'2021-05-22 04:41:05.056772','2021-05-22 04:41:05.056772'),(934,141,1133,26,92,92,'2021-05-22 04:41:05.058500','2021-05-22 04:41:05.058500'),(935,141,1230,22,98,98,'2021-05-22 04:41:05.059886','2021-05-22 04:41:05.059886'),(936,141,1327,19,97,97,'2021-05-22 04:41:05.061623','2021-05-22 04:41:05.061623'),(937,142,565,32,83,83,'2021-05-22 04:41:22.453355','2021-05-22 04:41:22.453355'),(938,142,788,26,92,92,'2021-05-22 04:41:22.456772','2021-05-22 04:41:22.456772'),(939,142,1233,26,91,91,'2021-05-22 04:41:22.459315','2021-05-22 04:41:22.459315'),(940,143,560,28,79,79,'2021-05-22 04:42:06.121323','2021-05-22 04:42:06.121323'),(941,143,642,32,74,74,'2021-05-22 04:42:06.123809','2021-05-22 04:42:06.123809'),(942,143,718,29,83,83,'2021-05-22 04:42:06.125903','2021-05-22 04:42:06.125903'),(943,143,792,30,83,83,'2021-05-22 04:42:06.127882','2021-05-22 04:42:06.127882'),(944,143,1036,21,101,101,'2021-05-22 04:42:06.129919','2021-05-22 04:42:06.129919'),(945,143,1327,27,96,96,'2021-05-22 04:42:06.131378','2021-05-22 04:42:06.131378'),(946,145,526,26,89,89,'2021-05-22 04:43:35.387189','2021-05-22 04:43:35.387189'),(947,145,618,28,86,86,'2021-05-22 04:43:35.389760','2021-05-22 04:43:35.389760'),(948,145,697,21,98,98,'2021-05-22 04:43:35.391884','2021-05-22 04:43:35.391884'),(949,145,788,28,93,93,'2021-05-22 04:43:35.394814','2021-05-22 04:43:35.394814'),(950,145,1041,26,89,89,'2021-05-22 04:43:35.396948','2021-05-22 04:43:35.396948'),(951,145,1125,27,91,91,'2021-05-22 04:43:35.398642','2021-05-22 04:43:35.398642'),(952,145,1213,30,86,86,'2021-05-22 04:43:35.401107','2021-05-22 04:43:35.401107'),(953,145,1297,24,95,95,'2021-05-22 04:43:35.402776','2021-05-22 04:43:35.402776'),(954,146,521,20,98,98,'2021-05-22 04:44:40.710481','2021-05-22 04:44:40.710481'),(955,146,618,29,87,87,'2021-05-22 04:44:40.713468','2021-05-22 04:44:40.713468'),(956,146,702,21,95,95,'2021-05-22 04:44:40.716139','2021-05-22 04:44:40.716139'),(957,146,789,24,93,93,'2021-05-22 04:44:40.718764','2021-05-22 04:44:40.718764'),(958,146,1042,25,88,88,'2021-05-22 04:44:40.721604','2021-05-22 04:44:40.721604'),(960,146,1119,17,99,99,'2021-05-22 04:44:40.726211','2021-05-22 04:44:40.726211'),(961,146,1214,27,88,88,'2021-05-22 04:44:40.728570','2021-05-22 04:44:40.728570'),(962,146,1299,23,93,93,'2021-05-22 04:44:40.730421','2021-05-22 04:44:40.730421'),(963,147,528,27,86,86,'2021-05-22 04:47:15.046124','2021-05-22 04:47:15.046124'),(964,147,619,31,83,83,'2021-05-22 04:47:15.048853','2021-05-22 04:47:15.048853'),(965,147,701,26,92,92,'2021-05-22 04:47:15.051240','2021-05-22 04:47:15.051240'),(966,147,792,29,85,85,'2021-05-22 04:47:15.053319','2021-05-22 04:47:15.053319'),(967,147,1121,22,95,95,'2021-05-22 04:47:15.055517','2021-05-22 04:47:15.055517'),(968,147,1218,28,79,79,'2021-05-22 04:47:15.057252','2021-05-22 04:47:15.057252'),(969,147,1296,23,89,89,'2021-05-22 04:47:15.058654','2021-05-22 04:47:15.058654'),(970,148,529,27,87,87,'2021-05-22 04:47:57.336847','2021-05-22 04:47:57.336847'),(971,148,613,28,90,90,'2021-05-22 04:47:57.339788','2021-05-22 04:47:57.339788'),(972,148,705,28,89,89,'2021-05-22 04:47:57.341964','2021-05-22 04:47:57.341964'),(973,148,785,23,98,98,'2021-05-22 04:47:57.344106','2021-05-22 04:47:57.344106'),(975,148,1124,25,93,93,'2021-05-22 04:47:57.348559','2021-05-22 04:47:57.348559'),(976,148,1214,33,82,82,'2021-05-22 04:47:57.351012','2021-05-22 04:47:57.351012'),(977,148,1299,26,92,92,'2021-05-22 04:47:57.353225','2021-05-22 04:47:57.353225'),(978,149,526,23,91,91,'2021-05-22 04:48:37.462868','2021-05-22 04:48:37.462868'),(979,149,618,28,81,81,'2021-05-22 04:48:37.465308','2021-05-22 04:48:37.465308'),(980,149,697,19,96,96,'2021-05-22 04:48:37.467216','2021-05-22 04:48:37.467216'),(981,149,786,24,96,96,'2021-05-22 04:48:37.469668','2021-05-22 04:48:37.469668'),(982,149,1041,25,91,91,'2021-05-22 04:48:37.471726','2021-05-22 04:48:37.471726'),(983,149,1129,28,85,85,'2021-05-22 04:48:37.473986','2021-05-22 04:48:37.473986'),(984,149,1214,27,88,88,'2021-05-22 04:48:37.477002','2021-05-22 04:48:37.477002'),(985,149,1298,24,93,93,'2021-05-22 04:48:37.479532','2021-05-22 04:48:37.479532'),(986,150,522,27,94,94,'2021-05-22 04:49:06.188825','2021-05-22 04:49:06.188825'),(987,150,618,31,83,83,'2021-05-22 04:49:06.191747','2021-05-22 04:49:06.191747'),(988,150,702,29,91,91,'2021-05-22 04:49:06.194348','2021-05-22 04:49:06.194348'),(989,150,791,31,84,84,'2021-05-22 04:49:06.196618','2021-05-22 04:49:06.196618'),(990,150,1036,26,96,96,'2021-05-22 04:49:06.198608','2021-05-22 04:49:06.198608'),(991,150,1296,21,93,93,'2021-05-22 04:49:06.200270','2021-05-22 04:49:06.200270'),(992,151,530,26,87,87,'2021-05-22 04:49:36.577292','2021-05-22 04:49:36.577292'),(993,151,697,20,101,101,'2021-05-22 04:49:36.580082','2021-05-22 04:49:36.580082'),(994,151,793,30,84,84,'2021-05-22 04:49:36.582096','2021-05-22 04:49:36.582096'),(995,151,1043,30,87,87,'2021-05-22 04:49:36.584529','2021-05-22 04:49:36.584529'),(996,151,1128,29,84,84,'2021-05-22 04:49:36.586635','2021-05-22 04:49:36.586635'),(997,151,1298,29,87,87,'2021-05-22 04:49:36.588226','2021-05-22 04:49:36.588226'),(999,152,529,27,88,88,'2021-05-22 04:50:19.050532','2021-05-22 04:50:19.050532'),(1000,152,698,25,94,94,'2021-05-22 04:50:19.052946','2021-05-22 04:50:19.052946'),(1001,152,792,27,83,83,'2021-05-22 04:50:19.054986','2021-05-22 04:50:19.054986'),(1002,152,1041,28,84,84,'2021-05-22 04:50:19.056921','2021-05-22 04:50:19.056921'),(1003,152,1126,26,86,86,'2021-05-22 04:50:19.060163','2021-05-22 04:50:19.060163'),(1004,152,1214,29,86,86,'2021-05-22 04:50:19.062912','2021-05-22 04:50:19.062912'),(1005,152,1302,26,88,88,'2021-05-22 04:50:19.065185','2021-05-22 04:50:19.065185'),(1006,153,520,21,100,100,'2021-05-22 04:51:02.623114','2021-05-22 04:51:02.623114'),(1007,153,611,24,97,97,'2021-05-22 04:51:02.626439','2021-05-22 04:51:02.626439'),(1008,153,700,27,89,89,'2021-05-22 04:51:02.628388','2021-05-22 04:51:02.628388'),(1009,153,788,24,94,94,'2021-05-22 04:51:02.630274','2021-05-22 04:51:02.630274'),(1010,153,1041,25,86,86,'2021-05-22 04:51:02.632828','2021-05-22 04:51:02.632828'),(1011,153,1130,30,86,86,'2021-05-22 04:51:02.635102','2021-05-22 04:51:02.635102'),(1012,153,1213,28,87,87,'2021-05-22 04:51:02.636771','2021-05-22 04:51:02.636771'),(1013,153,1299,27,91,91,'2021-05-22 04:51:02.639145','2021-05-22 04:51:02.639145'),(1014,154,523,21,94,94,'2021-05-22 04:51:45.035876','2021-05-22 04:51:45.035876'),(1015,154,618,31,82,82,'2021-05-22 04:51:45.039261','2021-05-22 04:51:45.039261'),(1016,154,702,27,87,87,'2021-05-22 04:51:45.042177','2021-05-22 04:51:45.042177'),(1017,154,790,27,88,88,'2021-05-22 04:51:45.044632','2021-05-22 04:51:45.044632'),(1018,154,1039,27,91,91,'2021-05-22 04:51:45.047148','2021-05-22 04:51:45.047148'),(1019,154,1121,20,96,96,'2021-05-22 04:51:45.048633','2021-05-22 04:51:45.048633'),(1020,154,1214,25,88,88,'2021-05-22 04:51:45.050556','2021-05-22 04:51:45.050556'),(1021,154,1298,21,94,94,'2021-05-22 04:51:45.052661','2021-05-22 04:51:45.052661'),(1022,155,535,27,82,82,'2021-05-22 04:52:31.158170','2021-05-22 04:52:31.158170'),(1023,155,618,30,79,79,'2021-05-22 04:52:31.160876','2021-05-22 04:52:31.160876'),(1024,155,702,29,82,82,'2021-05-22 04:52:31.163788','2021-05-22 04:52:31.163788'),(1025,155,784,22,88,88,'2021-05-22 04:52:31.166436','2021-05-22 04:52:31.166436'),(1026,155,1039,23,93,93,'2021-05-22 04:52:31.168466','2021-05-22 04:52:31.168466'),(1027,155,1130,29,87,87,'2021-05-22 04:52:31.170156','2021-05-22 04:52:31.170156'),(1028,155,1217,27,88,88,'2021-05-22 04:52:31.172279','2021-05-22 04:52:31.172279'),(1029,155,1296,14,102,102,'2021-05-22 04:52:31.174084','2021-05-22 04:52:31.174084'),(1030,202,615,28,89,89,'2021-05-22 04:52:57.890208','2021-05-22 04:52:57.890208'),(1031,202,694,21,103,103,'2021-05-22 04:52:57.893614','2021-05-22 04:52:57.893614'),(1032,202,1030,16,105,105,'2021-05-22 04:52:57.895339','2021-05-22 04:52:57.895339'),(1033,202,1292,18,103,103,'2021-05-22 04:52:57.897593','2021-05-22 04:52:57.897593'),(1034,156,522,24,97,97,'2021-05-22 04:53:39.763305','2021-05-22 04:53:39.763305'),(1035,156,615,23,96,96,'2021-05-22 04:53:39.765882','2021-05-22 04:53:39.765882'),(1036,156,697,25,96,96,'2021-05-22 04:53:39.768550','2021-05-22 04:53:39.768550'),(1037,156,785,19,103,103,'2021-05-22 04:53:39.771209','2021-05-22 04:53:39.771209'),(1038,156,1034,17,103,103,'2021-05-22 04:53:39.773332','2021-05-22 04:53:39.773332'),(1039,156,1121,20,100,100,'2021-05-22 04:53:39.775217','2021-05-22 04:53:39.775217'),(1040,156,1205,20,99,99,'2021-05-22 04:53:39.776646','2021-05-22 04:53:39.776646'),(1041,156,1299,23,92,92,'2021-05-22 04:53:39.778370','2021-05-22 04:53:39.778370'),(1042,158,520,22,99,99,'2021-05-22 04:54:22.257627','2021-05-22 04:54:22.257627'),(1043,158,615,26,95,95,'2021-05-22 04:54:22.260407','2021-05-22 04:54:22.260407'),(1044,158,701,18,101,101,'2021-05-22 04:54:22.262957','2021-05-22 04:54:22.262957'),(1045,158,1034,17,102,102,'2021-05-22 04:54:22.264812','2021-05-22 04:54:22.264812'),(1046,158,1126,21,97,97,'2021-05-22 04:54:22.266593','2021-05-22 04:54:22.266593'),(1047,158,1207,20,99,99,'2021-05-22 04:54:22.269311','2021-05-22 04:54:22.269311'),(1048,158,1295,17,103,103,'2021-05-22 04:54:22.270972','2021-05-22 04:54:22.270972'),(1050,157,527,24,88,88,'2021-05-22 04:55:00.887041','2021-05-22 04:55:00.887041'),(1051,157,610,21,98,98,'2021-05-22 04:55:00.889766','2021-05-22 04:55:00.889766'),(1052,157,699,22,96,96,'2021-05-22 04:55:00.892463','2021-05-22 04:55:00.892463'),(1053,157,783,21,98,98,'2021-05-22 04:55:00.894379','2021-05-22 04:55:00.894379'),(1054,157,1034,24,100,100,'2021-05-22 04:55:00.896548','2021-05-22 04:55:00.896548'),(1055,157,1127,28,92,92,'2021-05-22 04:55:00.898499','2021-05-22 04:55:00.898499'),(1056,157,1210,21,102,102,'2021-05-22 04:55:00.901271','2021-05-22 04:55:00.901271'),(1057,157,1298,22,98,98,'2021-05-22 04:55:00.902775','2021-05-22 04:55:00.902775'),(1058,159,525,21,92,92,'2021-05-22 04:55:32.845947','2021-05-22 04:55:32.845947'),(1059,159,613,24,95,95,'2021-05-22 04:55:32.849564','2021-05-22 04:55:32.849564'),(1060,159,694,15,109,109,'2021-05-22 04:55:32.851642','2021-05-22 04:55:32.851642'),(1061,159,1035,25,100,100,'2021-05-22 04:55:32.853444','2021-05-22 04:55:32.853444'),(1062,159,1210,21,98,98,'2021-05-22 04:55:32.855541','2021-05-22 04:55:32.855541'),(1063,159,1296,16,102,102,'2021-05-22 04:55:32.857185','2021-05-22 04:55:32.857185'),(1064,160,526,20,93,93,'2021-05-22 04:56:13.805254','2021-05-22 04:56:13.805254'),(1065,160,616,23,96,96,'2021-05-22 04:56:13.808165','2021-05-22 04:56:13.808165'),(1066,160,696,19,104,104,'2021-05-22 04:56:13.810222','2021-05-22 04:56:13.810222'),(1067,160,786,22,96,96,'2021-05-22 04:56:13.812303','2021-05-22 04:56:13.812303'),(1068,160,1032,17,102,102,'2021-05-22 04:56:13.813978','2021-05-22 04:56:13.813978'),(1069,160,1211,21,96,96,'2021-05-22 04:56:13.816045','2021-05-22 04:56:13.816045'),(1070,160,1291,13,108,108,'2021-05-22 04:56:13.818773','2021-05-22 04:56:13.818773'),(1071,161,528,23,84,84,'2021-05-22 05:03:22.940058','2021-05-22 05:03:22.940058'),(1072,161,614,26,87,87,'2021-05-22 05:03:22.942610','2021-05-22 05:03:22.942610'),(1073,161,700,21,92,92,'2021-05-22 05:03:22.945177','2021-05-22 05:03:22.945177'),(1074,161,784,22,95,95,'2021-05-22 05:03:22.947635','2021-05-22 05:03:22.947635'),(1075,161,1125,23,89,89,'2021-05-22 05:03:22.949845','2021-05-22 05:03:22.949845'),(1076,161,1214,23,87,87,'2021-05-22 05:03:22.951955','2021-05-22 05:03:22.951955'),(1077,161,1300,25,91,91,'2021-05-22 05:03:22.953775','2021-05-22 05:03:22.953775'),(1078,162,527,25,93,93,'2021-05-22 05:04:03.935456','2021-05-22 05:04:03.935456'),(1079,162,617,31,84,84,'2021-05-22 05:04:03.938084','2021-05-22 05:04:03.938084'),(1080,162,788,27,86,86,'2021-05-22 05:04:03.940949','2021-05-22 05:04:03.940949'),(1081,162,1040,26,90,90,'2021-05-22 05:04:03.942698','2021-05-22 05:04:03.942698'),(1082,162,1131,28,88,88,'2021-05-22 05:04:03.944670','2021-05-22 05:04:03.944670'),(1083,162,1215,28,85,85,'2021-05-22 05:04:03.946617','2021-05-22 05:04:03.946617'),(1084,162,1302,26,89,89,'2021-05-22 05:04:03.949040','2021-05-22 05:04:03.949040'),(1085,163,785,24,93,93,'2021-05-22 05:04:29.585351','2021-05-22 05:04:29.585351'),(1086,163,1039,22,91,91,'2021-05-22 05:04:29.588624','2021-05-22 05:04:29.588624'),(1087,163,1125,25,88,88,'2021-05-22 05:04:29.590510','2021-05-22 05:04:29.590510'),(1088,163,1298,23,89,89,'2021-05-22 05:04:29.592815','2021-05-22 05:04:29.592815'),(1089,164,526,26,88,88,'2021-05-22 05:05:05.658288','2021-05-22 05:05:05.658288'),(1090,164,701,26,90,90,'2021-05-22 05:05:05.660463','2021-05-22 05:05:05.660463'),(1091,164,785,24,93,93,'2021-05-22 05:05:05.662917','2021-05-22 05:05:05.662917'),(1092,164,1039,26,90,90,'2021-05-22 05:05:05.665103','2021-05-22 05:05:05.665103'),(1093,164,1210,23,94,94,'2021-05-22 05:05:05.667199','2021-05-22 05:05:05.667199'),(1094,164,1293,20,100,100,'2021-05-22 05:05:05.669285','2021-05-22 05:05:05.669285'),(1095,165,526,29,84,84,'2021-05-22 05:06:11.722812','2021-05-22 05:06:11.722812'),(1096,165,614,27,92,92,'2021-05-22 05:06:11.726403','2021-05-22 05:06:11.726403'),(1097,165,706,29,89,89,'2021-05-22 05:06:11.729134','2021-05-22 05:06:11.729134'),(1098,165,789,28,87,87,'2021-05-22 05:06:11.731283','2021-05-22 05:06:11.731283'),(1099,165,1039,29,89,89,'2021-05-22 05:06:11.733322','2021-05-22 05:06:11.733322'),(1100,165,1210,22,96,96,'2021-05-22 05:06:11.734879','2021-05-22 05:06:11.734879'),(1101,166,528,22,89,89,'2021-05-22 05:06:59.313495','2021-05-22 05:06:59.313495'),(1102,166,618,27,88,88,'2021-05-22 05:06:59.316112','2021-05-22 05:06:59.316112'),(1103,166,705,27,89,89,'2021-05-22 05:06:59.318587','2021-05-22 05:06:59.318587'),(1104,166,786,26,90,90,'2021-05-22 05:06:59.320608','2021-05-22 05:06:59.320608'),(1105,166,1038,24,92,92,'2021-05-22 05:06:59.322776','2021-05-22 05:06:59.322776'),(1107,166,1123,22,94,94,'2021-05-22 05:06:59.326742','2021-05-22 05:06:59.326742'),(1108,166,1212,23,92,92,'2021-05-22 05:06:59.329052','2021-05-22 05:06:59.329052'),(1109,166,1298,21,99,99,'2021-05-22 05:06:59.330933','2021-05-22 05:06:59.330933'),(1110,201,522,20,98,98,'2021-05-22 05:07:39.232933','2021-05-22 05:07:39.232933'),(1111,201,610,22,98,98,'2021-05-22 05:07:39.235501','2021-05-22 05:07:39.235501'),(1112,201,784,24,94,94,'2021-05-22 05:07:39.238470','2021-05-22 05:07:39.238470'),(1113,201,1033,19,99,99,'2021-05-22 05:07:39.240554','2021-05-22 05:07:39.240554'),(1114,201,1204,22,101,101,'2021-05-22 05:07:39.242321','2021-05-22 05:07:39.242321'),(1115,201,1301,29,85,85,'2021-05-22 05:07:39.243930','2021-05-22 05:07:39.243930'),(1116,167,523,28,89,89,'2021-05-22 05:08:44.845435','2021-05-22 05:08:44.845435'),(1117,167,614,26,92,92,'2021-05-22 05:08:44.848952','2021-05-22 05:08:44.848952'),(1118,167,783,24,94,94,'2021-05-22 05:08:44.851949','2021-05-22 05:08:44.851949'),(1119,167,1035,26,95,95,'2021-05-22 05:08:44.854115','2021-05-22 05:08:44.854115'),(1120,167,1121,21,99,99,'2021-05-22 05:08:44.856490','2021-05-22 05:08:44.856490'),(1121,167,1207,23,98,98,'2021-05-22 05:08:44.858108','2021-05-22 05:08:44.858108'),(1122,167,1300,26,92,92,'2021-05-22 05:08:44.859632','2021-05-22 05:08:44.859632'),(1126,168,523,24,89,89,'2021-05-22 05:09:56.313694','2021-05-22 05:09:56.313694'),(1127,168,613,29,88,88,'2021-05-22 05:09:56.315381','2021-05-22 05:09:56.315381'),(1128,168,1038,25,92,92,'2021-05-22 05:09:56.317227','2021-05-22 05:09:56.317227'),(1129,168,1125,27,88,88,'2021-05-22 05:09:56.318803','2021-05-22 05:09:56.318803'),(1130,168,1214,26,90,90,'2021-05-22 05:09:56.321332','2021-05-22 05:09:56.321332'),(1131,168,1297,26,93,93,'2021-05-22 05:09:56.323017','2021-05-22 05:09:56.323017'),(1132,169,527,22,88,88,'2021-05-22 05:10:49.280035','2021-05-22 05:10:49.280035'),(1133,169,616,27,86,86,'2021-05-22 05:10:49.283161','2021-05-22 05:10:49.283161'),(1134,169,703,25,92,92,'2021-05-22 05:10:49.285108','2021-05-22 05:10:49.285108'),(1135,169,1038,23,93,93,'2021-05-22 05:10:49.287887','2021-05-22 05:10:49.287887'),(1136,169,1208,24,94,94,'2021-05-22 05:10:49.289498','2021-05-22 05:10:49.289498'),(1137,169,1297,21,95,95,'2021-05-22 05:10:49.291101','2021-05-22 05:10:49.291101'),(1138,170,523,22,96,96,'2021-05-22 05:11:43.466853','2021-05-22 05:11:43.466853'),(1139,170,613,24,89,89,'2021-05-22 05:11:43.469466','2021-05-22 05:11:43.469466'),(1140,170,698,24,92,92,'2021-05-22 05:11:43.471449','2021-05-22 05:11:43.471449'),(1142,170,785,25,88,88,'2021-05-22 05:11:43.476241','2021-05-22 05:11:43.476241'),(1143,170,1038,20,96,96,'2021-05-22 05:11:43.478511','2021-05-22 05:11:43.478511'),(1144,170,1211,20,97,97,'2021-05-22 05:11:43.480051','2021-05-22 05:11:43.480051'),(1145,170,1297,20,96,96,'2021-05-22 05:11:43.481617','2021-05-22 05:11:43.481617'),(1146,171,526,23,85,85,'2021-05-22 05:12:23.250167','2021-05-22 05:12:23.250167'),(1147,171,702,24,89,89,'2021-05-22 05:12:23.252830','2021-05-22 05:12:23.252830'),(1148,171,783,20,98,98,'2021-05-22 05:12:23.254986','2021-05-22 05:12:23.254986'),(1149,171,1037,24,94,94,'2021-05-22 05:12:23.257366','2021-05-22 05:12:23.257366'),(1150,171,1124,27,88,88,'2021-05-22 05:12:23.259055','2021-05-22 05:12:23.259055'),(1151,171,1212,24,90,90,'2021-05-22 05:12:23.260955','2021-05-22 05:12:23.260955'),(1152,171,1294,21,100,100,'2021-05-22 05:12:23.263598','2021-05-22 05:12:23.263598'),(1153,172,523,20,96,96,'2021-05-22 05:13:19.533951','2021-05-22 05:13:19.533951'),(1154,172,613,26,89,89,'2021-05-22 05:13:19.536760','2021-05-22 05:13:19.536760'),(1155,172,703,22,91,91,'2021-05-22 05:13:19.539284','2021-05-22 05:13:19.539284'),(1156,172,787,22,96,96,'2021-05-22 05:13:19.541611','2021-05-22 05:13:19.541611'),(1157,172,1035,21,98,98,'2021-05-22 05:13:19.543277','2021-05-22 05:13:19.543277'),(1159,172,1125,25,92,92,'2021-05-22 05:13:19.547499','2021-05-22 05:13:19.547499'),(1160,172,1211,23,93,93,'2021-05-22 05:13:19.549857','2021-05-22 05:13:19.549857'),(1161,172,1299,23,92,92,'2021-05-22 05:13:19.552217','2021-05-22 05:13:19.552217'),(1162,173,526,24,96,96,'2021-05-22 05:14:04.067377','2021-05-22 05:14:04.067377'),(1163,173,617,25,89,89,'2021-05-22 05:14:04.070366','2021-05-22 05:14:04.070366'),(1164,173,701,22,95,95,'2021-05-22 05:14:04.072176','2021-05-22 05:14:04.072176'),(1165,173,1038,22,94,94,'2021-05-22 05:14:04.074022','2021-05-22 05:14:04.074022'),(1166,173,1125,24,90,90,'2021-05-22 05:14:04.076047','2021-05-22 05:14:04.076047'),(1167,173,1207,21,97,97,'2021-05-22 05:14:04.077535','2021-05-22 05:14:04.077535'),(1168,174,526,23,91,91,'2021-05-22 05:14:49.447068','2021-05-22 05:14:49.447068'),(1169,174,614,29,89,89,'2021-05-22 05:14:49.449618','2021-05-22 05:14:49.449618'),(1170,174,784,20,93,93,'2021-05-22 05:14:49.451997','2021-05-22 05:14:49.451997'),(1171,174,1041,21,92,92,'2021-05-22 05:14:49.454343','2021-05-22 05:14:49.454343'),(1172,174,1126,23,92,92,'2021-05-22 05:14:49.456954','2021-05-22 05:14:49.456954'),(1173,174,1212,27,91,91,'2021-05-22 05:14:49.458370','2021-05-22 05:14:49.458370'),(1174,175,525,22,94,94,'2021-05-22 05:15:48.368764','2021-05-22 05:15:48.368764'),(1175,175,615,29,88,88,'2021-05-22 05:15:48.371154','2021-05-22 05:15:48.371154'),(1176,175,782,23,90,90,'2021-05-22 05:15:48.373519','2021-05-22 05:15:48.373519'),(1177,175,1040,24,94,94,'2021-05-22 05:15:48.375521','2021-05-22 05:15:48.375521'),(1178,175,1126,24,93,93,'2021-05-22 05:15:48.377532','2021-05-22 05:15:48.377532'),(1179,175,1212,24,92,92,'2021-05-22 05:15:48.380092','2021-05-22 05:15:48.380092'),(1180,175,1298,22,92,92,'2021-05-22 05:15:48.382059','2021-05-22 05:15:48.382059'),(1181,176,614,30,91,91,'2021-05-22 05:16:52.033302','2021-05-22 05:16:52.033302'),(1182,176,699,27,92,92,'2021-05-22 05:16:52.036541','2021-05-22 05:16:52.036541'),(1183,176,785,28,94,94,'2021-05-22 05:16:52.039104','2021-05-22 05:16:52.039104'),(1184,176,1040,29,88,88,'2021-05-22 05:16:52.042026','2021-05-22 05:16:52.042026'),(1185,176,1127,30,90,90,'2021-05-22 05:16:52.043932','2021-05-22 05:16:52.043932'),(1186,176,1213,26,88,88,'2021-05-22 05:16:52.047983','2021-05-22 05:16:52.047983'),(1187,176,1298,23,88,88,'2021-05-22 05:16:52.050462','2021-05-22 05:16:52.050462'),(1188,177,534,24,84,84,'2021-05-22 05:17:28.245413','2021-05-22 05:17:28.245413'),(1189,177,705,31,89,89,'2021-05-22 05:17:28.248297','2021-05-22 05:17:28.248297'),(1190,177,614,25,92,92,'2021-05-22 05:17:28.250178','2021-05-22 05:17:28.250178'),(1191,177,794,26,94,94,'2021-05-22 05:17:28.252379','2021-05-22 05:17:28.252379'),(1192,177,1046,21,92,92,'2021-05-22 05:17:28.254247','2021-05-22 05:17:28.254247'),(1193,177,1122,29,86,86,'2021-05-22 05:17:28.256714','2021-05-22 05:17:28.256714'),(1194,177,1209,22,99,99,'2021-05-22 05:17:28.258420','2021-05-22 05:17:28.258420'),(1195,177,1301,20,101,101,'2021-05-22 05:17:28.261057','2021-05-22 05:17:28.261057'),(1196,178,528,28,84,84,'2021-05-22 05:18:38.690559','2021-05-22 05:18:38.690559'),(1197,178,616,27,83,83,'2021-05-22 05:18:38.693688','2021-05-22 05:18:38.693688'),(1198,178,784,26,90,90,'2021-05-22 05:18:38.696180','2021-05-22 05:18:38.696180'),(1200,178,1042,26,85,85,'2021-05-22 05:18:38.699592','2021-05-22 05:18:38.699592'),(1201,178,1127,26,91,91,'2021-05-22 05:18:38.701883','2021-05-22 05:18:38.701883'),(1202,178,1213,25,93,93,'2021-05-22 05:18:38.704189','2021-05-22 05:18:38.704189'),(1203,178,1299,27,91,91,'2021-05-22 05:18:38.706727','2021-05-22 05:18:38.706727'),(1204,179,528,29,86,86,'2021-05-22 05:19:31.302713','2021-05-22 05:19:31.302713'),(1205,179,707,32,80,80,'2021-05-22 05:19:31.305044','2021-05-22 05:19:31.305044'),(1206,179,793,29,82,82,'2021-05-22 05:19:31.306783','2021-05-22 05:19:31.306783'),(1207,179,1042,32,84,84,'2021-05-22 05:19:31.309088','2021-05-22 05:19:31.309088'),(1208,179,1127,29,83,83,'2021-05-22 05:19:31.310841','2021-05-22 05:19:31.310841'),(1209,179,1214,29,79,79,'2021-05-22 05:19:31.313363','2021-05-22 05:19:31.313363'),(1210,179,1298,31,85,85,'2021-05-22 05:19:31.315231','2021-05-22 05:19:31.315231'),(1211,180,617,33,83,83,'2021-05-22 05:20:21.059253','2021-05-22 05:20:21.059253'),(1212,180,700,29,92,92,'2021-05-22 05:20:21.062317','2021-05-22 05:20:21.062317'),(1213,180,789,33,86,86,'2021-05-22 05:20:21.064603','2021-05-22 05:20:21.064603'),(1214,180,1041,27,85,85,'2021-05-22 05:20:21.066782','2021-05-22 05:20:21.066782'),(1215,180,1125,26,88,88,'2021-05-22 05:20:21.068621','2021-05-22 05:20:21.068621'),(1216,180,1213,31,85,85,'2021-05-22 05:20:21.070831','2021-05-22 05:20:21.070831'),(1217,180,1298,30,91,91,'2021-05-22 05:20:21.072561','2021-05-22 05:20:21.072561'),(1218,182,524,19,94,94,'2021-05-22 05:21:10.047227','2021-05-22 05:21:10.047227'),(1219,182,618,30,88,88,'2021-05-22 05:21:10.049802','2021-05-22 05:21:10.049802'),(1221,182,782,22,93,93,'2021-05-22 05:21:10.054110','2021-05-22 05:21:10.054110'),(1222,182,1037,24,92,92,'2021-05-22 05:21:10.056397','2021-05-22 05:21:10.056397'),(1223,182,1125,24,93,93,'2021-05-22 05:21:10.059074','2021-05-22 05:21:10.059074'),(1224,182,1211,26,92,92,'2021-05-22 05:21:10.061126','2021-05-22 05:21:10.061126'),(1225,182,1293,22,97,97,'2021-05-22 05:21:10.063264','2021-05-22 05:21:10.063264'),(1226,181,613,20,90,90,'2021-05-22 05:21:55.148492','2021-05-22 05:21:55.148492'),(1227,181,790,27,89,89,'2021-05-22 05:21:55.151094','2021-05-22 05:21:55.151094'),(1228,181,1046,22,91,91,'2021-05-22 05:21:55.153164','2021-05-22 05:21:55.153164'),(1229,181,1127,27,86,86,'2021-05-22 05:21:55.155093','2021-05-22 05:21:55.155093'),(1230,181,1211,22,89,89,'2021-05-22 05:21:55.157548','2021-05-22 05:21:55.157548'),(1231,183,537,27,86,86,'2021-05-22 05:22:27.982619','2021-05-22 05:22:27.982619'),(1232,183,619,26,95,95,'2021-05-22 05:22:27.985397','2021-05-22 05:22:27.985397'),(1233,183,706,23,92,92,'2021-05-22 05:22:27.990884','2021-05-22 05:22:27.990884'),(1234,183,793,27,89,89,'2021-05-22 05:22:27.993262','2021-05-22 05:22:27.993262'),(1235,183,1039,24,95,95,'2021-05-22 05:22:27.995332','2021-05-22 05:22:27.995332'),(1236,183,1129,26,88,88,'2021-05-22 05:22:27.997643','2021-05-22 05:22:27.997643'),(1237,183,1210,23,99,99,'2021-05-22 05:22:27.999654','2021-05-22 05:22:27.999654'),(1238,183,1302,22,99,99,'2021-05-22 05:22:28.002308','2021-05-22 05:22:28.002308'),(1239,184,535,25,85,85,'2021-05-22 05:23:11.785190','2021-05-22 05:23:11.785190'),(1240,184,619,27,86,86,'2021-05-22 05:23:11.788277','2021-05-22 05:23:11.788277'),(1241,184,700,24,86,86,'2021-05-22 05:23:11.790531','2021-05-22 05:23:11.790531'),(1242,184,790,22,89,89,'2021-05-22 05:23:11.793107','2021-05-22 05:23:11.793107'),(1243,184,1132,29,87,87,'2021-05-22 05:23:11.795145','2021-05-22 05:23:11.795145'),(1244,184,1215,24,87,87,'2021-05-22 05:23:11.796758','2021-05-22 05:23:11.796758'),(1245,184,1302,23,91,91,'2021-05-22 05:23:11.799412','2021-05-22 05:23:11.799412'),(1246,185,707,24,87,87,'2021-05-22 05:23:35.382211','2021-05-22 05:23:35.382211'),(1247,185,796,25,92,92,'2021-05-22 05:23:35.384663','2021-05-22 05:23:35.384663'),(1248,185,1217,21,92,92,'2021-05-22 05:23:35.386356','2021-05-22 05:23:35.386356'),(1249,185,1301,19,97,97,'2021-05-22 05:23:35.387645','2021-05-22 05:23:35.387645'),(1250,186,533,25,87,87,'2021-05-22 05:23:56.956327','2021-05-22 05:23:56.956327'),(1251,186,703,26,89,89,'2021-05-22 05:23:56.959419','2021-05-22 05:23:56.959419'),(1252,186,790,22,95,95,'2021-05-22 05:23:56.960965','2021-05-22 05:23:56.960965'),(1253,186,1047,22,91,91,'2021-05-22 05:23:56.963157','2021-05-22 05:23:56.963157'),(1254,186,1301,22,101,101,'2021-05-22 05:23:56.964958','2021-05-22 05:23:56.964958'),(1255,187,530,29,89,89,'2021-05-22 05:24:37.858743','2021-05-22 05:24:37.858743'),(1256,187,615,27,93,93,'2021-05-22 05:24:37.861485','2021-05-22 05:24:37.861485'),(1257,187,705,27,88,88,'2021-05-22 05:24:37.863390','2021-05-22 05:24:37.863390'),(1258,187,791,33,87,87,'2021-05-22 05:24:37.865439','2021-05-22 05:24:37.865439'),(1259,187,1047,28,85,85,'2021-05-22 05:24:37.867172','2021-05-22 05:24:37.867172'),(1260,187,1134,28,85,85,'2021-05-22 05:24:37.868872','2021-05-22 05:24:37.868872'),(1261,187,1305,25,93,93,'2021-05-22 05:24:37.871170','2021-05-22 05:24:37.871170'),(1262,188,534,25,90,90,'2021-05-22 05:25:03.431388','2021-05-22 05:25:03.431388'),(1263,188,620,34,82,82,'2021-05-22 05:25:03.434314','2021-05-22 05:25:03.434314'),(1265,188,1044,28,87,87,'2021-05-22 05:25:03.438726','2021-05-22 05:25:03.438726'),(1266,188,1128,26,89,89,'2021-05-22 05:25:03.440382','2021-05-22 05:25:03.440382'),(1267,188,1214,25,92,92,'2021-05-22 05:25:03.442502','2021-05-22 05:25:03.442502'),(1268,188,1300,24,99,99,'2021-05-22 05:25:03.445025','2021-05-22 05:25:03.445025'),(1269,189,535,27,88,88,'2021-05-22 05:25:19.486094','2021-05-22 05:25:19.486094'),(1270,189,1126,27,94,94,'2021-05-22 05:25:19.487852','2021-05-22 05:25:19.487852'),(1271,189,1216,26,89,89,'2021-05-22 05:25:19.489362','2021-05-22 05:25:19.489362'),(1272,189,1303,24,96,96,'2021-05-22 05:25:19.491537','2021-05-22 05:25:19.491537'),(1273,190,535,25,93,93,'2021-05-22 05:25:43.127426','2021-05-22 05:25:43.127426'),(1274,190,706,22,89,89,'2021-05-22 05:25:43.130027','2021-05-22 05:25:43.130027'),(1275,190,786,18,92,92,'2021-05-22 05:25:43.131941','2021-05-22 05:25:43.131941'),(1276,190,1121,20,99,99,'2021-05-22 05:25:43.134237','2021-05-22 05:25:43.134237'),(1278,190,1210,20,94,94,'2021-05-22 05:25:43.138127','2021-05-22 05:25:43.138127'),(1279,190,1300,21,104,104,'2021-05-22 05:25:43.140226','2021-05-22 05:25:43.140226'),(1280,191,526,26,90,90,'2021-05-22 05:26:10.897765','2021-05-22 05:26:10.897765'),(1281,191,620,27,88,88,'2021-05-22 05:26:10.899895','2021-05-22 05:26:10.899895'),(1282,191,707,27,94,94,'2021-05-22 05:26:10.902143','2021-05-22 05:26:10.902143'),(1283,191,785,20,102,102,'2021-05-22 05:26:10.904156','2021-05-22 05:26:10.904156'),(1284,191,1040,25,89,89,'2021-05-22 05:26:10.905821','2021-05-22 05:26:10.905821'),(1285,191,1123,20,96,96,'2021-05-22 05:26:10.907396','2021-05-22 05:26:10.907396'),(1286,191,1208,24,93,93,'2021-05-22 05:26:10.909700','2021-05-22 05:26:10.909700'),(1287,191,1305,25,93,93,'2021-05-22 05:26:10.911498','2021-05-22 05:26:10.911498'),(1288,192,615,21,94,94,'2021-05-22 05:26:33.896963','2021-05-22 05:26:33.896963'),(1289,192,700,19,91,91,'2021-05-22 05:26:33.899308','2021-05-22 05:26:33.899308'),(1290,192,789,28,92,92,'2021-05-22 05:26:33.901711','2021-05-22 05:26:33.901711'),(1291,192,1043,21,90,90,'2021-05-22 05:26:33.903686','2021-05-22 05:26:33.903686'),(1292,192,1125,24,91,91,'2021-05-22 05:26:33.905613','2021-05-22 05:26:33.905613'),(1293,192,1208,25,95,95,'2021-05-22 05:26:33.907341','2021-05-22 05:26:33.907341'),(1294,193,528,20,93,93,'2021-05-22 05:27:00.925311','2021-05-22 05:27:00.925311'),(1295,193,610,24,93,93,'2021-05-22 05:27:00.927821','2021-05-22 05:27:00.927821'),(1296,193,700,19,94,94,'2021-05-22 05:27:00.929816','2021-05-22 05:27:00.929816'),(1297,193,791,20,89,89,'2021-05-22 05:27:00.932173','2021-05-22 05:27:00.932173'),(1298,193,1045,25,89,89,'2021-05-22 05:27:00.934248','2021-05-22 05:27:00.934248'),(1299,193,1125,23,93,93,'2021-05-22 05:27:00.936274','2021-05-22 05:27:00.936274'),(1300,193,1212,24,92,92,'2021-05-22 05:27:00.938231','2021-05-22 05:27:00.938231'),(1301,193,1298,24,98,98,'2021-05-22 05:27:00.940071','2021-05-22 05:27:00.940071'),(1302,194,535,30,83,83,'2021-05-22 05:27:23.535499','2021-05-22 05:27:23.535499'),(1303,194,618,28,88,88,'2021-05-22 05:27:23.537788','2021-05-22 05:27:23.537788'),(1304,194,702,28,89,89,'2021-05-22 05:27:23.539621','2021-05-22 05:27:23.539621'),(1305,194,789,25,94,94,'2021-05-22 05:27:23.542238','2021-05-22 05:27:23.542238'),(1306,194,1043,27,86,86,'2021-05-22 05:27:23.544032','2021-05-22 05:27:23.544032'),(1307,194,1127,27,86,86,'2021-05-22 05:27:23.545894','2021-05-22 05:27:23.545894'),(1308,194,1305,29,91,91,'2021-05-22 05:27:23.547964','2021-05-22 05:27:23.547964'),(1309,195,531,26,87,87,'2021-05-22 05:27:47.979288','2021-05-22 05:27:47.979288'),(1310,195,794,30,84,84,'2021-05-22 05:27:47.981771','2021-05-22 05:27:47.981771'),(1311,195,1043,24,91,91,'2021-05-22 05:27:47.984108','2021-05-22 05:27:47.984108'),(1312,195,1131,23,93,93,'2021-05-22 05:27:47.986805','2021-05-22 05:27:47.986805'),(1313,195,1307,24,91,91,'2021-05-22 05:27:47.988634','2021-05-22 05:27:47.988634'),(1314,196,527,26,89,89,'2021-05-22 05:28:06.305139','2021-05-22 05:28:06.305139'),(1315,196,1042,19,99,99,'2021-05-22 05:28:06.308236','2021-05-22 05:28:06.308236'),(1316,196,1124,26,96,96,'2021-05-22 05:28:06.310210','2021-05-22 05:28:06.310210'),(1317,196,1213,27,96,96,'2021-05-22 05:28:06.312045','2021-05-22 05:28:06.312045'),(1318,196,1301,21,108,108,'2021-05-22 05:28:06.314312','2021-05-22 05:28:06.314312'),(1319,197,529,22,91,91,'2021-05-22 05:28:30.772450','2021-05-22 05:28:30.772450'),(1320,197,619,22,95,95,'2021-05-22 05:28:30.774878','2021-05-22 05:28:30.774878'),(1321,197,702,26,94,94,'2021-05-22 05:28:30.777133','2021-05-22 05:28:30.777133'),(1322,197,1043,30,87,87,'2021-05-22 05:28:30.779166','2021-05-22 05:28:30.779166'),(1323,197,1126,25,93,93,'2021-05-22 05:28:30.781370','2021-05-22 05:28:30.781370'),(1324,197,1214,29,88,88,'2021-05-22 05:28:30.782838','2021-05-22 05:28:30.782838'),(1325,197,1297,26,96,96,'2021-05-22 05:28:30.784249','2021-05-22 05:28:30.784249'),(1326,198,527,28,87,87,'2021-05-22 05:28:58.922143','2021-05-22 05:28:58.922143'),(1327,198,623,28,88,88,'2021-05-22 05:28:58.924726','2021-05-22 05:28:58.924726'),(1328,198,695,27,96,96,'2021-05-22 05:28:58.926750','2021-05-22 05:28:58.926750'),(1329,198,791,29,85,85,'2021-05-22 05:28:58.929132','2021-05-22 05:28:58.929132'),(1330,198,1040,27,88,88,'2021-05-22 05:28:58.931597','2021-05-22 05:28:58.931597'),(1331,198,1129,25,91,91,'2021-05-22 05:28:58.933176','2021-05-22 05:28:58.933176'),(1332,198,1217,29,95,95,'2021-05-22 05:28:58.934521','2021-05-22 05:28:58.934521'),(1333,198,1303,29,93,93,'2021-05-22 05:28:58.936543','2021-05-22 05:28:58.936543'),(1334,199,528,23,93,93,'2021-05-22 05:29:22.461739','2021-05-22 05:29:22.461739'),(1335,199,703,26,96,96,'2021-05-22 05:29:22.464740','2021-05-22 05:29:22.464740'),(1336,199,793,30,94,94,'2021-05-22 05:29:22.467228','2021-05-22 05:29:22.467228'),(1337,199,1043,24,94,94,'2021-05-22 05:29:22.469323','2021-05-22 05:29:22.469323'),(1338,199,1123,21,91,91,'2021-05-22 05:29:22.471338','2021-05-22 05:29:22.471338'),(1339,199,1209,22,103,103,'2021-05-22 05:29:22.473348','2021-05-22 05:29:22.473348'),(1340,199,1299,27,98,98,'2021-05-22 05:29:22.475714','2021-05-22 05:29:22.475714'),(1341,203,531,22,91,91,'2021-05-22 05:29:48.083769','2021-05-22 05:29:48.083769'),(1342,203,617,28,92,92,'2021-05-22 05:29:48.087022','2021-05-22 05:29:48.087022'),(1343,203,702,26,91,91,'2021-05-22 05:29:48.089001','2021-05-22 05:29:48.089001'),(1344,203,787,22,93,93,'2021-05-22 05:29:48.091237','2021-05-22 05:29:48.091237'),(1345,203,1043,25,95,95,'2021-05-22 05:29:48.093134','2021-05-22 05:29:48.093134'),(1346,203,1123,28,93,93,'2021-05-22 05:29:48.094677','2021-05-22 05:29:48.094677'),(1347,203,1205,29,93,93,'2021-05-22 05:29:48.097038','2021-05-22 05:29:48.097038'),(1348,203,1298,26,98,98,'2021-05-22 05:29:48.098960','2021-05-22 05:29:48.098960'),(1349,204,530,26,93,93,'2021-05-22 05:30:13.671596','2021-05-22 05:30:13.671596'),(1350,204,616,21,92,92,'2021-05-22 05:30:13.674557','2021-05-22 05:30:13.674557'),(1351,204,700,24,96,96,'2021-05-22 05:30:13.676230','2021-05-22 05:30:13.676230'),(1352,204,789,29,93,93,'2021-05-22 05:30:13.678733','2021-05-22 05:30:13.678733'),(1353,204,1045,31,85,85,'2021-05-22 05:30:13.680987','2021-05-22 05:30:13.680987'),(1354,204,1126,26,94,94,'2021-05-22 05:30:13.682549','2021-05-22 05:30:13.682549'),(1355,204,1214,24,88,88,'2021-05-22 05:30:13.684527','2021-05-22 05:30:13.684527'),(1356,204,1298,22,98,98,'2021-05-22 05:30:13.686309','2021-05-22 05:30:13.686309'),(1357,205,534,31,87,87,'2021-05-22 05:30:46.957218','2021-05-22 05:30:46.957218'),(1358,205,615,25,93,93,'2021-05-22 05:30:46.960137','2021-05-22 05:30:46.960137'),(1359,205,705,25,94,94,'2021-05-22 05:30:46.962585','2021-05-22 05:30:46.962585'),(1360,205,788,30,92,92,'2021-05-22 05:30:46.965264','2021-05-22 05:30:46.965264'),(1361,205,1041,22,91,91,'2021-05-22 05:30:46.967228','2021-05-22 05:30:46.967228'),(1362,205,1123,25,88,88,'2021-05-22 05:30:46.969070','2021-05-22 05:30:46.969070'),(1363,205,1206,25,93,93,'2021-05-22 05:30:46.973707','2021-05-22 05:30:46.973707'),(1364,205,1301,27,92,92,'2021-05-22 05:30:46.975955','2021-05-22 05:30:46.975955'),(1365,206,531,25,94,94,'2021-05-22 05:31:12.504680','2021-05-22 05:31:12.504680'),(1366,206,612,23,98,98,'2021-05-22 05:31:12.508005','2021-05-22 05:31:12.508005'),(1367,206,698,24,92,92,'2021-05-22 05:31:12.510023','2021-05-22 05:31:12.510023'),(1368,206,792,24,92,92,'2021-05-22 05:31:12.511793','2021-05-22 05:31:12.511793'),(1369,206,1041,22,93,93,'2021-05-22 05:31:12.513579','2021-05-22 05:31:12.513579'),(1370,206,1125,21,96,96,'2021-05-22 05:31:12.514998','2021-05-22 05:31:12.514998'),(1371,206,1214,26,90,90,'2021-05-22 05:31:12.517272','2021-05-22 05:31:12.517272'),(1372,206,1299,26,103,103,'2021-05-22 05:31:12.518881','2021-05-22 05:31:12.518881'),(1373,207,527,23,94,94,'2021-05-22 05:31:37.532363','2021-05-22 05:31:37.532363'),(1374,207,705,21,93,93,'2021-05-22 05:31:37.534694','2021-05-22 05:31:37.534694'),(1375,207,789,23,97,97,'2021-05-22 05:31:37.536872','2021-05-22 05:31:37.536872'),(1376,207,1037,21,94,94,'2021-05-22 05:31:37.539458','2021-05-22 05:31:37.539458'),(1377,207,1125,23,91,91,'2021-05-22 05:31:37.541270','2021-05-22 05:31:37.541270'),(1378,207,1217,22,89,89,'2021-05-22 05:31:37.542852','2021-05-22 05:31:37.542852'),(1379,208,614,20,91,91,'2021-05-22 05:31:59.985175','2021-05-22 05:31:59.985175'),(1380,208,701,25,91,91,'2021-05-22 05:31:59.988109','2021-05-22 05:31:59.988109'),(1381,208,791,32,93,93,'2021-05-22 05:31:59.992715','2021-05-22 05:31:59.992715'),(1382,208,1045,25,88,88,'2021-05-22 05:31:59.994947','2021-05-22 05:31:59.994947'),(1383,208,1129,24,91,91,'2021-05-22 05:31:59.997368','2021-05-22 05:31:59.997368'),(1384,208,1212,25,94,94,'2021-05-22 05:31:59.999696','2021-05-22 05:31:59.999696'),(1385,208,1298,30,92,92,'2021-05-22 05:32:00.001851','2021-05-22 05:32:00.001851'),(1386,209,618,28,90,90,'2021-05-22 05:32:21.615515','2021-05-22 05:32:21.615515'),(1387,209,706,32,85,85,'2021-05-22 05:32:21.619043','2021-05-22 05:32:21.619043'),(1388,209,792,22,91,91,'2021-05-22 05:32:21.621035','2021-05-22 05:32:21.621035'),(1389,209,1034,21,100,100,'2021-05-22 05:32:21.623046','2021-05-22 05:32:21.623046'),(1390,209,1133,25,91,91,'2021-05-22 05:32:21.625276','2021-05-22 05:32:21.625276'),(1391,209,1217,29,87,87,'2021-05-22 05:32:21.627280','2021-05-22 05:32:21.627280'),(1392,209,1298,27,91,91,'2021-05-22 05:32:21.629129','2021-05-22 05:32:21.629129'),(1393,210,528,22,96,96,'2021-05-22 05:32:46.268253','2021-05-22 05:32:46.268253'),(1394,210,617,27,93,93,'2021-05-22 05:32:46.270768','2021-05-22 05:32:46.270768'),(1395,210,699,20,98,98,'2021-05-22 05:32:46.272701','2021-05-22 05:32:46.272701'),(1396,210,1037,21,96,96,'2021-05-22 05:32:46.275133','2021-05-22 05:32:46.275133'),(1397,210,1132,21,93,93,'2021-05-22 05:32:46.277232','2021-05-22 05:32:46.277232'),(1398,210,1211,20,93,93,'2021-05-22 05:32:46.279528','2021-05-22 05:32:46.279528'),(1399,210,1301,21,97,97,'2021-05-22 05:32:46.282032','2021-05-22 05:32:46.282032'),(1400,211,493,15,102,102,'2021-05-22 05:33:09.336387','2021-05-22 05:33:09.336387'),(1401,211,586,18,105,105,'2021-05-22 05:33:09.339052','2021-05-22 05:33:09.339052'),(1402,211,1050,26,84,84,'2021-05-22 05:33:09.341102','2021-05-22 05:33:09.341102'),(1403,211,1122,26,84,84,'2021-05-22 05:33:09.343195','2021-05-22 05:33:09.343195'),(1404,211,1194,24,83,83,'2021-05-22 05:33:09.345034','2021-05-22 05:33:09.345034'),(1405,211,1271,29,80,80,'2021-05-22 05:33:09.346510','2021-05-22 05:33:09.346510'),(1406,212,684,23,100,100,'2021-05-22 05:33:33.195045','2021-05-22 05:33:33.195045'),(1407,212,781,19,107,107,'2021-05-22 05:33:33.197672','2021-05-22 05:33:33.197672'),(1408,212,1048,32,82,82,'2021-05-22 05:33:33.200320','2021-05-22 05:33:33.200320'),(1409,212,1122,34,79,79,'2021-05-22 05:33:33.202389','2021-05-22 05:33:33.202389'),(1410,212,1194,29,83,83,'2021-05-22 05:33:33.204481','2021-05-22 05:33:33.204481'),(1411,212,1268,29,82,82,'2021-05-22 05:33:33.206451','2021-05-22 05:33:33.206451'),(1412,213,498,23,98,98,'2021-05-22 05:33:58.687151','2021-05-22 05:33:58.687151'),(1413,213,692,26,96,96,'2021-05-22 05:33:58.690072','2021-05-22 05:33:58.690072'),(1414,213,788,20,105,105,'2021-05-22 05:33:58.692533','2021-05-22 05:33:58.692533'),(1415,213,1117,24,88,88,'2021-05-22 05:33:58.694592','2021-05-22 05:33:58.694592'),(1416,213,1192,26,90,90,'2021-05-22 05:33:58.696204','2021-05-22 05:33:58.696204'),(1417,213,1266,28,87,87,'2021-05-22 05:33:58.697529','2021-05-22 05:33:58.697529'),(1418,214,620,27,91,91,'2021-05-22 05:34:18.812495','2021-05-22 05:34:18.812495'),(1419,214,523,22,98,98,'2021-05-22 05:34:18.815373','2021-05-22 05:34:18.815373'),(1420,214,788,21,95,95,'2021-05-22 05:34:18.817145','2021-05-22 05:34:18.817145'),(1421,214,1212,29,91,91,'2021-05-22 05:34:18.818988','2021-05-22 05:34:18.818988'),(1422,214,1293,23,104,104,'2021-05-22 05:34:18.821469','2021-05-22 05:34:18.821469'),(1423,215,524,22,96,96,'2021-05-22 05:34:43.960481','2021-05-22 05:34:43.960481'),(1424,215,609,25,91,91,'2021-05-22 05:34:43.963788','2021-05-22 05:34:43.963788'),(1425,215,782,18,101,101,'2021-05-22 05:34:43.966339','2021-05-22 05:34:43.966339'),(1426,215,1043,19,97,97,'2021-05-22 05:34:43.968355','2021-05-22 05:34:43.968355'),(1427,215,1204,21,99,99,'2021-05-22 05:34:43.970454','2021-05-22 05:34:43.970454'),(1428,215,1298,26,93,93,'2021-05-22 05:34:43.972420','2021-05-22 05:34:43.972420'),(1429,216,527,30,85,85,'2021-05-22 05:40:59.453616','2021-05-22 05:40:59.453616'),(1430,216,615,28,92,92,'2021-05-22 05:40:59.456781','2021-05-22 05:40:59.456781'),(1431,216,696,27,91,91,'2021-05-22 05:40:59.459108','2021-05-22 05:40:59.459108'),(1432,216,783,24,94,94,'2021-05-22 05:40:59.461615','2021-05-22 05:40:59.461615'),(1433,216,1037,27,89,89,'2021-05-22 05:40:59.463710','2021-05-22 05:40:59.463710'),(1434,216,1127,30,86,86,'2021-05-22 05:40:59.465916','2021-05-22 05:40:59.465916'),(1435,216,1216,31,83,83,'2021-05-22 05:40:59.467771','2021-05-22 05:40:59.467771'),(1436,217,642,31,78,78,'2021-05-22 05:41:33.968214','2021-05-22 05:41:33.968214'),(1437,217,715,31,78,78,'2021-05-22 05:41:33.971031','2021-05-22 05:41:33.971031'),(1438,217,792,31,76,76,'2021-05-22 05:41:33.973769','2021-05-22 05:41:33.973769'),(1439,217,1039,29,84,84,'2021-05-22 05:41:33.975961','2021-05-22 05:41:33.975961'),(1440,217,1137,24,92,92,'2021-05-22 05:41:33.978429','2021-05-22 05:41:33.978429'),(1441,217,1231,23,94,94,'2021-05-22 05:41:33.980027','2021-05-22 05:41:33.980027'),(1442,218,568,31,73,73,'2021-05-22 05:43:23.742520','2021-05-22 05:43:23.742520'),(1443,218,638,30,80,80,'2021-05-22 05:43:23.745886','2021-05-22 05:43:23.745886'),(1444,218,714,32,82,82,'2021-05-22 05:43:23.748430','2021-05-22 05:43:23.748430'),(1445,218,792,32,78,78,'2021-05-22 05:43:23.751465','2021-05-22 05:43:23.751465'),(1446,218,1129,18,107,107,'2021-05-22 05:43:23.753453','2021-05-22 05:43:23.753453'),(1447,218,1330,24,95,95,'2021-05-22 05:43:23.755732','2021-05-22 05:43:23.755732'),(1448,219,532,29,83,83,'2021-05-22 05:43:56.467849','2021-05-22 05:43:56.467849'),(1449,219,616,28,86,86,'2021-05-22 05:43:56.470094','2021-05-22 05:43:56.470094'),(1450,219,703,30,81,81,'2021-05-22 05:43:56.473005','2021-05-22 05:43:56.473005'),(1451,219,788,26,87,87,'2021-05-22 05:43:56.475182','2021-05-22 05:43:56.475182'),(1452,219,1125,21,101,101,'2021-05-22 05:43:56.477572','2021-05-22 05:43:56.477572'),(1453,219,1297,23,93,93,'2021-05-22 05:43:56.479112','2021-05-22 05:43:56.479112'),(1454,220,520,21,99,99,'2021-05-22 05:44:31.035886','2021-05-22 05:44:31.035886'),(1455,220,701,26,86,86,'2021-05-22 05:44:31.039133','2021-05-22 05:44:31.039133'),(1456,220,787,21,96,96,'2021-05-22 05:44:31.041439','2021-05-22 05:44:31.041439'),(1457,220,1036,30,90,90,'2021-05-22 05:44:31.043774','2021-05-22 05:44:31.043774'),(1458,220,1210,25,94,94,'2021-05-22 05:44:31.045872','2021-05-22 05:44:31.045872'),(1459,220,1301,26,89,89,'2021-05-22 05:44:31.047611','2021-05-22 05:44:31.047611'),(1460,221,526,28,89,89,'2021-05-22 05:45:16.710700','2021-05-22 05:45:16.710700'),(1461,221,617,30,81,81,'2021-05-22 05:45:16.712793','2021-05-22 05:45:16.712793'),(1462,221,705,31,83,83,'2021-05-22 05:45:16.714998','2021-05-22 05:45:16.714998'),(1463,221,789,28,84,84,'2021-05-22 05:45:16.717522','2021-05-22 05:45:16.717522'),(1465,221,1039,29,89,89,'2021-05-22 05:45:16.721615','2021-05-22 05:45:16.721615'),(1466,221,1126,29,92,92,'2021-05-22 05:45:16.723619','2021-05-22 05:45:16.723619'),(1467,221,1212,32,91,91,'2021-05-22 05:45:16.725577','2021-05-22 05:45:16.725577'),(1468,221,1298,25,96,96,'2021-05-22 05:45:16.727791','2021-05-22 05:45:16.727791'),(1469,222,526,31,86,86,'2021-05-22 05:45:59.582996','2021-05-22 05:45:59.582996'),(1470,222,611,24,95,95,'2021-05-22 05:45:59.585784','2021-05-22 05:45:59.585784'),(1471,222,787,28,85,85,'2021-05-22 05:45:59.588189','2021-05-22 05:45:59.588189'),(1472,222,1036,21,94,94,'2021-05-22 05:45:59.590452','2021-05-22 05:45:59.590452'),(1473,222,1123,23,97,97,'2021-05-22 05:45:59.592088','2021-05-22 05:45:59.592088'),(1474,222,1210,24,95,95,'2021-05-22 05:45:59.593663','2021-05-22 05:45:59.593663'),(1475,222,1295,22,96,96,'2021-05-22 05:45:59.595746','2021-05-22 05:45:59.595746'),(1477,223,522,26,96,96,'2021-05-22 05:46:34.695911','2021-05-22 05:46:34.695911'),(1478,223,612,25,93,93,'2021-05-22 05:46:34.698353','2021-05-22 05:46:34.698353'),(1479,223,783,28,92,92,'2021-05-22 05:46:34.700357','2021-05-22 05:46:34.700357'),(1480,223,1033,19,102,102,'2021-05-22 05:46:34.702586','2021-05-22 05:46:34.702586'),(1481,223,1127,29,87,87,'2021-05-22 05:46:34.704309','2021-05-22 05:46:34.704309'),(1482,223,1209,26,94,94,'2021-05-22 05:46:34.706016','2021-05-22 05:46:34.706016'),(1483,223,1304,30,87,87,'2021-05-22 05:46:34.707463','2021-05-22 05:46:34.707463'),(1484,224,525,26,92,92,'2021-05-22 05:47:11.509248','2021-05-22 05:47:11.509248'),(1485,224,617,30,85,85,'2021-05-22 05:47:11.511961','2021-05-22 05:47:11.511961'),(1486,224,700,31,84,84,'2021-05-22 05:47:11.513874','2021-05-22 05:47:11.513874'),(1487,224,788,30,88,88,'2021-05-22 05:47:11.516067','2021-05-22 05:47:11.516067'),(1488,224,1034,24,94,94,'2021-05-22 05:47:11.517625','2021-05-22 05:47:11.517625'),(1489,224,1125,24,96,96,'2021-05-22 05:47:11.519439','2021-05-22 05:47:11.519439'),(1490,224,1217,27,86,86,'2021-05-22 05:47:11.522391','2021-05-22 05:47:11.522391'),(1491,225,522,21,97,97,'2021-05-22 05:47:51.902236','2021-05-22 05:47:51.902236'),(1492,225,613,26,91,91,'2021-05-22 05:47:51.904800','2021-05-22 05:47:51.904800'),(1493,225,701,26,92,92,'2021-05-22 05:47:51.906440','2021-05-22 05:47:51.906440'),(1494,225,791,27,90,90,'2021-05-22 05:47:51.907971','2021-05-22 05:47:51.907971'),(1495,225,1036,23,97,97,'2021-05-22 05:47:51.909571','2021-05-22 05:47:51.909571'),(1496,225,1207,26,94,94,'2021-05-22 05:47:51.911242','2021-05-22 05:47:51.911242'),(1497,225,1298,26,94,94,'2021-05-22 05:47:51.912688','2021-05-22 05:47:51.912688'),(1498,226,522,22,94,94,'2021-05-22 05:54:35.148341','2021-05-22 05:54:35.148341'),(1499,226,616,30,85,85,'2021-05-22 05:54:35.151024','2021-05-22 05:54:35.151024'),(1500,226,790,31,81,81,'2021-05-22 05:54:35.152934','2021-05-22 05:54:35.152934'),(1501,226,1037,24,91,91,'2021-05-22 05:54:35.154910','2021-05-22 05:54:35.154910'),(1502,226,1211,25,88,88,'2021-05-22 05:54:35.156901','2021-05-22 05:54:35.156901'),(1503,226,1302,30,84,84,'2021-05-22 05:54:35.158894','2021-05-22 05:54:35.158894'),(1504,227,525,28,87,87,'2021-05-22 05:55:40.986946','2021-05-22 05:55:40.986946'),(1505,227,619,31,78,78,'2021-05-22 05:55:40.990362','2021-05-22 05:55:40.990362'),(1506,227,787,26,95,95,'2021-05-22 05:55:40.992254','2021-05-22 05:55:40.992254'),(1507,227,1035,22,95,95,'2021-05-22 05:55:40.994961','2021-05-22 05:55:40.994961'),(1508,227,1126,23,95,95,'2021-05-22 05:55:40.997286','2021-05-22 05:55:40.997286'),(1509,227,1210,23,90,90,'2021-05-22 05:55:40.999524','2021-05-22 05:55:40.999524'),(1510,227,1299,25,92,92,'2021-05-22 05:55:41.002529','2021-05-22 05:55:41.002529'),(1511,228,528,29,86,86,'2021-05-22 05:56:36.991667','2021-05-22 05:56:36.991667'),(1512,228,618,30,83,83,'2021-05-22 05:56:36.995200','2021-05-22 05:56:36.995200'),(1513,228,701,28,85,85,'2021-05-22 05:56:36.997438','2021-05-22 05:56:36.997438'),(1514,228,786,25,92,92,'2021-05-22 05:56:37.000071','2021-05-22 05:56:37.000071'),(1515,228,1036,25,97,97,'2021-05-22 05:56:37.003387','2021-05-22 05:56:37.003387'),(1516,228,1126,26,91,91,'2021-05-22 05:56:37.016838','2021-05-22 05:56:37.016838'),(1517,228,1209,24,92,92,'2021-05-22 05:56:37.022673','2021-05-22 05:56:37.022673'),(1518,228,1301,26,92,92,'2021-05-22 05:56:37.030646','2021-05-22 05:56:37.030646'),(1519,229,524,23,95,95,'2021-05-22 05:57:02.771482','2021-05-22 05:57:02.771482'),(1520,229,698,23,90,90,'2021-05-22 05:57:02.775400','2021-05-22 05:57:02.775400'),(1521,229,1037,24,93,93,'2021-05-22 05:57:02.777741','2021-05-22 05:57:02.777741'),(1522,229,1211,25,88,88,'2021-05-22 05:57:02.780123','2021-05-22 05:57:02.780123'),(1523,229,1300,26,90,90,'2021-05-22 05:57:02.781898','2021-05-22 05:57:02.781898'),(1524,230,520,24,97,97,'2021-05-22 05:57:32.408663','2021-05-22 05:57:32.408663'),(1525,230,782,23,95,95,'2021-05-22 05:57:32.413461','2021-05-22 05:57:32.413461'),(1526,230,1038,22,97,97,'2021-05-22 05:57:32.415390','2021-05-22 05:57:32.415390'),(1527,230,1215,28,87,87,'2021-05-22 05:57:32.417742','2021-05-22 05:57:32.417742'),(1528,230,1294,24,98,98,'2021-05-22 05:57:32.419397','2021-05-22 05:57:32.419397'),(1529,231,512,15,109,109,'2021-05-22 05:58:15.090486','2021-05-22 05:58:15.090486'),(1530,231,617,29,85,85,'2021-05-22 05:58:15.092992','2021-05-22 05:58:15.092992'),(1531,231,698,28,89,89,'2021-05-22 05:58:15.095310','2021-05-22 05:58:15.095310'),(1532,231,783,26,102,102,'2021-05-22 05:58:15.097160','2021-05-22 05:58:15.097160'),(1533,231,1039,29,94,94,'2021-05-22 05:58:15.099466','2021-05-22 05:58:15.099466'),(1534,231,1129,29,88,88,'2021-05-22 05:58:15.100899','2021-05-22 05:58:15.100899'),(1535,231,1211,25,93,93,'2021-05-22 05:58:15.102445','2021-05-22 05:58:15.102445'),(1536,231,1294,22,101,101,'2021-05-22 05:58:15.104302','2021-05-22 05:58:15.104302'),(1537,232,523,24,96,96,'2021-05-22 05:58:58.966792','2021-05-22 05:58:58.966792'),(1538,232,613,23,98,98,'2021-05-22 05:58:58.969584','2021-05-22 05:58:58.969584'),(1539,232,697,25,90,90,'2021-05-22 05:58:58.971724','2021-05-22 05:58:58.971724'),(1540,232,783,23,99,99,'2021-05-22 05:58:58.973855','2021-05-22 05:58:58.973855'),(1541,232,1033,25,98,98,'2021-05-22 05:58:58.975423','2021-05-22 05:58:58.975423'),(1542,232,1127,29,92,92,'2021-05-22 05:58:58.977349','2021-05-22 05:58:58.977349'),(1543,232,1212,24,93,93,'2021-05-22 05:58:58.978995','2021-05-22 05:58:58.978995'),(1544,232,1295,23,98,98,'2021-05-22 05:58:58.981015','2021-05-22 05:58:58.981015'),(1545,233,523,24,97,97,'2021-05-22 06:00:33.588782','2021-05-22 06:00:33.588782'),(1546,233,618,26,90,90,'2021-05-22 06:00:33.591488','2021-05-22 06:00:33.591488'),(1547,233,695,24,91,91,'2021-05-22 06:00:33.594222','2021-05-22 06:00:33.594222'),(1548,233,782,23,94,94,'2021-05-22 06:00:33.596407','2021-05-22 06:00:33.596407'),(1549,233,1118,20,100,100,'2021-05-22 06:00:33.598801','2021-05-22 06:00:33.598801'),(1550,233,1211,26,90,90,'2021-05-22 06:00:33.600774','2021-05-22 06:00:33.600774'),(1551,233,1293,20,103,103,'2021-05-22 06:00:33.602649','2021-05-22 06:00:33.602649'),(1552,234,522,24,96,96,'2021-05-22 06:01:09.806533','2021-05-22 06:01:09.806533'),(1553,234,614,27,92,92,'2021-05-22 06:01:09.809394','2021-05-22 06:01:09.809394'),(1554,234,697,28,92,92,'2021-05-22 06:01:09.812537','2021-05-22 06:01:09.812537'),(1555,234,787,30,86,86,'2021-05-22 06:01:09.815830','2021-05-22 06:01:09.815830'),(1556,234,1124,25,96,96,'2021-05-22 06:01:09.818736','2021-05-22 06:01:09.818736'),(1557,234,1213,28,90,90,'2021-05-22 06:01:09.821784','2021-05-22 06:01:09.821784'),(1558,234,1298,26,93,93,'2021-05-22 06:01:09.823561','2021-05-22 06:01:09.823561'),(1559,235,515,16,110,110,'2021-05-22 06:02:05.878912','2021-05-22 06:02:05.878912'),(1560,235,604,17,104,104,'2021-05-22 06:02:05.881840','2021-05-22 06:02:05.881840'),(1561,235,786,26,96,96,'2021-05-22 06:02:05.884010','2021-05-22 06:02:05.884010'),(1562,235,1039,28,93,93,'2021-05-22 06:02:05.886409','2021-05-22 06:02:05.886409'),(1563,235,1122,21,97,97,'2021-05-22 06:02:05.888205','2021-05-22 06:02:05.888205'),(1564,235,1209,23,92,92,'2021-05-22 06:02:05.889699','2021-05-22 06:02:05.889699'),(1565,235,1292,24,99,99,'2021-05-22 06:02:05.891538','2021-05-22 06:02:05.891538'),(1566,236,530,30,87,87,'2021-05-22 06:02:29.848559','2021-05-22 06:02:29.848559'),(1567,236,788,29,90,90,'2021-05-22 06:02:29.851331','2021-05-22 06:02:29.851331'),(1568,236,1039,27,95,95,'2021-05-22 06:02:29.853796','2021-05-22 06:02:29.853796'),(1569,236,1120,24,99,99,'2021-05-22 06:02:29.856729','2021-05-22 06:02:29.856729'),(1570,236,1212,26,94,94,'2021-05-22 06:02:29.859663','2021-05-22 06:02:29.859663'),(1571,237,695,24,94,94,'2021-05-22 06:02:59.535832','2021-05-22 06:02:59.535832'),(1572,237,787,25,86,86,'2021-05-22 06:02:59.538890','2021-05-22 06:02:59.538890'),(1573,237,1035,24,98,98,'2021-05-22 06:02:59.541362','2021-05-22 06:02:59.541362'),(1574,237,1121,25,99,99,'2021-05-22 06:02:59.543555','2021-05-22 06:02:59.543555'),(1575,237,1296,25,97,97,'2021-05-22 06:02:59.545470','2021-05-22 06:02:59.545470'),(1576,238,617,29,86,86,'2021-05-22 06:03:25.889849','2021-05-22 06:03:25.889849'),(1577,238,701,27,91,91,'2021-05-22 06:03:25.892354','2021-05-22 06:03:25.892354'),(1578,238,1125,24,98,98,'2021-05-22 06:03:25.894232','2021-05-22 06:03:25.894232'),(1579,238,1210,25,90,90,'2021-05-22 06:03:25.896560','2021-05-22 06:03:25.896560'),(1580,238,1291,22,103,103,'2021-05-22 06:03:25.898602','2021-05-22 06:03:25.898602'),(1581,239,527,29,88,88,'2021-05-22 06:04:05.355702','2021-05-22 06:04:05.355702'),(1582,239,613,26,93,93,'2021-05-22 06:04:05.357609','2021-05-22 06:04:05.357609'),(1583,239,698,25,96,96,'2021-05-22 06:04:05.359604','2021-05-22 06:04:05.359604'),(1584,239,785,22,94,94,'2021-05-22 06:04:05.362119','2021-05-22 06:04:05.362119'),(1585,239,1124,25,91,91,'2021-05-22 06:04:05.363918','2021-05-22 06:04:05.363918'),(1586,239,1211,23,96,96,'2021-05-22 06:04:05.365712','2021-05-22 06:04:05.365712'),(1587,239,1300,25,93,93,'2021-05-22 06:04:05.367352','2021-05-22 06:04:05.367352'),(1588,240,526,24,92,92,'2021-05-22 06:04:45.291952','2021-05-22 06:04:45.291952'),(1589,240,616,27,94,94,'2021-05-22 06:04:45.295202','2021-05-22 06:04:45.295202'),(1590,240,702,28,90,90,'2021-05-22 06:04:45.297763','2021-05-22 06:04:45.297763'),(1591,240,790,30,89,89,'2021-05-22 06:04:45.300409','2021-05-22 06:04:45.300409'),(1592,240,1039,24,96,96,'2021-05-22 06:04:45.301937','2021-05-22 06:04:45.301937'),(1593,240,1206,24,97,97,'2021-05-22 06:04:45.303749','2021-05-22 06:04:45.303749'),(1595,240,1299,28,89,89,'2021-05-22 06:04:45.308132','2021-05-22 06:04:45.308132'),(1596,241,525,25,92,92,'2021-05-22 06:05:19.746574','2021-05-22 06:05:19.746574'),(1597,241,614,24,97,97,'2021-05-22 06:05:19.749776','2021-05-22 06:05:19.749776'),(1598,241,702,27,91,91,'2021-05-22 06:05:19.752602','2021-05-22 06:05:19.752602'),(1599,241,785,27,94,94,'2021-05-22 06:05:19.754589','2021-05-22 06:05:19.754589'),(1600,241,1042,29,86,86,'2021-05-22 06:05:19.756534','2021-05-22 06:05:19.756534'),(1601,241,1205,24,99,99,'2021-05-22 06:05:19.758733','2021-05-22 06:05:19.758733'),(1602,241,1299,27,89,89,'2021-05-22 06:05:19.760911','2021-05-22 06:05:19.760911'),(1603,244,1035,20,95,95,'2021-05-22 06:05:32.892235','2021-05-22 06:05:32.892235'),(1604,244,1264,24,93,93,'2021-05-22 06:05:32.894142','2021-05-22 06:05:32.894142'),(1605,242,524,28,89,89,'2021-05-22 06:06:16.041609','2021-05-22 06:06:16.041609'),(1606,242,614,22,94,94,'2021-05-22 06:06:16.044921','2021-05-22 06:06:16.044921'),(1607,242,697,22,96,96,'2021-05-22 06:06:16.047251','2021-05-22 06:06:16.047251'),(1608,242,781,20,100,100,'2021-05-22 06:06:16.049699','2021-05-22 06:06:16.049699'),(1609,242,1123,22,99,99,'2021-05-22 06:06:16.051440','2021-05-22 06:06:16.051440'),(1611,242,1209,23,91,91,'2021-05-22 06:06:16.055389','2021-05-22 06:06:16.055389'),(1612,242,1291,20,106,106,'2021-05-22 06:06:16.058206','2021-05-22 06:06:16.058206'),(1613,245,582,18,106,106,'2021-05-22 06:06:59.918822','2021-05-22 06:06:59.918822'),(1614,245,682,17,105,105,'2021-05-22 06:06:59.922004','2021-05-22 06:06:59.922004'),(1615,245,779,14,111,111,'2021-05-22 06:06:59.924058','2021-05-22 06:06:59.924058'),(1616,245,1042,25,88,88,'2021-05-22 06:06:59.925765','2021-05-22 06:06:59.925765'),(1617,245,1267,24,87,87,'2021-05-22 06:06:59.927286','2021-05-22 06:06:59.927286'),(1618,246,520,19,102,102,'2021-05-22 06:07:49.357138','2021-05-22 06:07:49.357138'),(1619,246,613,26,91,91,'2021-05-22 06:07:49.359998','2021-05-22 06:07:49.359998'),(1620,246,781,23,101,101,'2021-05-22 06:07:49.362444','2021-05-22 06:07:49.362444'),(1621,246,1034,22,96,96,'2021-05-22 06:07:49.364751','2021-05-22 06:07:49.364751'),(1622,246,1124,25,93,93,'2021-05-22 06:07:49.366297','2021-05-22 06:07:49.366297'),(1623,246,1206,23,101,101,'2021-05-22 06:07:49.367866','2021-05-22 06:07:49.367866'),(1624,246,1296,20,103,103,'2021-05-22 06:07:49.370501','2021-05-22 06:07:49.370501'),(1625,247,525,20,98,98,'2021-05-22 06:08:25.772012','2021-05-22 06:08:25.772012'),(1626,247,614,21,94,94,'2021-05-22 06:08:25.775006','2021-05-22 06:08:25.775006'),(1627,247,782,22,95,95,'2021-05-22 06:08:25.777783','2021-05-22 06:08:25.777783'),(1628,247,1037,22,95,95,'2021-05-22 06:08:25.780536','2021-05-22 06:08:25.780536'),(1629,247,1121,23,95,95,'2021-05-22 06:08:25.782898','2021-05-22 06:08:25.782898'),(1630,247,1212,24,93,93,'2021-05-22 06:08:25.785289','2021-05-22 06:08:25.785289'),(1631,247,1294,20,100,100,'2021-05-22 06:08:25.787537','2021-05-22 06:08:25.787537'),(1632,248,524,26,90,90,'2021-05-22 06:09:00.548689','2021-05-22 06:09:00.548689'),(1633,248,697,27,99,99,'2021-05-22 06:09:00.551785','2021-05-22 06:09:00.551785'),(1634,248,781,20,104,104,'2021-05-22 06:09:00.554212','2021-05-22 06:09:00.554212'),(1635,248,1034,27,95,95,'2021-05-22 06:09:00.556623','2021-05-22 06:09:00.556623'),(1636,248,1122,27,97,97,'2021-05-22 06:09:00.558400','2021-05-22 06:09:00.558400'),(1637,248,1217,26,87,87,'2021-05-22 06:09:00.559968','2021-05-22 06:09:00.559968'),(1638,248,1296,27,94,94,'2021-05-22 06:09:00.561691','2021-05-22 06:09:00.561691'),(1639,249,786,26,92,92,'2021-05-22 06:09:19.761450','2021-05-22 06:09:19.761450'),(1640,249,1030,19,106,106,'2021-05-22 06:09:19.763878','2021-05-22 06:09:19.763878'),(1641,249,1291,16,106,106,'2021-05-22 06:09:19.766377','2021-05-22 06:09:19.766377'),(1642,250,608,21,103,103,'2021-05-22 06:09:48.941102','2021-05-22 06:09:48.941102'),(1643,250,784,24,97,97,'2021-05-22 06:09:48.943661','2021-05-22 06:09:48.943661'),(1644,250,1032,22,99,99,'2021-05-22 06:09:48.946037','2021-05-22 06:09:48.946037'),(1645,250,1117,21,108,108,'2021-05-22 06:09:48.948476','2021-05-22 06:09:48.948476'),(1646,250,1297,27,93,93,'2021-05-22 06:09:48.950368','2021-05-22 06:09:48.950368'),(1647,251,562,28,83,83,'2021-05-22 06:18:06.228722','2021-05-22 06:18:06.228722'),(1648,251,637,24,86,86,'2021-05-22 06:18:06.231247','2021-05-22 06:18:06.231247'),(1649,251,717,29,74,74,'2021-05-22 06:18:06.233262','2021-05-22 06:18:06.233262'),(1650,251,1037,22,99,99,'2021-05-22 06:18:06.235330','2021-05-22 06:18:06.235330'),(1651,251,1132,21,99,99,'2021-05-22 06:18:06.237834','2021-05-22 06:18:06.237834'),(1652,251,1234,22,89,89,'2021-05-22 06:18:06.239599','2021-05-22 06:18:06.239599'),(1653,252,645,32,73,73,'2021-05-22 06:18:27.926787','2021-05-22 06:18:27.926787'),(1654,252,793,31,82,82,'2021-05-22 06:18:27.929763','2021-05-22 06:18:27.929763'),(1655,252,1230,21,95,95,'2021-05-22 06:18:27.932072','2021-05-22 06:18:27.932072'),(1656,253,564,32,78,78,'2021-05-22 06:18:56.044363','2021-05-22 06:18:56.044363'),(1657,253,794,29,76,76,'2021-05-22 06:18:56.053886','2021-05-22 06:18:56.053886'),(1658,253,1039,26,92,92,'2021-05-22 06:18:56.055758','2021-05-22 06:18:56.055758'),(1659,253,1232,23,96,96,'2021-05-22 06:18:56.057902','2021-05-22 06:18:56.057902'),(1660,253,1326,24,101,101,'2021-05-22 06:18:56.063185','2021-05-22 06:18:56.063185'),(1661,320,528,25,94,94,'2021-05-22 06:19:35.560029','2021-05-22 06:19:35.560029'),(1662,320,617,29,86,86,'2021-05-22 06:19:35.565886','2021-05-22 06:19:35.565886'),(1663,320,788,27,91,91,'2021-05-22 06:19:35.568464','2021-05-22 06:19:35.568464'),(1664,320,1040,26,89,89,'2021-05-22 06:19:35.570514','2021-05-22 06:19:35.570514'),(1665,320,1130,31,84,84,'2021-05-22 06:19:35.572121','2021-05-22 06:19:35.572121'),(1666,320,1212,29,88,88,'2021-05-22 06:19:35.574705','2021-05-22 06:19:35.574705'),(1667,320,1299,26,87,87,'2021-05-22 06:19:35.576299','2021-05-22 06:19:35.576299'),(1668,254,528,29,84,84,'2021-05-22 06:20:18.422034','2021-05-22 06:20:18.422034'),(1669,254,619,30,83,83,'2021-05-22 06:20:18.424690','2021-05-22 06:20:18.424690'),(1670,254,692,24,97,97,'2021-05-22 06:20:18.426691','2021-05-22 06:20:18.426691'),(1671,254,788,25,93,93,'2021-05-22 06:20:18.429003','2021-05-22 06:20:18.429003'),(1672,254,1036,27,90,90,'2021-05-22 06:20:18.431527','2021-05-22 06:20:18.431527'),(1673,254,1124,27,91,91,'2021-05-22 06:20:18.433645','2021-05-22 06:20:18.433645'),(1674,254,1216,26,90,90,'2021-05-22 06:20:18.435740','2021-05-22 06:20:18.435740'),(1675,254,1305,30,87,87,'2021-05-22 06:20:18.437906','2021-05-22 06:20:18.437906'),(1676,255,526,25,93,93,'2021-05-22 06:21:05.218443','2021-05-22 06:21:05.218443'),(1677,255,617,27,88,88,'2021-05-22 06:21:05.221718','2021-05-22 06:21:05.221718'),(1678,255,698,26,90,90,'2021-05-22 06:21:05.224390','2021-05-22 06:21:05.224390'),(1679,255,786,28,94,94,'2021-05-22 06:21:05.226510','2021-05-22 06:21:05.226510'),(1680,255,1038,26,91,91,'2021-05-22 06:21:05.228403','2021-05-22 06:21:05.228403'),(1681,255,1127,26,93,93,'2021-05-22 06:21:05.230708','2021-05-22 06:21:05.230708'),(1682,255,1212,23,98,98,'2021-05-22 06:21:05.233232','2021-05-22 06:21:05.233232'),(1683,255,1297,25,97,97,'2021-05-22 06:21:05.235364','2021-05-22 06:21:05.235364'),(1684,256,524,29,91,91,'2021-05-22 06:21:47.308693','2021-05-22 06:21:47.308693'),(1685,256,618,28,86,86,'2021-05-22 06:21:47.311749','2021-05-22 06:21:47.311749'),(1686,256,702,25,84,84,'2021-05-22 06:21:47.313847','2021-05-22 06:21:47.313847'),(1687,256,787,25,90,90,'2021-05-22 06:21:47.316154','2021-05-22 06:21:47.316154'),(1688,256,1037,25,89,89,'2021-05-22 06:21:47.317985','2021-05-22 06:21:47.317985'),(1689,256,1127,27,87,87,'2021-05-22 06:21:47.320397','2021-05-22 06:21:47.320397'),(1690,256,1211,25,92,92,'2021-05-22 06:21:47.322075','2021-05-22 06:21:47.322075'),(1691,256,1297,20,94,94,'2021-05-22 06:21:47.324801','2021-05-22 06:21:47.324801'),(1692,262,620,28,86,86,'2021-05-22 06:22:15.314328','2021-05-22 06:22:15.314328'),(1693,262,1213,24,91,91,'2021-05-22 06:22:15.317236','2021-05-22 06:22:15.317236'),(1694,262,1303,27,88,88,'2021-05-22 06:22:15.319596','2021-05-22 06:22:15.319596'),(1695,257,527,21,90,90,'2021-05-22 06:22:50.859103','2021-05-22 06:22:50.859103'),(1696,257,617,20,91,91,'2021-05-22 06:22:50.861585','2021-05-22 06:22:50.861585'),(1697,257,702,20,99,99,'2021-05-22 06:22:50.863587','2021-05-22 06:22:50.863587'),(1698,257,785,20,98,98,'2021-05-22 06:22:50.865639','2021-05-22 06:22:50.865639'),(1699,257,1041,26,87,87,'2021-05-22 06:22:50.867740','2021-05-22 06:22:50.867740'),(1700,257,1126,28,92,92,'2021-05-22 06:22:50.870126','2021-05-22 06:22:50.870126'),(1701,257,1209,21,100,100,'2021-05-22 06:22:50.875711','2021-05-22 06:22:50.875711'),(1702,257,1294,22,102,102,'2021-05-22 06:22:50.878828','2021-05-22 06:22:50.878828'),(1703,258,525,23,90,90,'2021-05-22 06:23:34.429011','2021-05-22 06:23:34.429011'),(1704,258,615,24,89,89,'2021-05-22 06:23:34.432318','2021-05-22 06:23:34.432318'),(1705,258,699,24,89,89,'2021-05-22 06:23:34.434478','2021-05-22 06:23:34.434478'),(1706,258,786,24,96,96,'2021-05-22 06:23:34.436660','2021-05-22 06:23:34.436660'),(1707,258,1038,25,94,94,'2021-05-22 06:23:34.438440','2021-05-22 06:23:34.438440'),(1708,258,1125,25,97,97,'2021-05-22 06:23:34.440651','2021-05-22 06:23:34.440651'),(1709,258,1201,18,107,107,'2021-05-22 06:23:34.442264','2021-05-22 06:23:34.442264'),(1710,258,1296,25,96,96,'2021-05-22 06:23:34.444234','2021-05-22 06:23:34.444234'),(1711,259,520,18,105,105,'2021-05-22 06:24:08.841738','2021-05-22 06:24:08.841738'),(1712,259,783,16,102,102,'2021-05-22 06:24:08.844608','2021-05-22 06:24:08.844608'),(1713,259,1039,24,92,92,'2021-05-22 06:24:08.846973','2021-05-22 06:24:08.846973'),(1714,259,1126,24,94,94,'2021-05-22 06:24:08.849409','2021-05-22 06:24:08.849409'),(1715,259,1210,24,97,97,'2021-05-22 06:24:08.850889','2021-05-22 06:24:08.850889'),(1716,259,1298,24,93,93,'2021-05-22 06:24:08.852938','2021-05-22 06:24:08.852938'),(1717,260,522,24,97,97,'2021-05-22 06:24:38.430233','2021-05-22 06:24:38.430233'),(1718,260,784,22,92,92,'2021-05-22 06:24:38.432802','2021-05-22 06:24:38.432802'),(1719,260,1040,23,97,97,'2021-05-22 06:24:38.434794','2021-05-22 06:24:38.434794'),(1720,260,1128,26,92,92,'2021-05-22 06:24:38.436481','2021-05-22 06:24:38.436481'),(1721,260,1206,26,100,100,'2021-05-22 06:24:38.438055','2021-05-22 06:24:38.438055'),(1722,260,1298,27,91,91,'2021-05-22 06:24:38.440026','2021-05-22 06:24:38.440026'),(1723,261,614,25,91,91,'2021-05-22 06:25:03.780562','2021-05-22 06:25:03.780562'),(1724,261,695,26,95,95,'2021-05-22 06:25:03.783894','2021-05-22 06:25:03.783894'),(1725,261,790,25,89,89,'2021-05-22 06:25:03.785723','2021-05-22 06:25:03.785723'),(1726,261,1120,20,102,102,'2021-05-22 06:25:03.787980','2021-05-22 06:25:03.787980'),(1727,261,1296,24,95,95,'2021-05-22 06:25:03.790047','2021-05-22 06:25:03.790047'),(1728,314,522,22,99,99,'2021-05-22 06:26:08.911210','2021-05-22 06:26:08.911210'),(1729,314,613,26,95,95,'2021-05-22 06:26:08.913475','2021-05-22 06:26:08.913475'),(1730,314,698,25,93,93,'2021-05-22 06:26:08.915679','2021-05-22 06:26:08.915679'),(1731,314,783,22,98,98,'2021-05-22 06:26:08.918101','2021-05-22 06:26:08.918101'),(1732,314,1037,23,92,92,'2021-05-22 06:26:08.920194','2021-05-22 06:26:08.920194'),(1733,314,1211,24,91,91,'2021-05-22 06:26:08.921820','2021-05-22 06:26:08.921820'),(1734,314,1297,24,89,89,'2021-05-22 06:26:08.923752','2021-05-22 06:26:08.923752'),(1735,263,539,23,96,96,'2021-05-22 06:26:32.070420','2021-05-22 06:26:32.070420'),(1736,263,622,23,99,99,'2021-05-22 06:26:32.072931','2021-05-22 06:26:32.072931'),(1737,263,1034,21,98,98,'2021-05-22 06:26:32.076121','2021-05-22 06:26:32.076121'),(1738,263,1134,27,88,88,'2021-05-22 06:26:32.078397','2021-05-22 06:26:32.078397'),(1739,263,1220,21,97,97,'2021-05-22 06:26:32.079972','2021-05-22 06:26:32.079972'),(1740,264,544,27,88,88,'2021-05-22 06:27:01.135621','2021-05-22 06:27:01.135621'),(1741,264,627,24,91,91,'2021-05-22 06:27:01.138955','2021-05-22 06:27:01.138955'),(1742,264,708,26,88,88,'2021-05-22 06:27:01.141855','2021-05-22 06:27:01.141855'),(1743,264,788,19,98,98,'2021-05-22 06:27:01.144229','2021-05-22 06:27:01.144229'),(1744,264,1038,22,94,94,'2021-05-22 06:27:01.146448','2021-05-22 06:27:01.146448'),(1745,264,1124,20,105,105,'2021-05-22 06:27:01.147845','2021-05-22 06:27:01.147845'),(1746,264,1221,20,98,98,'2021-05-22 06:27:01.149486','2021-05-22 06:27:01.149486'),(1747,265,531,29,87,87,'2021-05-22 06:27:38.070042','2021-05-22 06:27:38.070042'),(1748,265,619,32,81,81,'2021-05-22 06:27:38.072437','2021-05-22 06:27:38.072437'),(1749,265,705,30,88,88,'2021-05-22 06:27:38.074185','2021-05-22 06:27:38.074185'),(1750,265,785,23,97,97,'2021-05-22 06:27:38.076154','2021-05-22 06:27:38.076154'),(1751,265,1040,28,88,88,'2021-05-22 06:27:38.078433','2021-05-22 06:27:38.078433'),(1752,265,1121,21,96,96,'2021-05-22 06:27:38.080726','2021-05-22 06:27:38.080726'),(1753,265,1210,23,95,95,'2021-05-22 06:27:38.083001','2021-05-22 06:27:38.083001'),(1754,265,1299,27,94,94,'2021-05-22 06:27:38.084895','2021-05-22 06:27:38.084895'),(1755,266,530,28,87,87,'2021-05-22 06:32:34.512261','2021-05-22 06:32:34.512261'),(1756,266,612,19,96,96,'2021-05-22 06:32:34.515095','2021-05-22 06:32:34.515095'),(1757,266,699,23,90,90,'2021-05-22 06:32:34.519008','2021-05-22 06:32:34.519008'),(1758,266,787,24,93,93,'2021-05-22 06:32:34.521164','2021-05-22 06:32:34.521164'),(1759,266,1039,21,95,95,'2021-05-22 06:32:34.523236','2021-05-22 06:32:34.523236'),(1760,266,1132,23,85,85,'2021-05-22 06:32:34.525309','2021-05-22 06:32:34.525309'),(1761,266,1210,23,91,91,'2021-05-22 06:32:34.526754','2021-05-22 06:32:34.526754'),(1762,266,1299,26,88,88,'2021-05-22 06:32:34.528821','2021-05-22 06:32:34.528821'),(1763,267,530,28,91,91,'2021-05-22 06:33:03.846073','2021-05-22 06:33:03.846073'),(1764,267,621,24,90,90,'2021-05-22 06:33:03.848877','2021-05-22 06:33:03.848877'),(1765,267,704,21,90,90,'2021-05-22 06:33:03.851215','2021-05-22 06:33:03.851215'),(1766,267,792,28,87,87,'2021-05-22 06:33:03.853500','2021-05-22 06:33:03.853500'),(1767,267,1044,25,87,87,'2021-05-22 06:33:03.855262','2021-05-22 06:33:03.855262'),(1768,267,1123,25,91,91,'2021-05-22 06:33:03.857876','2021-05-22 06:33:03.857876'),(1769,267,1212,24,89,89,'2021-05-22 06:33:03.860152','2021-05-22 06:33:03.860152'),(1770,267,1303,26,91,91,'2021-05-22 06:33:03.861874','2021-05-22 06:33:03.861874'),(1771,268,529,27,89,89,'2021-05-22 06:33:25.434257','2021-05-22 06:33:25.434257'),(1772,268,616,27,88,88,'2021-05-22 06:33:25.437407','2021-05-22 06:33:25.437407'),(1773,268,701,25,88,88,'2021-05-22 06:33:25.439740','2021-05-22 06:33:25.439740'),(1774,268,786,22,94,94,'2021-05-22 06:33:25.442277','2021-05-22 06:33:25.442277'),(1775,268,1126,27,90,90,'2021-05-22 06:33:25.444480','2021-05-22 06:33:25.444480'),(1776,268,1210,26,94,94,'2021-05-22 06:33:25.445819','2021-05-22 06:33:25.445819'),(1777,268,1297,22,96,96,'2021-05-22 06:33:25.447207','2021-05-22 06:33:25.447207'),(1778,269,535,31,86,86,'2021-05-22 06:33:55.453006','2021-05-22 06:33:55.453006'),(1779,269,615,25,91,91,'2021-05-22 06:33:55.455342','2021-05-22 06:33:55.455342'),(1780,269,703,21,96,96,'2021-05-22 06:33:55.458095','2021-05-22 06:33:55.458095'),(1781,269,786,24,100,100,'2021-05-22 06:33:55.460106','2021-05-22 06:33:55.460106'),(1782,269,1039,22,91,91,'2021-05-22 06:33:55.462126','2021-05-22 06:33:55.462126'),(1783,269,1124,24,88,88,'2021-05-22 06:33:55.463538','2021-05-22 06:33:55.463538'),(1784,269,1216,23,91,91,'2021-05-22 06:33:55.465653','2021-05-22 06:33:55.465653'),(1785,269,1306,25,91,91,'2021-05-22 06:33:55.467539','2021-05-22 06:33:55.467539'),(1786,270,530,26,96,96,'2021-05-22 06:34:21.570619','2021-05-22 06:34:21.570619'),(1787,270,616,27,93,93,'2021-05-22 06:34:21.572779','2021-05-22 06:34:21.572779'),(1788,270,700,25,94,94,'2021-05-22 06:34:21.575198','2021-05-22 06:34:21.575198'),(1789,270,789,23,100,100,'2021-05-22 06:34:21.577000','2021-05-22 06:34:21.577000'),(1790,270,1044,24,91,91,'2021-05-22 06:34:21.578593','2021-05-22 06:34:21.578593'),(1791,270,1124,30,94,94,'2021-05-22 06:34:21.580359','2021-05-22 06:34:21.580359'),(1792,270,1298,27,96,96,'2021-05-22 06:34:21.583504','2021-05-22 06:34:21.583504'),(1793,271,530,27,93,93,'2021-05-22 06:34:49.312404','2021-05-22 06:34:49.312404'),(1794,271,618,21,91,91,'2021-05-22 06:34:49.315207','2021-05-22 06:34:49.315207'),(1795,271,701,23,93,93,'2021-05-22 06:34:49.317574','2021-05-22 06:34:49.317574'),(1796,271,788,24,97,97,'2021-05-22 06:34:49.319403','2021-05-22 06:34:49.319403'),(1797,271,1034,20,104,104,'2021-05-22 06:34:49.321019','2021-05-22 06:34:49.321019'),(1798,271,1126,25,98,98,'2021-05-22 06:34:49.323822','2021-05-22 06:34:49.323822'),(1799,271,1301,21,97,97,'2021-05-22 06:34:49.326326','2021-05-22 06:34:49.326326'),(1800,272,520,21,99,99,'2021-05-22 06:36:09.195765','2021-05-22 06:36:09.195765'),(1801,272,617,26,87,87,'2021-05-22 06:36:09.198844','2021-05-22 06:36:09.198844'),(1802,272,705,27,84,84,'2021-05-22 06:36:09.201061','2021-05-22 06:36:09.201061'),(1803,272,788,27,84,84,'2021-05-22 06:36:09.203278','2021-05-22 06:36:09.203278'),(1804,272,1039,23,87,87,'2021-05-22 06:36:09.204848','2021-05-22 06:36:09.204848'),(1805,272,1126,29,81,81,'2021-05-22 06:36:09.206735','2021-05-22 06:36:09.206735'),(1806,272,1212,30,77,77,'2021-05-22 06:36:09.208855','2021-05-22 06:36:09.208855'),(1807,272,1298,27,80,80,'2021-05-22 06:36:09.210702','2021-05-22 06:36:09.210702'),(1808,273,515,26,84,84,'2021-05-22 06:36:50.962186','2021-05-22 06:36:50.962186'),(1809,273,610,31,78,78,'2021-05-22 06:36:50.964234','2021-05-22 06:36:50.964234'),(1810,273,700,28,83,83,'2021-05-22 06:36:50.966603','2021-05-22 06:36:50.966603'),(1811,273,793,29,78,78,'2021-05-22 06:36:50.968335','2021-05-22 06:36:50.968335'),(1812,273,1046,31,77,77,'2021-05-22 06:36:50.970400','2021-05-22 06:36:50.970400'),(1813,273,1128,32,76,76,'2021-05-22 06:36:50.971881','2021-05-22 06:36:50.971881'),(1814,273,1203,26,88,88,'2021-05-22 06:36:50.974437','2021-05-22 06:36:50.974437'),(1815,274,492,21,102,102,'2021-05-22 06:37:44.023944','2021-05-22 06:37:44.023944'),(1816,274,596,26,88,88,'2021-05-22 06:37:44.026279','2021-05-22 06:37:44.026279'),(1817,274,689,26,96,96,'2021-05-22 06:37:44.029233','2021-05-22 06:37:44.029233'),(1818,274,785,26,95,95,'2021-05-22 06:37:44.031100','2021-05-22 06:37:44.031100'),(1819,274,1043,30,82,82,'2021-05-22 06:37:44.033162','2021-05-22 06:37:44.033162'),(1820,274,1123,31,79,79,'2021-05-22 06:37:44.035424','2021-05-22 06:37:44.035424'),(1822,275,482,17,112,112,'2021-05-22 06:38:18.628007','2021-05-22 06:38:18.628007'),(1823,275,587,20,106,106,'2021-05-22 06:38:18.630536','2021-05-22 06:38:18.630536'),(1824,275,682,18,109,109,'2021-05-22 06:38:18.632914','2021-05-22 06:38:18.632914'),(1825,275,779,17,111,111,'2021-05-22 06:38:18.635068','2021-05-22 06:38:18.635068'),(1826,275,1111,21,101,101,'2021-05-22 06:38:18.637134','2021-05-22 06:38:18.637134'),(1827,275,1191,28,92,92,'2021-05-22 06:38:18.638859','2021-05-22 06:38:18.638859'),(1828,275,1271,32,81,81,'2021-05-22 06:38:18.641279','2021-05-22 06:38:18.641279'),(1829,315,555,25,95,95,'2021-05-22 06:39:07.152156','2021-05-22 06:39:07.152156'),(1830,315,643,35,79,79,'2021-05-22 06:39:07.154798','2021-05-22 06:39:07.154798'),(1831,315,713,30,84,84,'2021-05-22 06:39:07.156768','2021-05-22 06:39:07.156768'),(1832,315,793,31,83,83,'2021-05-22 06:39:07.159840','2021-05-22 06:39:07.159840'),(1834,315,1027,17,114,114,'2021-05-22 06:39:07.164332','2021-05-22 06:39:07.164332'),(1835,315,1218,16,111,111,'2021-05-22 06:39:07.166498','2021-05-22 06:39:07.166498'),(1836,315,1325,21,101,101,'2021-05-22 06:39:07.168767','2021-05-22 06:39:07.168767'),(1837,276,486,21,102,102,'2021-05-22 06:39:45.815714','2021-05-22 06:39:45.815714'),(1838,276,588,23,101,101,'2021-05-22 06:39:45.819789','2021-05-22 06:39:45.819789'),(1839,276,690,23,97,97,'2021-05-22 06:39:45.822156','2021-05-22 06:39:45.822156'),(1840,276,779,20,106,106,'2021-05-22 06:39:45.824435','2021-05-22 06:39:45.824435'),(1841,276,1195,35,82,82,'2021-05-22 06:39:45.827247','2021-05-22 06:39:45.827247'),(1842,276,1272,31,84,84,'2021-05-22 06:39:45.828887','2021-05-22 06:39:45.828887'),(1843,277,685,23,97,97,'2021-05-22 06:40:15.414005','2021-05-22 06:40:15.414005'),(1844,277,779,22,100,100,'2021-05-22 06:40:15.416778','2021-05-22 06:40:15.416778'),(1845,277,1036,28,90,90,'2021-05-22 06:40:15.418786','2021-05-22 06:40:15.418786'),(1846,277,1186,23,96,96,'2021-05-22 06:40:15.420948','2021-05-22 06:40:15.420948'),(1847,277,1272,31,82,82,'2021-05-22 06:40:15.422738','2021-05-22 06:40:15.422738'),(1848,278,780,13,112,112,'2021-05-22 06:40:37.860622','2021-05-22 06:40:37.860622'),(1849,278,1116,31,86,86,'2021-05-22 06:40:37.864231','2021-05-22 06:40:37.864231'),(1850,278,1188,29,87,87,'2021-05-22 06:40:37.866517','2021-05-22 06:40:37.866517'),(1851,278,1268,31,83,83,'2021-05-22 06:40:37.868901','2021-05-22 06:40:37.868901'),(1852,279,477,17,117,117,'2021-05-22 06:41:06.262950','2021-05-22 06:41:06.262950'),(1853,279,583,19,112,112,'2021-05-22 06:41:06.265804','2021-05-22 06:41:06.265804'),(1854,279,778,15,109,109,'2021-05-22 06:41:06.268228','2021-05-22 06:41:06.268228'),(1855,279,1113,28,90,90,'2021-05-22 06:41:06.270169','2021-05-22 06:41:06.270169'),(1856,279,1261,23,93,93,'2021-05-22 06:41:06.272538','2021-05-22 06:41:06.272538'),(1857,280,522,25,95,95,'2021-05-22 06:41:46.959856','2021-05-22 06:41:46.959856'),(1858,280,616,28,90,90,'2021-05-22 06:41:46.962975','2021-05-22 06:41:46.962975'),(1859,280,698,23,97,97,'2021-05-22 06:41:46.969560','2021-05-22 06:41:46.969560'),(1860,280,782,23,99,99,'2021-05-22 06:41:46.971857','2021-05-22 06:41:46.971857'),(1861,280,1041,30,88,88,'2021-05-22 06:41:46.974914','2021-05-22 06:41:46.974914'),(1862,280,1119,28,95,95,'2021-05-22 06:41:46.977249','2021-05-22 06:41:46.977249'),(1863,280,1214,28,90,90,'2021-05-22 06:41:46.979721','2021-05-22 06:41:46.979721'),(1864,280,1300,29,92,92,'2021-05-22 06:41:46.982587','2021-05-22 06:41:46.982587'),(1865,281,521,26,100,100,'2021-05-22 06:42:27.688026','2021-05-22 06:42:27.688026'),(1866,281,613,27,94,94,'2021-05-22 06:42:27.690526','2021-05-22 06:42:27.690526'),(1867,281,696,29,95,95,'2021-05-22 06:42:27.692529','2021-05-22 06:42:27.692529'),(1868,281,783,25,99,99,'2021-05-22 06:42:27.695016','2021-05-22 06:42:27.695016'),(1869,281,1039,31,87,87,'2021-05-22 06:42:27.697332','2021-05-22 06:42:27.697332'),(1870,281,1125,29,88,88,'2021-05-22 06:42:27.699090','2021-05-22 06:42:27.699090'),(1871,281,1213,29,89,89,'2021-05-22 06:42:27.700609','2021-05-22 06:42:27.700609'),(1872,281,1299,29,91,91,'2021-05-22 06:42:27.702724','2021-05-22 06:42:27.702724'),(1873,282,529,30,92,92,'2021-05-22 06:43:41.920761','2021-05-22 06:43:41.920761'),(1874,282,615,27,90,90,'2021-05-22 06:43:41.922848','2021-05-22 06:43:41.922848'),(1875,282,699,24,95,95,'2021-05-22 06:43:41.925323','2021-05-22 06:43:41.925323'),(1876,282,783,25,97,97,'2021-05-22 06:43:41.927452','2021-05-22 06:43:41.927452'),(1877,282,1037,26,88,88,'2021-05-22 06:43:41.929172','2021-05-22 06:43:41.929172'),(1878,282,1128,24,89,89,'2021-05-22 06:43:41.930786','2021-05-22 06:43:41.930786'),(1879,282,1211,23,90,90,'2021-05-22 06:43:41.932572','2021-05-22 06:43:41.932572'),(1880,282,1299,22,94,94,'2021-05-22 06:43:41.934280','2021-05-22 06:43:41.934280'),(1881,283,522,23,98,98,'2021-05-22 06:44:24.310392','2021-05-22 06:44:24.310392'),(1882,283,612,23,97,97,'2021-05-22 06:44:24.313213','2021-05-22 06:44:24.313213'),(1883,283,702,27,89,89,'2021-05-22 06:44:24.315831','2021-05-22 06:44:24.315831'),(1884,283,784,22,94,94,'2021-05-22 06:44:24.317925','2021-05-22 06:44:24.317925'),(1885,283,1040,28,89,89,'2021-05-22 06:44:24.319892','2021-05-22 06:44:24.319892'),(1886,283,1127,31,88,88,'2021-05-22 06:44:24.322479','2021-05-22 06:44:24.322479'),(1887,283,1214,32,87,87,'2021-05-22 06:44:24.324997','2021-05-22 06:44:24.324997'),(1888,283,1300,36,85,85,'2021-05-22 06:44:24.326938','2021-05-22 06:44:24.326938'),(1889,284,524,23,98,98,'2021-05-22 06:44:54.927089','2021-05-22 06:44:54.927089'),(1890,284,616,28,97,97,'2021-05-22 06:44:54.931849','2021-05-22 06:44:54.931849'),(1891,284,782,17,105,105,'2021-05-22 06:44:54.934826','2021-05-22 06:44:54.934826'),(1892,284,1037,21,96,96,'2021-05-22 06:44:54.937188','2021-05-22 06:44:54.937188'),(1893,284,1120,24,97,97,'2021-05-22 06:44:54.939310','2021-05-22 06:44:54.939310'),(1894,284,1299,22,97,97,'2021-05-22 06:44:54.942402','2021-05-22 06:44:54.942402'),(1895,285,524,23,98,98,'2021-05-22 06:45:19.988764','2021-05-22 06:45:19.988764'),(1896,285,609,16,106,106,'2021-05-22 06:45:19.991019','2021-05-22 06:45:19.991019'),(1897,285,1032,23,101,101,'2021-05-22 06:45:19.993211','2021-05-22 06:45:19.993211'),(1898,285,1121,22,97,97,'2021-05-22 06:45:19.995915','2021-05-22 06:45:19.995915'),(1899,285,1290,19,106,106,'2021-05-22 06:45:19.998744','2021-05-22 06:45:19.998744'),(1900,286,699,26,95,95,'2021-05-22 06:45:45.258924','2021-05-22 06:45:45.258924'),(1901,286,1035,21,98,98,'2021-05-22 06:45:45.261849','2021-05-22 06:45:45.261849'),(1902,286,1124,23,96,96,'2021-05-22 06:45:45.264077','2021-05-22 06:45:45.264077'),(1903,286,1215,27,92,92,'2021-05-22 06:45:45.266325','2021-05-22 06:45:45.266325'),(1904,286,1296,25,89,89,'2021-05-22 06:45:45.268155','2021-05-22 06:45:45.268155'),(1905,287,612,26,92,92,'2021-05-22 06:46:20.059430','2021-05-22 06:46:20.059430'),(1906,287,703,29,87,87,'2021-05-22 06:46:20.062159','2021-05-22 06:46:20.062159'),(1907,287,790,30,84,84,'2021-05-22 06:46:20.064639','2021-05-22 06:46:20.064639'),(1908,287,1123,28,91,91,'2021-05-22 06:46:20.066585','2021-05-22 06:46:20.066585'),(1909,287,1212,23,93,93,'2021-05-22 06:46:20.068755','2021-05-22 06:46:20.068755'),(1910,287,1299,27,93,93,'2021-05-22 06:46:20.070233','2021-05-22 06:46:20.070233'),(1911,288,560,27,86,86,'2021-05-22 06:46:55.326382','2021-05-22 06:46:55.326382'),(1912,288,639,28,85,85,'2021-05-22 06:46:55.328929','2021-05-22 06:46:55.328929'),(1913,288,715,30,79,79,'2021-05-22 06:46:55.330962','2021-05-22 06:46:55.330962'),(1914,288,788,27,89,89,'2021-05-22 06:46:55.332882','2021-05-22 06:46:55.332882'),(1915,288,1036,22,103,103,'2021-05-22 06:46:55.334350','2021-05-22 06:46:55.334350'),(1916,288,1221,18,112,112,'2021-05-22 06:46:55.336061','2021-05-22 06:46:55.336061'),(1917,288,1321,17,110,110,'2021-05-22 06:46:55.338618','2021-05-22 06:46:55.338618'),(1918,289,1317,15,118,118,'2021-05-22 06:47:33.303605','2021-05-22 06:47:33.303605'),(1919,289,1026,5,119,119,'2021-05-22 06:47:33.306626','2021-05-22 06:47:33.306626'),(1920,289,784,18,99,99,'2021-05-22 06:47:33.308676','2021-05-22 06:47:33.308676'),(1921,289,711,17,97,97,'2021-05-22 06:47:33.310972','2021-05-22 06:47:33.310972'),(1922,289,637,20,94,94,'2021-05-22 06:47:33.312418','2021-05-22 06:47:33.312418'),(1923,289,557,25,92,92,'2021-05-22 06:47:33.313955','2021-05-22 06:47:33.313955'),(1924,290,530,27,91,91,'2021-05-22 06:48:19.401704','2021-05-22 06:48:19.401704'),(1925,290,611,26,92,92,'2021-05-22 06:48:19.404058','2021-05-22 06:48:19.404058'),(1926,290,701,24,92,92,'2021-05-22 06:48:19.406280','2021-05-22 06:48:19.406280'),(1927,290,784,29,95,95,'2021-05-22 06:48:19.408353','2021-05-22 06:48:19.408353'),(1928,290,1039,30,91,91,'2021-05-22 06:48:19.410225','2021-05-22 06:48:19.410225'),(1929,290,1126,27,89,89,'2021-05-22 06:48:19.412101','2021-05-22 06:48:19.412101'),(1932,290,1214,26,95,95,'2021-05-22 06:48:19.419202','2021-05-22 06:48:19.419202'),(1933,290,1301,28,94,94,'2021-05-22 06:48:19.421815','2021-05-22 06:48:19.421815'),(1934,291,520,16,101,101,'2021-05-22 06:49:44.757325','2021-05-22 06:49:44.757325'),(1935,291,613,21,94,94,'2021-05-22 06:49:44.759448','2021-05-22 06:49:44.759448'),(1936,291,702,23,93,93,'2021-05-22 06:49:44.762089','2021-05-22 06:49:44.762089'),(1937,291,783,19,99,99,'2021-05-22 06:49:44.764230','2021-05-22 06:49:44.764230'),(1938,291,1127,20,98,98,'2021-05-22 06:49:44.766176','2021-05-22 06:49:44.766176'),(1939,291,1208,24,95,95,'2021-05-22 06:49:44.767983','2021-05-22 06:49:44.767983'),(1940,291,1298,20,100,100,'2021-05-22 06:49:44.769526','2021-05-22 06:49:44.769526'),(1941,292,526,26,94,94,'2021-05-22 06:50:21.227119','2021-05-22 06:50:21.227119'),(1942,292,613,23,93,93,'2021-05-22 06:50:21.229565','2021-05-22 06:50:21.229565'),(1943,292,700,26,93,93,'2021-05-22 06:50:21.231528','2021-05-22 06:50:21.231528'),(1945,292,1121,19,99,99,'2021-05-22 06:50:21.236367','2021-05-22 06:50:21.236367'),(1947,292,1208,20,95,95,'2021-05-22 06:50:21.240236','2021-05-22 06:50:21.240236'),(1948,292,1297,21,95,95,'2021-05-22 06:50:21.241746','2021-05-22 06:50:21.241746'),(1949,293,531,33,86,86,'2021-05-22 06:50:59.403597','2021-05-22 06:50:59.403597'),(1950,293,619,31,86,86,'2021-05-22 06:50:59.406896','2021-05-22 06:50:59.406896'),(1951,293,693,16,104,104,'2021-05-22 06:50:59.408874','2021-05-22 06:50:59.408874'),(1952,293,1040,25,90,90,'2021-05-22 06:50:59.411245','2021-05-22 06:50:59.411245'),(1953,293,1123,27,90,90,'2021-05-22 06:50:59.413116','2021-05-22 06:50:59.413116'),(1954,293,1212,26,92,92,'2021-05-22 06:50:59.414438','2021-05-22 06:50:59.414438'),(1956,293,1301,27,100,100,'2021-05-22 06:50:59.418063','2021-05-22 06:50:59.418063'),(1957,294,521,24,100,100,'2021-05-22 06:51:41.716363','2021-05-22 06:51:41.716363'),(1958,294,700,26,93,93,'2021-05-22 06:51:41.718676','2021-05-22 06:51:41.718676'),(1959,294,788,25,96,96,'2021-05-22 06:51:41.721627','2021-05-22 06:51:41.721627'),(1960,294,1033,23,97,97,'2021-05-22 06:51:41.724791','2021-05-22 06:51:41.724791'),(1961,294,1130,28,89,89,'2021-05-22 06:51:41.727613','2021-05-22 06:51:41.727613'),(1963,294,1214,28,91,91,'2021-05-22 06:51:41.731490','2021-05-22 06:51:41.731490'),(1965,294,1298,25,100,100,'2021-05-22 06:51:41.735927','2021-05-22 06:51:41.735927'),(1966,295,558,29,87,87,'2021-05-22 06:52:14.961414','2021-05-22 06:52:14.961414'),(1967,295,713,24,89,89,'2021-05-22 06:52:14.964386','2021-05-22 06:52:14.964386'),(1968,295,791,27,87,87,'2021-05-22 06:52:14.966236','2021-05-22 06:52:14.966236'),(1969,295,1030,12,113,113,'2021-05-22 06:52:14.967881','2021-05-22 06:52:14.967881'),(1970,295,1324,19,103,103,'2021-05-22 06:52:14.969407','2021-05-22 06:52:14.969407'),(1972,296,555,24,102,102,'2021-05-22 06:52:56.873184','2021-05-22 06:52:56.873184'),(1973,296,637,27,90,90,'2021-05-22 06:52:56.876505','2021-05-22 06:52:56.876505'),(1974,296,786,26,95,95,'2021-05-22 06:52:56.878728','2021-05-22 06:52:56.878728'),(1975,296,1027,15,113,113,'2021-05-22 06:52:56.880696','2021-05-22 06:52:56.880696'),(1976,296,1137,21,99,99,'2021-05-22 06:52:56.883469','2021-05-22 06:52:56.883469'),(1977,296,1232,23,103,103,'2021-05-22 06:52:56.885652','2021-05-22 06:52:56.885652'),(1978,296,1332,24,97,97,'2021-05-22 06:52:56.887715','2021-05-22 06:52:56.887715'),(1979,297,518,23,101,101,'2021-05-22 06:53:46.447502','2021-05-22 06:53:46.447502'),(1980,297,615,26,93,93,'2021-05-22 06:53:46.449615','2021-05-22 06:53:46.449615'),(1981,297,781,27,95,95,'2021-05-22 06:53:46.452272','2021-05-22 06:53:46.452272'),(1982,297,1031,26,97,97,'2021-05-22 06:53:46.453958','2021-05-22 06:53:46.453958'),(1983,297,1121,26,94,94,'2021-05-22 06:53:46.456199','2021-05-22 06:53:46.456199'),(1984,297,1214,29,92,92,'2021-05-22 06:53:46.457725','2021-05-22 06:53:46.457725'),(1985,297,1300,25,95,95,'2021-05-22 06:53:46.459908','2021-05-22 06:53:46.459908'),(1986,298,515,24,99,99,'2021-05-22 06:54:43.015880','2021-05-22 06:54:43.015880'),(1987,298,617,25,94,94,'2021-05-22 06:54:43.018013','2021-05-22 06:54:43.018013'),(1988,298,709,26,91,91,'2021-05-22 06:54:43.019614','2021-05-22 06:54:43.019614'),(1989,298,786,26,96,96,'2021-05-22 06:54:43.021483','2021-05-22 06:54:43.021483'),(1990,298,1039,23,92,92,'2021-05-22 06:54:43.023222','2021-05-22 06:54:43.023222'),(1991,298,1132,30,82,82,'2021-05-22 06:54:43.025325','2021-05-22 06:54:43.025325'),(1992,298,1216,30,86,86,'2021-05-22 06:54:43.027458','2021-05-22 06:54:43.027458'),(1993,298,1302,29,84,84,'2021-05-22 06:54:43.029516','2021-05-22 06:54:43.029516'),(1994,299,528,29,92,92,'2021-05-22 06:55:25.565446','2021-05-22 06:55:25.565446'),(1995,299,620,35,80,80,'2021-05-22 06:55:25.567752','2021-05-22 06:55:25.567752'),(1996,299,702,30,87,87,'2021-05-22 06:55:25.570386','2021-05-22 06:55:25.570386'),(1997,299,788,29,89,89,'2021-05-22 06:55:25.572844','2021-05-22 06:55:25.572844'),(1998,299,1044,33,85,85,'2021-05-22 06:55:25.574727','2021-05-22 06:55:25.574727'),(1999,299,1133,35,78,78,'2021-05-22 06:55:25.577141','2021-05-22 06:55:25.577141'),(2000,299,1215,31,89,89,'2021-05-22 06:55:25.578741','2021-05-22 06:55:25.578741'),(2001,299,1302,28,91,91,'2021-05-22 06:55:25.580619','2021-05-22 06:55:25.580619'),(2002,300,518,21,104,104,'2021-05-22 06:56:05.605114','2021-05-22 06:56:05.605114'),(2003,300,612,26,93,93,'2021-05-22 06:56:05.608023','2021-05-22 06:56:05.608023'),(2004,300,703,28,85,85,'2021-05-22 06:56:05.610501','2021-05-22 06:56:05.610501'),(2005,300,785,28,94,94,'2021-05-22 06:56:05.613173','2021-05-22 06:56:05.613173'),(2006,300,1036,28,94,94,'2021-05-22 06:56:05.615343','2021-05-22 06:56:05.615343'),(2007,300,1123,28,97,97,'2021-05-22 06:56:05.617888','2021-05-22 06:56:05.617888'),(2008,300,1211,27,96,96,'2021-05-22 06:56:05.619454','2021-05-22 06:56:05.619454'),(2009,300,1301,26,96,96,'2021-05-22 06:56:05.621742','2021-05-22 06:56:05.621742'),(2010,316,561,31,89,89,'2021-05-22 06:56:33.583106','2021-05-22 06:56:33.583106'),(2011,316,642,33,80,80,'2021-05-22 06:56:33.585889','2021-05-22 06:56:33.585889'),(2012,316,719,35,78,78,'2021-05-22 06:56:33.588717','2021-05-22 06:56:33.588717'),(2013,316,793,29,86,86,'2021-05-22 06:56:33.590706','2021-05-22 06:56:33.590706'),(2014,316,1130,20,102,102,'2021-05-22 06:56:33.593224','2021-05-22 06:56:33.593224'),(2015,316,1323,15,112,112,'2021-05-22 06:56:33.596813','2021-05-22 06:56:33.596813'),(2016,301,519,28,97,97,'2021-05-22 06:57:05.689650','2021-05-22 06:57:05.689650'),(2017,301,613,26,93,93,'2021-05-22 06:57:05.693556','2021-05-22 06:57:05.693556'),(2018,301,701,26,94,94,'2021-05-22 06:57:05.695735','2021-05-22 06:57:05.695735'),(2019,301,787,24,99,99,'2021-05-22 06:57:05.697548','2021-05-22 06:57:05.697548'),(2020,301,1121,23,100,100,'2021-05-22 06:57:05.699068','2021-05-22 06:57:05.699068'),(2021,301,1213,28,94,94,'2021-05-22 06:57:05.700693','2021-05-22 06:57:05.700693'),(2022,301,1294,24,101,101,'2021-05-22 06:57:05.702063','2021-05-22 06:57:05.702063'),(2023,302,518,21,103,103,'2021-05-22 06:57:46.017528','2021-05-22 06:57:46.017528'),(2024,302,616,25,97,97,'2021-05-22 06:57:46.019615','2021-05-22 06:57:46.019615'),(2025,302,699,21,100,100,'2021-05-22 06:57:46.022021','2021-05-22 06:57:46.022021'),(2026,302,787,23,98,98,'2021-05-22 06:57:46.024667','2021-05-22 06:57:46.024667'),(2027,302,1126,26,93,93,'2021-05-22 06:57:46.026215','2021-05-22 06:57:46.026215'),(2028,302,1216,29,86,86,'2021-05-22 06:57:46.028246','2021-05-22 06:57:46.028246'),(2029,302,1302,28,89,89,'2021-05-22 06:57:46.030344','2021-05-22 06:57:46.030344'),(2030,303,526,26,92,92,'2021-05-22 07:08:23.841746','2021-05-22 07:08:23.841746'),(2031,303,612,28,94,94,'2021-05-22 07:08:23.844922','2021-05-22 07:08:23.844922'),(2032,303,701,22,95,95,'2021-05-22 07:08:23.847943','2021-05-22 07:08:23.847943'),(2033,303,787,22,94,94,'2021-05-22 07:08:23.850393','2021-05-22 07:08:23.850393'),(2034,303,1044,29,85,85,'2021-05-22 07:08:23.853121','2021-05-22 07:08:23.853121'),(2035,303,1127,29,87,87,'2021-05-22 07:08:23.855645','2021-05-22 07:08:23.855645'),(2036,303,1215,31,86,86,'2021-05-22 07:08:23.858045','2021-05-22 07:08:23.858045'),(2037,303,1298,25,89,89,'2021-05-22 07:08:23.861743','2021-05-22 07:08:23.861743'),(2038,304,527,25,93,93,'2021-05-22 07:09:00.999312','2021-05-22 07:09:00.999312'),(2039,304,619,31,84,84,'2021-05-22 07:09:01.001703','2021-05-22 07:09:01.001703'),(2040,304,705,30,85,85,'2021-05-22 07:09:01.004593','2021-05-22 07:09:01.004593'),(2041,304,787,29,90,90,'2021-05-22 07:09:01.006736','2021-05-22 07:09:01.006736'),(2042,304,1038,26,89,89,'2021-05-22 07:09:01.008922','2021-05-22 07:09:01.008922'),(2043,304,1130,32,88,88,'2021-05-22 07:09:01.011224','2021-05-22 07:09:01.011224'),(2044,304,1216,32,85,85,'2021-05-22 07:09:01.012881','2021-05-22 07:09:01.012881'),(2045,304,1303,32,85,85,'2021-05-22 07:09:01.014769','2021-05-22 07:09:01.014769'),(2046,306,510,25,96,96,'2021-05-22 07:09:34.392292','2021-05-22 07:09:34.392292'),(2047,306,605,27,93,93,'2021-05-22 07:09:34.395614','2021-05-22 07:09:34.395614'),(2048,306,696,27,92,92,'2021-05-22 07:09:34.398214','2021-05-22 07:09:34.398214'),(2049,306,787,23,99,99,'2021-05-22 07:09:34.400568','2021-05-22 07:09:34.400568'),(2050,306,1125,33,81,81,'2021-05-22 07:09:34.402626','2021-05-22 07:09:34.402626'),(2051,306,1206,33,79,79,'2021-05-22 07:09:34.404457','2021-05-22 07:09:34.404457'),(2052,306,1286,31,85,85,'2021-05-22 07:09:34.406139','2021-05-22 07:09:34.406139'),(2053,307,491,22,99,99,'2021-05-22 07:10:08.928347','2021-05-22 07:10:08.928347'),(2054,307,594,30,89,89,'2021-05-22 07:10:08.931790','2021-05-22 07:10:08.931790'),(2055,307,686,23,97,97,'2021-05-22 07:10:08.934318','2021-05-22 07:10:08.934318'),(2056,307,1041,28,86,86,'2021-05-22 07:10:08.936423','2021-05-22 07:10:08.936423'),(2057,307,1116,23,94,94,'2021-05-22 07:10:08.938895','2021-05-22 07:10:08.938895'),(2058,307,1266,25,90,90,'2021-05-22 07:10:08.941128','2021-05-22 07:10:08.941128'),(2059,308,491,23,100,100,'2021-05-22 07:10:44.419193','2021-05-22 07:10:44.419193'),(2060,308,588,26,103,103,'2021-05-22 07:10:44.421421','2021-05-22 07:10:44.421421'),(2061,308,781,24,102,102,'2021-05-22 07:10:44.423705','2021-05-22 07:10:44.423705'),(2062,308,1037,30,87,87,'2021-05-22 07:10:44.425808','2021-05-22 07:10:44.425808'),(2063,308,1117,30,88,88,'2021-05-22 07:10:44.427833','2021-05-22 07:10:44.427833'),(2064,308,1195,30,82,82,'2021-05-22 07:10:44.429612','2021-05-22 07:10:44.429612'),(2065,308,1268,29,85,85,'2021-05-22 07:10:44.431064','2021-05-22 07:10:44.431064'),(2066,309,778,17,99,99,'2021-05-22 07:11:13.946676','2021-05-22 07:11:13.946676'),(2067,309,1041,30,80,80,'2021-05-22 07:11:13.948788','2021-05-22 07:11:13.948788'),(2068,309,1119,30,80,80,'2021-05-22 07:11:13.950209','2021-05-22 07:11:13.950209'),(2069,309,1197,28,79,79,'2021-05-22 07:11:13.952853','2021-05-22 07:11:13.952853'),(2070,309,1271,31,83,83,'2021-05-22 07:11:13.954542','2021-05-22 07:11:13.954542'),(2071,310,523,25,97,97,'2021-05-22 07:11:58.287437','2021-05-22 07:11:58.287437'),(2072,310,617,27,87,87,'2021-05-22 07:11:58.290473','2021-05-22 07:11:58.290473'),(2073,310,699,23,97,97,'2021-05-22 07:11:58.292738','2021-05-22 07:11:58.292738'),(2074,310,784,24,96,96,'2021-05-22 07:11:58.295339','2021-05-22 07:11:58.295339'),(2075,310,1038,27,89,89,'2021-05-22 07:11:58.297573','2021-05-22 07:11:58.297573'),(2076,310,1129,28,90,90,'2021-05-22 07:11:58.299938','2021-05-22 07:11:58.299938'),(2077,310,1220,30,87,87,'2021-05-22 07:11:58.301371','2021-05-22 07:11:58.301371'),(2078,310,1298,27,96,96,'2021-05-22 07:11:58.303132','2021-05-22 07:11:58.303132'),(2079,311,522,22,102,102,'2021-05-22 07:12:34.076704','2021-05-22 07:12:34.076704'),(2080,311,616,28,87,87,'2021-05-22 07:12:34.081095','2021-05-22 07:12:34.081095'),(2081,311,701,25,97,97,'2021-05-22 07:12:34.083240','2021-05-22 07:12:34.083240'),(2082,311,787,24,98,98,'2021-05-22 07:12:34.085194','2021-05-22 07:12:34.085194'),(2083,311,1035,26,96,96,'2021-05-22 07:12:34.086657','2021-05-22 07:12:34.086657'),(2084,311,1129,25,93,93,'2021-05-22 07:12:34.088504','2021-05-22 07:12:34.088504'),(2085,311,1297,24,95,95,'2021-05-22 07:12:34.090359','2021-05-22 07:12:34.090359'),(2086,312,615,28,88,88,'2021-05-22 07:13:19.761971','2021-05-22 07:13:19.761971'),(2087,312,521,23,98,98,'2021-05-22 07:13:19.766984','2021-05-22 07:13:19.766984'),(2088,312,701,26,87,87,'2021-05-22 07:13:19.768996','2021-05-22 07:13:19.768996'),(2089,312,789,25,90,90,'2021-05-22 07:13:19.771306','2021-05-22 07:13:19.771306'),(2090,312,1033,23,97,97,'2021-05-22 07:13:19.773134','2021-05-22 07:13:19.773134'),(2091,312,1125,29,87,87,'2021-05-22 07:13:19.774660','2021-05-22 07:13:19.774660'),(2092,313,520,26,97,97,'2021-05-22 07:14:10.283935','2021-05-22 07:14:10.283935'),(2093,313,616,31,90,90,'2021-05-22 07:14:10.286457','2021-05-22 07:14:10.286457'),(2094,313,702,26,91,91,'2021-05-22 07:14:10.288592','2021-05-22 07:14:10.288592'),(2095,313,1037,25,92,92,'2021-05-22 07:14:10.290922','2021-05-22 07:14:10.290922'),(2096,313,1126,27,89,89,'2021-05-22 07:14:10.292899','2021-05-22 07:14:10.292899'),(2097,313,1212,26,90,90,'2021-05-22 07:14:10.294397','2021-05-22 07:14:10.294397'),(2098,318,520,19,103,103,'2021-05-22 07:14:52.661013','2021-05-22 07:14:52.661013'),(2099,318,617,27,91,91,'2021-05-22 07:14:52.663432','2021-05-22 07:14:52.663432'),(2100,318,704,28,88,88,'2021-05-22 07:14:52.665593','2021-05-22 07:14:52.665593'),(2101,318,784,27,95,95,'2021-05-22 07:14:52.668194','2021-05-22 07:14:52.668194'),(2102,318,1039,24,99,99,'2021-05-22 07:14:52.669959','2021-05-22 07:14:52.669959'),(2103,318,1130,28,89,89,'2021-05-22 07:14:52.671618','2021-05-22 07:14:52.671618'),(2104,318,1218,32,87,87,'2021-05-22 07:14:52.672983','2021-05-22 07:14:52.672983'),(2105,318,1301,30,91,91,'2021-05-22 07:14:52.674309','2021-05-22 07:14:52.674309'),(2106,319,524,22,99,99,'2021-05-22 07:15:29.379823','2021-05-22 07:15:29.379823'),(2107,319,617,22,94,94,'2021-05-22 07:15:29.382243','2021-05-22 07:15:29.382243'),(2108,319,783,25,94,94,'2021-05-22 07:15:29.384262','2021-05-22 07:15:29.384262'),(2109,319,1033,22,103,103,'2021-05-22 07:15:29.386675','2021-05-22 07:15:29.386675'),(2110,319,1125,26,90,90,'2021-05-22 07:15:29.388377','2021-05-22 07:15:29.388377'),(2111,319,1212,27,89,89,'2021-05-22 07:15:29.390064','2021-05-22 07:15:29.390064'),(2112,319,1299,29,92,92,'2021-05-22 07:15:29.391333','2021-05-22 07:15:29.391333'),(2113,321,614,29,90,90,'2021-05-22 07:15:58.800025','2021-05-22 07:15:58.800025'),(2114,321,704,30,87,87,'2021-05-22 07:15:58.802493','2021-05-22 07:15:58.802493'),(2115,321,791,31,88,88,'2021-05-22 07:15:58.804535','2021-05-22 07:15:58.804535'),(2116,321,1044,27,89,89,'2021-05-22 07:15:58.807314','2021-05-22 07:15:58.807314'),(2117,321,1128,31,86,86,'2021-05-22 07:15:58.809532','2021-05-22 07:15:58.809532'),(2118,321,1302,30,88,88,'2021-05-22 07:15:58.811364','2021-05-22 07:15:58.811364'),(2119,322,616,27,89,89,'2021-05-22 07:16:26.562537','2021-05-22 07:16:26.562537'),(2120,322,702,26,87,87,'2021-05-22 07:16:26.565821','2021-05-22 07:16:26.565821'),(2121,322,788,27,87,87,'2021-05-22 07:16:26.568634','2021-05-22 07:16:26.568634'),(2122,322,1125,30,91,91,'2021-05-22 07:16:26.571069','2021-05-22 07:16:26.571069'),(2123,322,1214,28,92,92,'2021-05-22 07:16:26.574167','2021-05-22 07:16:26.574167'),(2124,322,1299,25,96,96,'2021-05-22 07:16:26.577102','2021-05-22 07:16:26.577102'),(2125,323,524,27,93,93,'2021-05-22 07:17:13.883790','2021-05-22 07:17:13.883790'),(2126,323,612,26,96,96,'2021-05-22 07:17:13.886855','2021-05-22 07:17:13.886855'),(2127,323,701,28,90,90,'2021-05-22 07:17:13.889418','2021-05-22 07:17:13.889418'),(2128,323,788,24,92,92,'2021-05-22 07:17:13.891488','2021-05-22 07:17:13.891488'),(2129,323,1037,29,90,90,'2021-05-22 07:17:13.893237','2021-05-22 07:17:13.893237'),(2130,323,1128,28,93,93,'2021-05-22 07:17:13.894959','2021-05-22 07:17:13.894959'),(2131,323,1213,28,94,94,'2021-05-22 07:17:13.898991','2021-05-22 07:17:13.898991'),(2132,323,1300,26,93,93,'2021-05-22 07:17:13.901122','2021-05-22 07:17:13.901122'),(2142,324,1134,18,76,94,'2021-05-22 17:36:35.064645','2021-05-22 17:36:35.064645'),(2143,324,1304,16,80,96,'2021-05-22 17:36:35.067848','2021-05-22 17:36:35.067848'),(2144,324,794,18,78,96,'2021-05-22 17:36:35.071166','2021-05-22 17:36:35.071166'),(2145,324,1214,10,88,98,'2021-05-22 17:36:35.073269','2021-05-22 17:36:35.073269'),(2146,324,1037,22,90,98,'2021-05-22 17:36:35.075529','2021-05-22 17:36:35.075529'),(2147,324,706,28,85,85,'2021-05-22 17:36:35.077886','2021-05-22 17:36:35.077886'),(2148,324,524,23,89,99,'2021-05-22 17:36:35.079970','2021-05-22 17:36:35.079970'),(2149,324,618,23,82,93,'2021-05-22 17:36:35.082592','2021-05-22 17:36:35.082592');
/*!40000 ALTER TABLE `dataset_positions` ENABLE KEYS */;
UNLOCK TABLES;

--
-- Table structure for table `dataset_qualities`
--

DROP TABLE IF EXISTS `dataset_qualities`;
/*!40101 SET @saved_cs_client     = @@character_set_client */;
/*!40101 SET character_set_client = utf8 */;
CREATE TABLE `dataset_qualities` (
  `id` bigint(20) NOT NULL AUTO_INCREMENT,
  `dataset_id` bigint(20) NOT NULL,
  `status` int(11) NOT NULL,
  `created_at` datetime(6) NOT NULL,
  `updated_at` datetime(6) NOT NULL,
  PRIMARY KEY (`id`)
) ENGINE=InnoDB AUTO_INCREMENT=310 DEFAULT CHARSET=utf8mb4;
/*!40101 SET character_set_client = @saved_cs_client */;

--
-- Dumping data for table `dataset_qualities`
--

LOCK TABLES `dataset_qualities` WRITE;
/*!40000 ALTER TABLE `dataset_qualities` DISABLE KEYS */;
INSERT INTO `dataset_qualities` VALUES (1,1,5,'2021-05-22 02:46:32.320352','2021-05-22 02:53:11.097656'),(2,17,5,'2021-05-22 02:46:32.324530','2021-05-22 02:53:38.733818'),(3,18,5,'2021-05-22 02:46:32.326744','2021-05-22 02:53:38.736598'),(4,19,5,'2021-05-22 02:46:32.329157','2021-05-22 02:53:38.738748'),(5,20,5,'2021-05-22 02:46:32.331295','2021-05-22 02:53:38.740722'),(6,21,5,'2021-05-22 02:46:32.333244','2021-05-22 02:53:38.742693'),(7,22,5,'2021-05-22 02:46:32.335412','2021-05-22 02:54:00.653650'),(8,23,5,'2021-05-22 02:46:32.337594','2021-05-22 02:54:00.656177'),(9,24,5,'2021-05-22 02:46:32.339580','2021-05-22 02:55:00.132406'),(10,25,5,'2021-05-22 02:46:32.341418','2021-05-22 02:55:00.134317'),(11,26,5,'2021-05-22 02:46:32.343544','2021-05-22 02:55:00.135925'),(12,27,5,'2021-05-22 02:46:32.345399','2021-05-22 02:55:00.137512'),(13,28,5,'2021-05-22 02:46:32.347498','2021-05-22 02:55:00.139311'),(14,29,5,'2021-05-22 02:46:32.349189','2021-05-22 02:55:00.141048'),(15,30,5,'2021-05-22 02:46:32.351289','2021-05-22 02:55:00.142506'),(16,31,5,'2021-05-22 02:46:32.352943','2021-05-22 02:55:00.145441'),(17,32,5,'2021-05-22 02:46:32.354763','2021-05-22 02:55:00.146921'),(18,33,5,'2021-05-22 02:46:32.356563','2021-05-22 02:55:00.148389'),(19,34,5,'2021-05-22 02:46:32.358788','2021-05-22 02:55:00.149973'),(20,35,5,'2021-05-22 02:46:32.360589','2021-05-22 02:55:00.151294'),(21,36,5,'2021-05-22 02:46:32.362188','2021-05-22 02:55:00.152760'),(22,37,5,'2021-05-22 02:46:32.363931','2021-05-22 02:55:00.154389'),(23,38,5,'2021-05-22 02:46:32.365662','2021-05-22 02:55:00.155976'),(24,39,5,'2021-05-22 02:46:32.367493','2021-05-22 02:55:00.157538'),(25,40,5,'2021-05-22 02:46:32.369202','2021-05-22 02:55:00.159095'),(26,41,5,'2021-05-22 02:46:32.370914','2021-05-22 02:55:00.160891'),(27,42,5,'2021-05-22 02:46:32.372423','2021-05-22 02:55:00.162478'),(28,43,5,'2021-05-22 02:46:32.374051','2021-05-22 02:55:00.164000'),(29,44,5,'2021-05-22 02:46:32.375666','2021-05-22 02:55:00.165475'),(30,45,5,'2021-05-22 02:46:32.377331','2021-05-22 02:55:00.166970'),(31,46,5,'2021-05-22 02:46:32.378772','2021-05-22 02:55:00.168323'),(32,47,10,'2021-05-22 02:46:32.380207','2021-05-22 02:58:14.377994'),(33,48,10,'2021-05-22 02:46:32.381599','2021-05-22 02:58:08.278071'),(34,49,10,'2021-05-22 02:46:32.383021','2021-05-22 02:58:00.047524'),(35,50,10,'2021-05-22 02:46:32.384450','2021-05-22 02:58:28.861530'),(36,51,10,'2021-05-22 02:46:32.385938','2021-05-22 02:58:39.999126'),(37,52,5,'2021-05-22 02:46:32.387650','2021-05-22 02:52:46.407827'),(38,53,5,'2021-05-22 02:46:32.389835','2021-05-22 02:52:38.231432'),(39,54,5,'2021-05-22 02:46:32.391489','2021-05-22 02:58:54.008952'),(40,55,5,'2021-05-22 02:46:32.392857','2021-05-22 03:01:42.662778'),(41,56,5,'2021-05-22 02:46:32.394537','2021-05-22 03:01:47.717418'),(42,57,5,'2021-05-22 02:46:32.396233','2021-05-22 03:01:53.509488'),(43,58,5,'2021-05-22 02:46:32.397872','2021-05-22 03:01:30.477356'),(44,59,5,'2021-05-22 02:46:32.399048','2021-05-22 03:01:23.166036'),(45,60,10,'2021-05-22 02:46:32.400428','2021-05-22 03:01:06.420500'),(46,61,5,'2021-05-22 02:46:32.401746','2021-05-22 02:52:10.770714'),(47,62,5,'2021-05-22 02:46:32.403354','2021-05-22 02:51:53.953945'),(48,63,10,'2021-05-22 02:46:32.404931','2021-05-22 02:55:47.128754'),(49,64,10,'2021-05-22 02:46:32.406104','2021-05-22 02:55:59.463813'),(50,65,10,'2021-05-22 02:46:32.407845','2021-05-22 02:56:01.517062'),(51,66,10,'2021-05-22 02:46:32.409344','2021-05-22 02:59:55.594527'),(52,67,10,'2021-05-22 02:46:32.411189','2021-05-22 02:59:46.822196'),(53,68,10,'2021-05-22 02:46:32.412943','2021-05-22 02:59:40.351889'),(54,69,10,'2021-05-22 02:46:32.414484','2021-05-22 02:56:19.685752'),(55,70,10,'2021-05-22 02:46:32.416369','2021-05-22 03:00:09.360593'),(56,71,5,'2021-05-22 02:46:32.417660','2021-05-22 02:55:25.306609'),(57,72,10,'2021-05-22 02:46:32.419094','2021-05-22 03:02:23.313342'),(58,73,10,'2021-05-22 02:46:32.420429','2021-05-22 03:02:23.315709'),(59,74,10,'2021-05-22 02:46:32.421749','2021-05-22 03:02:23.317115'),(60,75,10,'2021-05-22 02:46:32.423116','2021-05-22 03:02:23.318538'),(61,76,10,'2021-05-22 02:46:32.424450','2021-05-22 03:02:23.320204'),(62,77,10,'2021-05-22 02:46:32.425838','2021-05-22 03:02:23.321893'),(63,78,10,'2021-05-22 02:46:32.427139','2021-05-22 03:02:23.323288'),(64,79,10,'2021-05-22 02:46:32.428623','2021-05-22 02:49:26.308159'),(65,80,10,'2021-05-22 02:46:32.430033','2021-05-22 03:02:23.325182'),(66,81,10,'2021-05-22 02:46:32.431373','2021-05-22 03:02:23.326720'),(67,82,10,'2021-05-22 02:46:32.432686','2021-05-22 03:02:23.328029'),(68,83,10,'2021-05-22 02:46:32.433760','2021-05-22 03:02:23.329483'),(69,84,10,'2021-05-22 02:46:32.434873','2021-05-22 03:02:23.330763'),(70,85,10,'2021-05-22 02:46:32.435968','2021-05-22 03:02:23.332164'),(71,86,10,'2021-05-22 02:46:32.437160','2021-05-22 03:02:23.333770'),(72,87,10,'2021-05-22 02:46:32.441905','2021-05-22 03:02:23.335177'),(73,88,10,'2021-05-22 02:46:32.443109','2021-05-22 03:02:23.336464'),(74,89,10,'2021-05-22 02:46:32.444347','2021-05-22 03:02:23.337626'),(75,90,10,'2021-05-22 02:46:32.445598','2021-05-22 03:02:23.339193'),(76,91,10,'2021-05-22 02:46:32.446867','2021-05-22 03:02:23.340709'),(77,92,10,'2021-05-22 02:46:32.448177','2021-05-22 03:02:23.342242'),(78,93,10,'2021-05-22 02:46:32.449308','2021-05-22 03:02:23.343674'),(79,94,10,'2021-05-22 02:46:32.450496','2021-05-22 03:02:23.345129'),(80,95,10,'2021-05-22 02:46:32.451779','2021-05-22 03:02:23.346492'),(81,96,10,'2021-05-22 02:46:32.453908','2021-05-22 03:02:23.347835'),(82,97,10,'2021-05-22 02:46:32.455196','2021-05-22 03:02:23.349271'),(83,98,10,'2021-05-22 02:46:32.457275','2021-05-22 03:02:23.350619'),(84,99,10,'2021-05-22 02:46:32.458676','2021-05-22 03:02:23.351755'),(85,100,10,'2021-05-22 02:46:32.460258','2021-05-22 03:02:23.352960'),(86,101,10,'2021-05-22 02:46:32.461431','2021-05-22 03:02:23.354194'),(87,102,10,'2021-05-22 02:46:32.462619','2021-05-22 03:02:23.355605'),(88,103,10,'2021-05-22 02:46:32.463787','2021-05-22 03:02:23.356869'),(89,104,10,'2021-05-22 02:46:32.465075','2021-05-22 03:02:23.358151'),(90,105,10,'2021-05-22 02:46:32.466553','2021-05-22 03:02:23.359358'),(91,106,10,'2021-05-22 02:46:32.468103','2021-05-22 03:02:23.360574'),(92,107,10,'2021-05-22 02:46:32.469555','2021-05-22 03:02:23.361635'),(93,108,10,'2021-05-22 02:46:32.470803','2021-05-22 02:49:26.311229'),(94,109,10,'2021-05-22 02:46:32.472021','2021-05-22 02:49:26.312826'),(95,110,10,'2021-05-22 02:46:32.473257','2021-05-22 02:49:26.314360'),(96,111,10,'2021-05-22 02:46:32.474461','2021-05-22 02:49:26.315682'),(97,112,10,'2021-05-22 02:46:32.475860','2021-05-22 02:49:26.317028'),(98,113,10,'2021-05-22 02:46:32.477420','2021-05-22 02:49:26.318488'),(99,114,10,'2021-05-22 02:46:32.479001','2021-05-22 02:49:26.320015'),(100,115,10,'2021-05-22 02:46:32.480383','2021-05-22 02:49:26.321553'),(101,116,10,'2021-05-22 02:46:32.481594','2021-05-22 02:49:26.322986'),(102,117,10,'2021-05-22 02:46:32.482834','2021-05-22 02:49:26.324410'),(103,118,10,'2021-05-22 02:46:32.484080','2021-05-22 02:49:26.325837'),(104,119,10,'2021-05-22 02:46:32.485325','2021-05-22 02:49:26.327553'),(105,120,10,'2021-05-22 02:46:32.486538','2021-05-22 02:49:26.329085'),(106,121,10,'2021-05-22 02:46:32.487685','2021-05-22 02:49:26.330585'),(107,122,10,'2021-05-22 02:46:32.489000','2021-05-22 02:49:26.332081'),(108,123,10,'2021-05-22 02:46:32.490359','2021-05-22 02:49:26.333465'),(109,124,10,'2021-05-22 02:46:32.491635','2021-05-22 02:49:26.334667'),(110,125,10,'2021-05-22 02:46:32.492889','2021-05-22 02:49:26.335601'),(111,126,10,'2021-05-22 02:46:32.494061','2021-05-22 02:49:26.336517'),(112,127,10,'2021-05-22 02:46:32.495344','2021-05-22 02:49:26.337388'),(113,128,10,'2021-05-22 02:46:32.496403','2021-05-22 02:49:26.338233'),(114,129,10,'2021-05-22 02:46:32.497390','2021-05-22 02:49:26.339251'),(115,130,10,'2021-05-22 02:46:32.498478','2021-05-22 02:49:26.340429'),(116,131,10,'2021-05-22 02:46:32.499594','2021-05-22 02:49:26.341654'),(117,132,10,'2021-05-22 02:46:32.500630','2021-05-22 02:49:26.343006'),(118,133,10,'2021-05-22 02:46:32.501730','2021-05-22 02:49:26.344287'),(119,134,10,'2021-05-22 02:46:32.502989','2021-05-22 02:49:26.345550'),(120,135,10,'2021-05-22 02:46:32.504162','2021-05-22 02:49:26.346844'),(121,136,10,'2021-05-22 02:46:32.505449','2021-05-22 02:49:26.348052'),(122,137,10,'2021-05-22 02:46:32.506507','2021-05-22 02:49:26.349242'),(123,138,10,'2021-05-22 02:46:32.507846','2021-05-22 02:49:26.350456'),(124,139,10,'2021-05-22 02:46:32.509034','2021-05-22 02:49:26.351609'),(125,140,10,'2021-05-22 02:46:32.510209','2021-05-22 02:49:26.352785'),(126,141,10,'2021-05-22 02:46:32.511409','2021-05-22 02:49:26.354015'),(127,142,10,'2021-05-22 02:46:32.512564','2021-05-22 02:49:26.355277'),(128,143,10,'2021-05-22 02:46:32.514733','2021-05-22 02:49:26.356808'),(129,144,10,'2021-05-22 02:46:32.516075','2021-05-22 02:49:26.358022'),(130,145,10,'2021-05-22 02:46:32.517411','2021-05-22 02:49:26.359331'),(131,146,10,'2021-05-22 02:46:32.518858','2021-05-22 02:49:26.360457'),(132,147,10,'2021-05-22 02:46:32.520222','2021-05-22 02:49:26.361538'),(133,148,10,'2021-05-22 02:46:32.521286','2021-05-22 02:49:26.362790'),(134,149,10,'2021-05-22 02:46:32.522356','2021-05-22 02:49:26.363923'),(135,150,10,'2021-05-22 02:46:32.523481','2021-05-22 02:49:26.365106'),(136,151,10,'2021-05-22 02:46:32.524902','2021-05-22 02:49:26.366124'),(137,152,10,'2021-05-22 02:46:32.526491','2021-05-22 02:49:26.367296'),(138,153,10,'2021-05-22 02:46:32.527956','2021-05-22 02:49:26.369150'),(139,154,10,'2021-05-22 02:46:32.529142','2021-05-22 02:49:26.370840'),(140,155,10,'2021-05-22 02:46:32.530293','2021-05-22 02:49:26.372048'),(141,156,10,'2021-05-22 02:46:32.531447','2021-05-22 02:49:26.373441'),(142,157,10,'2021-05-22 02:46:32.532622','2021-05-22 02:49:26.374749'),(143,158,10,'2021-05-22 02:46:32.533938','2021-05-22 02:49:26.375982'),(144,159,10,'2021-05-22 02:46:32.535089','2021-05-22 02:49:26.377167'),(145,160,10,'2021-05-22 02:46:32.536293','2021-05-22 02:49:26.378199'),(146,161,10,'2021-05-22 02:46:32.537503','2021-05-22 02:49:26.379261'),(147,162,10,'2021-05-22 02:46:32.538622','2021-05-22 02:49:26.380388'),(148,163,10,'2021-05-22 02:46:32.539925','2021-05-22 02:49:26.381514'),(149,164,10,'2021-05-22 02:46:32.541092','2021-05-22 02:49:26.382602'),(150,165,10,'2021-05-22 02:46:32.542368','2021-05-22 02:49:26.383937'),(151,166,10,'2021-05-22 02:46:32.543604','2021-05-22 02:49:26.385312'),(152,167,10,'2021-05-22 02:46:32.544718','2021-05-22 02:49:26.386651'),(153,168,10,'2021-05-22 02:46:32.545925','2021-05-22 02:49:26.387887'),(154,169,10,'2021-05-22 02:46:32.547048','2021-05-22 02:49:26.389287'),(155,170,10,'2021-05-22 02:46:32.548290','2021-05-22 02:49:26.390536'),(156,171,10,'2021-05-22 02:46:32.549519','2021-05-22 02:49:26.391901'),(157,172,10,'2021-05-22 02:46:32.550662','2021-05-22 02:49:26.393412'),(158,173,10,'2021-05-22 02:46:32.551841','2021-05-22 02:49:26.394680'),(159,174,10,'2021-05-22 02:46:32.553009','2021-05-22 02:49:26.395772'),(160,175,10,'2021-05-22 02:46:32.554403','2021-05-22 02:49:26.396952'),(161,176,10,'2021-05-22 02:46:32.555588','2021-05-22 02:49:26.398136'),(162,177,10,'2021-05-22 02:46:32.556588','2021-05-22 02:49:26.399392'),(163,178,10,'2021-05-22 02:46:32.557612','2021-05-22 02:49:26.400609'),(164,179,10,'2021-05-22 02:46:32.558559','2021-05-22 02:49:26.401857'),(165,180,10,'2021-05-22 02:46:32.559475','2021-05-22 02:49:26.403089'),(166,181,10,'2021-05-22 02:46:32.560578','2021-05-22 02:49:26.404293'),(167,182,10,'2021-05-22 02:46:32.561611','2021-05-22 02:49:26.405655'),(168,183,10,'2021-05-22 02:46:32.562687','2021-05-22 02:49:26.407021'),(169,184,10,'2021-05-22 02:46:32.563889','2021-05-22 02:49:26.408314'),(170,185,10,'2021-05-22 02:46:32.565092','2021-05-22 02:49:26.409615'),(171,186,10,'2021-05-22 02:46:32.566229','2021-05-22 02:49:26.410654'),(172,187,10,'2021-05-22 02:46:32.567237','2021-05-22 02:49:26.411636'),(173,188,10,'2021-05-22 02:46:32.568272','2021-05-22 02:49:26.412637'),(174,189,10,'2021-05-22 02:46:32.569504','2021-05-22 02:49:26.413582'),(175,190,10,'2021-05-22 02:46:32.570688','2021-05-22 02:49:26.414565'),(176,191,10,'2021-05-22 02:46:32.572079','2021-05-22 02:49:26.415651'),(177,192,10,'2021-05-22 02:46:32.573956','2021-05-22 02:49:26.416732'),(178,193,10,'2021-05-22 02:46:32.575435','2021-05-22 02:49:26.417824'),(179,194,10,'2021-05-22 02:46:32.576847','2021-05-22 02:49:26.419078'),(180,195,10,'2021-05-22 02:46:32.578222','2021-05-22 02:49:26.420036'),(181,196,10,'2021-05-22 02:46:32.579853','2021-05-22 02:49:26.421123'),(182,197,10,'2021-05-22 02:46:32.580891','2021-05-22 02:49:26.422257'),(183,198,10,'2021-05-22 02:46:32.582038','2021-05-22 02:49:26.423362'),(184,199,10,'2021-05-22 02:46:32.583397','2021-05-22 02:49:26.424422'),(185,200,10,'2021-05-22 02:46:32.584856','2021-05-22 03:02:23.410063'),(186,201,10,'2021-05-22 02:46:32.586056','2021-05-22 02:49:26.425381'),(187,202,10,'2021-05-22 02:46:32.587228','2021-05-22 02:49:26.426399'),(188,203,10,'2021-05-22 02:46:32.588402','2021-05-22 02:49:26.427460'),(189,204,10,'2021-05-22 02:46:32.589645','2021-05-22 02:49:26.429378'),(190,205,10,'2021-05-22 02:46:32.590924','2021-05-22 02:49:26.434752'),(191,206,10,'2021-05-22 02:46:32.592349','2021-05-22 02:49:26.436065'),(192,207,10,'2021-05-22 02:46:32.593885','2021-05-22 02:49:26.437299'),(193,208,10,'2021-05-22 02:46:32.595143','2021-05-22 02:49:26.438428'),(194,209,10,'2021-05-22 02:46:32.596363','2021-05-22 02:49:26.439813'),(195,210,10,'2021-05-22 02:46:32.597540','2021-05-22 02:49:26.440975'),(196,211,10,'2021-05-22 02:46:32.598831','2021-05-22 02:49:26.442182'),(197,212,10,'2021-05-22 02:46:32.600022','2021-05-22 02:49:26.443659'),(198,213,10,'2021-05-22 02:46:32.601244','2021-05-22 02:49:26.444984'),(199,214,10,'2021-05-22 02:46:32.602516','2021-05-22 02:49:26.446245'),(200,215,10,'2021-05-22 02:46:32.603702','2021-05-22 02:49:26.447407'),(201,216,10,'2021-05-22 02:46:32.605036','2021-05-22 02:49:26.448612'),(202,217,10,'2021-05-22 02:46:32.606384','2021-05-22 02:49:26.449768'),(203,218,10,'2021-05-22 02:46:32.607586','2021-05-22 02:49:26.450933'),(204,219,10,'2021-05-22 02:46:32.608847','2021-05-22 02:49:26.452076'),(205,220,10,'2021-05-22 02:46:32.610084','2021-05-22 02:49:26.453297'),(206,221,10,'2021-05-22 02:46:32.611286','2021-05-22 02:49:26.454467'),(207,222,10,'2021-05-22 02:46:32.612492','2021-05-22 02:49:26.455632'),(208,223,10,'2021-05-22 02:46:32.613820','2021-05-22 02:49:26.456846'),(209,224,10,'2021-05-22 02:46:32.614902','2021-05-22 02:49:26.459351'),(210,225,10,'2021-05-22 02:46:32.615791','2021-05-22 02:49:26.460594'),(211,226,10,'2021-05-22 02:46:32.616781','2021-05-22 02:49:26.461826'),(212,227,10,'2021-05-22 02:46:32.617783','2021-05-22 02:49:26.463092'),(213,228,10,'2021-05-22 02:46:32.618759','2021-05-22 02:49:26.464285'),(214,229,10,'2021-05-22 02:46:32.619754','2021-05-22 02:49:26.465486'),(215,230,10,'2021-05-22 02:46:32.620822','2021-05-22 02:49:26.466735'),(216,231,10,'2021-05-22 02:46:32.621825','2021-05-22 02:49:26.467988'),(217,232,10,'2021-05-22 02:46:32.622854','2021-05-22 02:49:26.469238'),(218,233,10,'2021-05-22 02:46:32.624017','2021-05-22 02:49:26.470473'),(219,234,10,'2021-05-22 02:46:32.624972','2021-05-22 02:49:26.471507'),(220,235,10,'2021-05-22 02:46:32.625992','2021-05-22 02:49:26.472449'),(221,236,10,'2021-05-22 02:46:32.627163','2021-05-22 02:49:26.473405'),(222,237,10,'2021-05-22 02:46:32.628224','2021-05-22 02:49:26.474456'),(223,238,10,'2021-05-22 02:46:32.629187','2021-05-22 02:49:26.475562'),(224,239,10,'2021-05-22 02:46:32.630367','2021-05-22 02:49:26.476643'),(225,240,10,'2021-05-22 02:46:32.632295','2021-05-22 02:49:26.477654'),(226,241,10,'2021-05-22 02:46:32.634011','2021-05-22 02:49:26.478662'),(227,242,10,'2021-05-22 02:46:32.635369','2021-05-22 02:49:26.479630'),(228,243,10,'2021-05-22 02:46:32.636740','2021-05-22 03:02:23.430004'),(229,244,10,'2021-05-22 02:46:32.638131','2021-05-22 02:49:26.480546'),(230,245,10,'2021-05-22 02:46:32.639168','2021-05-22 02:49:26.481500'),(231,246,10,'2021-05-22 02:46:32.640345','2021-05-22 02:49:26.482472'),(232,247,10,'2021-05-22 02:46:32.641668','2021-05-22 02:49:26.483372'),(233,248,10,'2021-05-22 02:46:32.643189','2021-05-22 02:49:26.484304'),(234,249,10,'2021-05-22 02:46:32.644768','2021-05-22 02:49:26.485579'),(235,250,10,'2021-05-22 02:46:32.645952','2021-05-22 02:49:26.486617'),(236,251,10,'2021-05-22 02:46:32.647156','2021-05-22 02:49:26.487766'),(237,252,10,'2021-05-22 02:46:32.648395','2021-05-22 02:49:26.489646'),(238,253,10,'2021-05-22 02:46:32.649748','2021-05-22 02:49:26.491208'),(239,254,10,'2021-05-22 02:46:32.651005','2021-05-22 02:49:26.492570'),(240,255,10,'2021-05-22 02:46:32.652196','2021-05-22 02:49:26.493716'),(241,256,10,'2021-05-22 02:46:32.653542','2021-05-22 02:49:26.494703'),(242,257,10,'2021-05-22 02:46:32.654918','2021-05-22 02:49:26.495903'),(243,258,10,'2021-05-22 02:46:32.656546','2021-05-22 02:49:26.497063'),(244,259,10,'2021-05-22 02:46:32.657902','2021-05-22 02:49:26.498193'),(245,260,10,'2021-05-22 02:46:32.658945','2021-05-22 02:49:26.499463'),(246,261,10,'2021-05-22 02:46:32.660253','2021-05-22 02:49:26.500771'),(247,262,10,'2021-05-22 02:46:32.661568','2021-05-22 02:49:26.502129'),(248,263,10,'2021-05-22 02:46:32.662763','2021-05-22 02:49:26.503685'),(249,264,10,'2021-05-22 02:46:32.663813','2021-05-22 02:49:26.504846'),(250,265,10,'2021-05-22 02:46:32.665122','2021-05-22 02:49:26.506056'),(251,266,10,'2021-05-22 02:46:32.666334','2021-05-22 02:49:26.507227'),(252,267,10,'2021-05-22 02:46:32.667610','2021-05-22 02:49:26.508399'),(253,268,10,'2021-05-22 02:46:32.668816','2021-05-22 02:49:26.509908'),(254,269,10,'2021-05-22 02:46:32.670001','2021-05-22 02:49:26.511503'),(255,270,10,'2021-05-22 02:46:32.671249','2021-05-22 02:49:26.512864'),(256,271,10,'2021-05-22 02:46:32.673066','2021-05-22 02:49:26.514193'),(257,272,10,'2021-05-22 02:46:32.674209','2021-05-22 02:49:26.515451'),(258,273,10,'2021-05-22 02:46:32.678401','2021-05-22 02:49:26.516731'),(259,274,10,'2021-05-22 02:46:32.679754','2021-05-22 02:49:26.517982'),(260,275,10,'2021-05-22 02:46:32.680798','2021-05-22 02:49:26.519220'),(261,276,10,'2021-05-22 02:46:32.681994','2021-05-22 02:49:26.520491'),(262,277,10,'2021-05-22 02:46:32.683196','2021-05-22 02:49:26.521701'),(263,278,10,'2021-05-22 02:46:32.684347','2021-05-22 02:49:26.522921'),(264,279,10,'2021-05-22 02:46:32.685494','2021-05-22 02:49:26.524331'),(265,280,10,'2021-05-22 02:46:32.686830','2021-05-22 02:49:26.525709'),(266,281,10,'2021-05-22 02:46:32.688065','2021-05-22 02:49:26.527005'),(267,282,10,'2021-05-22 02:46:32.689037','2021-05-22 02:49:26.528271'),(268,283,10,'2021-05-22 02:46:32.690535','2021-05-22 02:49:26.529565'),(269,284,10,'2021-05-22 02:46:32.692001','2021-05-22 02:49:26.530675'),(270,285,10,'2021-05-22 02:46:32.694113','2021-05-22 02:49:26.531658'),(271,286,10,'2021-05-22 02:46:32.695777','2021-05-22 02:49:26.532676'),(272,287,10,'2021-05-22 02:46:32.697655','2021-05-22 02:49:26.533691'),(273,288,10,'2021-05-22 02:46:32.699346','2021-05-22 02:49:26.534625'),(274,289,10,'2021-05-22 02:46:32.700614','2021-05-22 02:49:26.535620'),(275,290,10,'2021-05-22 02:46:32.701851','2021-05-22 02:49:26.536581'),(276,291,10,'2021-05-22 02:46:32.703043','2021-05-22 02:49:26.537600'),(277,292,10,'2021-05-22 02:46:32.704215','2021-05-22 02:49:26.538535'),(278,293,10,'2021-05-22 02:46:32.705456','2021-05-22 02:49:26.539443'),(279,294,10,'2021-05-22 02:46:32.706618','2021-05-22 02:49:26.540342'),(280,295,10,'2021-05-22 02:46:32.707978','2021-05-22 02:49:26.541504'),(281,296,10,'2021-05-22 02:46:32.710490','2021-05-22 02:49:26.542449'),(282,297,10,'2021-05-22 02:46:32.711935','2021-05-22 02:49:26.543413'),(283,298,10,'2021-05-22 02:46:32.713366','2021-05-22 02:49:26.544399'),(284,299,10,'2021-05-22 02:46:32.714704','2021-05-22 02:49:26.545372'),(285,300,10,'2021-05-22 02:46:32.715934','2021-05-22 02:49:26.546359'),(286,301,10,'2021-05-22 02:46:32.717201','2021-05-22 02:49:26.547693'),(287,302,10,'2021-05-22 02:46:32.718521','2021-05-22 02:49:26.549719'),(288,303,10,'2021-05-22 02:46:32.719753','2021-05-22 02:49:26.551275'),(289,304,10,'2021-05-22 02:46:32.720973','2021-05-22 02:49:26.552601'),(290,305,10,'2021-05-22 02:46:32.722284','2021-05-22 03:02:23.465268'),(291,306,10,'2021-05-22 02:46:32.723632','2021-05-22 02:49:26.553847'),(292,307,10,'2021-05-22 02:46:32.724965','2021-05-22 02:49:26.555005'),(293,308,10,'2021-05-22 02:46:32.726348','2021-05-22 02:49:26.555984'),(294,309,10,'2021-05-22 02:46:32.727909','2021-05-22 02:49:26.556992'),(295,310,10,'2021-05-22 02:46:32.729233','2021-05-22 02:49:26.558507'),(296,311,10,'2021-05-22 02:46:32.730523','2021-05-22 02:49:26.560180'),(297,312,10,'2021-05-22 02:46:32.731885','2021-05-22 02:49:26.561656'),(298,313,10,'2021-05-22 02:46:32.733171','2021-05-22 02:49:26.562970'),(299,314,10,'2021-05-22 02:46:32.734387','2021-05-22 02:49:26.564211'),(300,315,10,'2021-05-22 02:46:32.735497','2021-05-22 02:49:26.565632'),(301,316,10,'2021-05-22 02:46:32.736598','2021-05-22 02:49:26.566861'),(302,317,10,'2021-05-22 02:46:32.737609','2021-05-22 03:02:23.472110'),(303,318,10,'2021-05-22 02:46:32.738713','2021-05-22 02:49:26.568058'),(304,319,10,'2021-05-22 02:46:32.739745','2021-05-22 02:49:26.569275'),(305,320,10,'2021-05-22 02:46:32.740708','2021-05-22 02:49:26.570612'),(306,321,10,'2021-05-22 02:46:32.741743','2021-05-22 02:49:26.571824'),(307,322,10,'2021-05-22 02:46:32.743035','2021-05-22 02:49:26.573104'),(308,323,10,'2021-05-22 02:46:32.744057','2021-05-22 02:49:26.574355'),(309,324,10,'2021-05-22 17:12:39.647445','2021-05-22 17:12:39.647445');
/*!40000 ALTER TABLE `dataset_qualities` ENABLE KEYS */;
UNLOCK TABLES;

--
-- Table structure for table `dataset_temporary_positions`
--

DROP TABLE IF EXISTS `dataset_temporary_positions`;
/*!40101 SET @saved_cs_client     = @@character_set_client */;
/*!40101 SET character_set_client = utf8 */;
CREATE TABLE `dataset_temporary_positions` (
  `id` bigint(20) NOT NULL AUTO_INCREMENT,
  `dataset_id` bigint(20) NOT NULL,
  `x` int(11) NOT NULL,
  `y` int(11) NOT NULL,
  `width` int(11) NOT NULL,
  `height` int(11) NOT NULL,
  `created_at` datetime(6) NOT NULL,
  `updated_at` datetime(6) NOT NULL,
  PRIMARY KEY (`id`),
  KEY `index_dataset_temporary_positions_on_dataset_id` (`dataset_id`)
) ENGINE=InnoDB AUTO_INCREMENT=43 DEFAULT CHARSET=utf8mb4;
/*!40101 SET character_set_client = @saved_cs_client */;

--
-- Dumping data for table `dataset_temporary_positions`
--

LOCK TABLES `dataset_temporary_positions` WRITE;
/*!40000 ALTER TABLE `dataset_temporary_positions` DISABLE KEYS */;
/*!40000 ALTER TABLE `dataset_temporary_positions` ENABLE KEYS */;
UNLOCK TABLES;

--
-- Table structure for table `datasets`
--

DROP TABLE IF EXISTS `datasets`;
/*!40101 SET @saved_cs_client     = @@character_set_client */;
/*!40101 SET character_set_client = utf8 */;
CREATE TABLE `datasets` (
  `id` bigint(20) NOT NULL AUTO_INCREMENT,
  `created_at` datetime(6) NOT NULL,
  `updated_at` datetime(6) NOT NULL,
  `digest` varchar(255) DEFAULT NULL,
  `ignore` tinyint(1) DEFAULT '0',
  PRIMARY KEY (`id`),
  UNIQUE KEY `index_datasets_on_digest` (`digest`)
) ENGINE=InnoDB AUTO_INCREMENT=325 DEFAULT CHARSET=utf8mb4;
/*!40101 SET character_set_client = @saved_cs_client */;

--
-- Dumping data for table `datasets`
--

LOCK TABLES `datasets` WRITE;
/*!40000 ALTER TABLE `datasets` DISABLE KEYS */;
INSERT INTO `datasets` VALUES (1,'2021-05-17 13:52:19.255166','2021-05-19 03:21:20.138741','541b6243d232c747fdb0c09b0b54935a',0),(17,'2021-05-19 14:00:29.900693','2021-05-19 14:00:29.910503','87e98acc7c5cac40c0bebe2e820aa75f',0),(18,'2021-05-19 14:00:29.938281','2021-05-19 14:00:29.974277','4493ade636b443bb35ea155860bdd9dd',0),(19,'2021-05-19 14:00:29.998097','2021-05-19 14:00:30.015533','f82767d2046327324b1bbb8fe7ffae62',0),(20,'2021-05-19 14:00:30.024468','2021-05-19 14:00:30.044715','fab8df7a3ee28a935cca560dfcd3dc0d',0),(21,'2021-05-19 14:00:30.052746','2021-05-19 14:00:30.061806','9edf575be3fa3633d45ccdd1ef5412ef',0),(22,'2021-05-19 14:00:30.068868','2021-05-19 14:00:30.078491','fe3686c63f2eb4380089eb93523dbd7f',0),(23,'2021-05-19 14:00:30.089395','2021-05-19 14:00:30.101500','a969e3b7f9030ed3eaceba835fcb663c',0),(24,'2021-05-19 14:00:30.113072','2021-05-19 14:00:30.120891','fed5e3ebe68d74d8890b66fc2ff2448a',0),(25,'2021-05-19 14:00:30.126681','2021-05-19 14:00:30.151402','02ba9aa89816835ab47caef9bcd5cf75',0),(26,'2021-05-19 14:00:30.162091','2021-05-19 14:00:30.167260','41dbf43a6f2be162e419bd9d74ef8e30',0),(27,'2021-05-19 14:00:30.179086','2021-05-19 14:00:30.185349','c986fda4e5ba7b1947b6cc26a54be753',0),(28,'2021-05-19 14:00:30.193313','2021-05-19 14:00:30.212928','14052651af1f396fd7200906297e0b30',0),(29,'2021-05-19 14:00:30.225882','2021-05-19 14:00:30.229796','3047a23b4e45e3df2a354e14baa05bcd',0),(30,'2021-05-19 14:00:30.235168','2021-05-19 14:00:30.241890','b1ed8cfb33dc5b852d1318c41741ea6f',0),(31,'2021-05-19 14:00:30.249169','2021-05-19 14:00:30.254033','f9d58c150078f66abe18eb83cad49942',0),(32,'2021-05-19 14:00:30.259578','2021-05-19 14:00:30.269519','765c1b1d31ad05395216b069b73de592',0),(33,'2021-05-19 14:00:30.274612','2021-05-19 14:00:30.278049','1fa5b31238ec532f3c463f576a0c8a88',0),(34,'2021-05-19 14:00:30.282825','2021-05-19 14:00:30.289654','0508f577be961b270ccf26aa643bbfbf',0),(35,'2021-05-19 14:00:30.296910','2021-05-19 14:00:30.304445','fb8b13d52fe7208cedb0f4deb9d3a13e',0),(36,'2021-05-19 14:00:30.309876','2021-05-19 14:00:30.321495','f1bb364b9359899ac4f56208b002a932',0),(37,'2021-05-19 14:00:30.326800','2021-05-19 14:00:30.330703','9bed0ba5573f923735eafa1b9ecac6a4',0),(38,'2021-05-19 14:00:30.337734','2021-05-19 14:00:30.342045','061f40894edaaaa8fe0c003d479d4ee5',0),(39,'2021-05-19 14:00:30.347630','2021-05-19 14:00:30.353617','784cd6eb53e0109b1d195eaa8a7960ad',0),(40,'2021-05-19 14:00:30.360972','2021-05-19 14:00:30.369832','9ef25a777e29abf2a76e4c978a4b6654',0),(41,'2021-05-19 14:00:30.375256','2021-05-19 14:00:30.382906','572c7acd992d4a9fee9a2759c80c25be',0),(42,'2021-05-19 14:00:30.389360','2021-05-19 14:00:30.395504','3f92f7e2117ab0d2b431deb10d066982',0),(43,'2021-05-19 14:00:30.401780','2021-05-19 14:00:30.408591','42fe4a8dd979c120c397eccdcfc94079',0),(44,'2021-05-19 14:00:30.418524','2021-05-19 14:00:30.425500','c7f3576abc447af3c498164ea2e80b92',0),(45,'2021-05-19 14:00:30.433323','2021-05-19 14:00:30.447122','9456c12892a15d85956e01ffc7124817',0),(46,'2021-05-19 14:00:30.458413','2021-05-19 14:00:30.473976','8eeae247f9665442d680647fd43644d7',0),(47,'2021-05-19 14:00:30.485270','2021-05-19 14:00:30.520564','f575d9e987aa1db1918d33153a20c943',0),(48,'2021-05-19 14:00:30.624936','2021-05-19 14:00:30.637480','6aa81e0a6e6d42b8168fe15f5dc282ec',0),(49,'2021-05-19 14:00:30.644794','2021-05-19 14:00:30.649424','9431aa726e7ad2d62a7a9434befe882b',0),(50,'2021-05-19 14:00:30.670610','2021-05-19 14:00:30.674980','20a5fa06f93d2bf54dd1e47635d84b7c',0),(51,'2021-05-19 14:00:30.684120','2021-05-19 14:00:30.690623','58a6ce624f0690a27a32af1a65dd948b',0),(52,'2021-05-19 14:00:30.697704','2021-05-19 14:00:30.704896','92bc473949c1021c48d1737aac923f25',0),(53,'2021-05-19 14:00:30.717559','2021-05-19 14:00:30.724739','f3ea73881e57154d5e93b07d54e73264',0),(54,'2021-05-19 14:00:30.730591','2021-05-19 14:00:30.735300','e94266dff513a5342303aa0f0701c880',0),(55,'2021-05-19 14:00:30.741689','2021-05-19 14:00:30.749456','cfaa791da2d340679759e9b0e51ee3f6',0),(56,'2021-05-19 14:00:30.754894','2021-05-19 14:00:30.763262','e2bfbc5fc2c801d1f5f5c7aa4c658808',0),(57,'2021-05-19 14:00:30.773869','2021-05-19 14:00:30.779029','22b015912c741605db10728a7a92a390',0),(58,'2021-05-19 14:00:30.786554','2021-05-19 14:00:30.793345','bf781918e7d2419f6f541377b83fa62c',0),(59,'2021-05-19 14:00:30.801397','2021-05-19 14:00:30.814371','6fb43056e678ed30cf4ada914a77a79e',0),(60,'2021-05-19 14:00:30.837122','2021-05-19 14:00:30.871532','676b20df521edb5ddd8d53c5e80b6f66',0),(61,'2021-05-19 14:00:30.892006','2021-05-19 14:00:30.895847','e46371d74aa3b192197022bee64d60d2',0),(62,'2021-05-19 14:00:30.902036','2021-05-19 14:00:30.908905','acee3486f1920a78dfafbf7e9a2f2d89',0),(63,'2021-05-19 14:00:30.914545','2021-05-19 14:00:30.920308','c47ad9fdd11aabda9bc5cd3c09b36eb5',0),(64,'2021-05-19 14:00:30.929084','2021-05-19 14:00:30.934509','ef3acb72a56ae34d3744044a923b12dd',0),(65,'2021-05-19 14:00:30.946590','2021-05-19 14:00:30.957986','b8436df3c94c4d3267ce8bc142bf9fbe',0),(66,'2021-05-19 14:00:30.967005','2021-05-19 14:00:30.996677','156658d5675863898e95d8ec0e71215b',0),(67,'2021-05-19 14:00:31.034903','2021-05-19 14:00:31.075390','cb14ad20dcc372da6c2a582361a9f306',0),(68,'2021-05-19 14:00:31.085183','2021-05-19 14:00:31.107522','72cd28e5818f0efc4613ab481ccc782b',0),(69,'2021-05-19 14:00:31.118899','2021-05-19 14:00:31.123144','4c44a857055dd4af7020512db31135d5',0),(70,'2021-05-19 14:00:31.130324','2021-05-19 14:00:31.139811','542e0176a3e7c5ab82bd56613508a5a3',0),(71,'2021-05-19 14:01:05.374905','2021-05-19 14:01:05.383808','42d984dd39a3b758cf1c6a40946df9aa',0),(72,'2021-05-21 15:03:43.610378','2021-05-21 15:03:43.633351','7dbbc9d0adc139a94f9dfa6f94cd275e',0),(73,'2021-05-21 15:03:43.648883','2021-05-21 15:03:43.677154','b56fcadb9beaaf3e1cc50618135854f2',0),(74,'2021-05-21 15:03:43.682575','2021-05-21 15:03:43.685692','6108ee054bd930067bd980f965b7bba6',0),(75,'2021-05-21 15:03:43.698372','2021-05-21 15:03:43.707828','2de50092869d157cbd2eaa2e7eba5fca',0),(76,'2021-05-21 15:03:43.739766','2021-05-21 15:03:43.828051','8e49c6629c25d70977ddf9cccdc64bf0',0),(77,'2021-05-21 15:03:43.864072','2021-05-21 15:03:43.868027','194d974931201b74f08ca73e6fc228d2',0),(78,'2021-05-21 15:03:43.873711','2021-05-21 15:03:43.877559','08c4e1fffc11af21aec085ecb772b543',0),(79,'2021-05-21 15:03:43.882719','2021-05-21 15:10:54.814314','c7edfee3aee3f270c8820574f114bc1c',1),(80,'2021-05-21 15:03:43.895383','2021-05-21 15:03:43.903877','2c5173f0d5bdf7ef4cfff9cdab617f68',0),(81,'2021-05-21 15:03:43.909451','2021-05-21 15:03:43.914391','4ddd2c191f182a7b3d4271e985fa9219',0),(82,'2021-05-21 15:03:43.920254','2021-05-21 15:03:43.924086','36d8530497c5990906ea824f03452a40',0),(83,'2021-05-21 15:03:43.928858','2021-05-21 15:03:43.932393','5a683cd06bd36c1ce8c201c6b884a8fd',0),(84,'2021-05-21 15:03:43.937568','2021-05-21 15:03:43.941639','17ac7e5ff967fa779278d4973a7acdef',0),(85,'2021-05-21 15:03:43.946484','2021-05-21 15:03:43.950334','be052c7a18766e0a84bae8f9bdbe76e8',0),(86,'2021-05-21 15:03:43.955547','2021-05-21 15:03:43.959329','6abc1fecfb09360b518d66dedfb78d4c',0),(87,'2021-05-21 15:03:43.965408','2021-05-21 15:03:43.969402','013e8d636bd2d9c3fc6600dc1d2f7112',0),(88,'2021-05-21 15:03:43.976451','2021-05-21 15:03:43.980502','2ff651053adb7c6a3c013ad01539d1f5',0),(89,'2021-05-21 15:03:43.986024','2021-05-21 15:03:43.990198','4ed1288f349f2c8531a2f32fb116f435',0),(90,'2021-05-21 15:03:43.995244','2021-05-21 15:03:43.998224','4c89f5d96f03affc1f5ce3665974f438',0),(91,'2021-05-21 15:03:44.004045','2021-05-21 15:03:44.007731','8081cfcef0960c285825c3e03016bc8b',0),(92,'2021-05-21 15:03:44.013196','2021-05-21 15:03:44.018422','33b7fcef1f6344254e226df1045ea109',0),(93,'2021-05-21 15:03:44.024264','2021-05-21 15:03:44.027629','c61ac0fae73aa1d277afcb84a9be7e90',0),(94,'2021-05-21 15:03:44.033753','2021-05-21 15:03:44.037359','dd9244dca890482e52730673e5b0b579',0),(95,'2021-05-21 15:03:44.042625','2021-05-21 15:03:44.046420','f3caf3c71f0a178ee522dec162f73c0b',0),(96,'2021-05-21 15:03:44.055165','2021-05-21 15:03:44.061943','447266f5ac9f2025c69ff78c08d90cb1',0),(97,'2021-05-21 15:03:44.074171','2021-05-21 15:03:44.083500','42d825a5f2d6d3719b2212df4b14ac11',0),(98,'2021-05-21 15:03:44.098914','2021-05-21 15:03:44.102371','e44ea7035722ac555778017102b60b1f',0),(99,'2021-05-21 15:03:44.109015','2021-05-21 15:03:44.112522','7af08a8e0e296dfd94d4fa606f2687d6',0),(100,'2021-05-21 15:03:44.119942','2021-05-21 15:03:44.125059','aa97000406acdd04fbbbfbc6f1b230e5',0),(101,'2021-05-21 15:03:44.131645','2021-05-21 15:03:44.135480','b5098b98a9dc34009c9fc37611591f79',0),(102,'2021-05-21 15:03:44.141644','2021-05-21 15:03:44.145389','843f5482195008006495bc7052aadd9e',0),(103,'2021-05-21 15:03:44.150489','2021-05-21 15:03:44.153755','f1f798ec63ebb8ee2ce8695ee4493cdc',0),(104,'2021-05-21 15:03:44.159132','2021-05-21 15:03:44.162541','a8145d0dbf26619427835f70501bedad',0),(105,'2021-05-21 15:03:44.168725','2021-05-21 15:03:44.172290','c266b23a216aaa8bcdc9a03b51f09bc3',0),(106,'2021-05-21 15:03:44.179489','2021-05-21 15:03:44.183325','14c27941c28721c092ed3bc79312c85d',0),(107,'2021-05-21 15:03:44.189349','2021-05-21 15:03:44.192594','530567a8cdc25ce105edf252f6d26bce',0),(108,'2021-05-21 15:03:44.198853','2021-05-21 15:03:44.202435','bc3a032ea18c4c5e8ab470b605354b1b',0),(109,'2021-05-21 15:03:44.208451','2021-05-21 15:03:44.211840','15f7c993bd83185a3efada513f61821d',0),(110,'2021-05-21 15:03:44.218357','2021-05-21 15:03:44.222420','e010875ff052679f033be31dc8c4f92c',0),(111,'2021-05-21 15:03:44.229643','2021-05-21 15:03:44.234079','87a0bd484d7d1cdb74a41458326a16e4',0),(112,'2021-05-21 15:03:44.239722','2021-05-21 15:03:44.242991','eece98eb49dd7089ed70c06a079976d7',0),(113,'2021-05-21 15:03:44.248770','2021-05-21 15:03:44.252283','5f2134bfd272ba7d315ef929e45f891a',0),(114,'2021-05-21 15:03:44.258221','2021-05-21 15:03:44.261418','589d9ec6b1bb94cf92b89a723e0011ab',0),(115,'2021-05-21 15:03:44.267119','2021-05-21 15:03:44.270631','e2064e98c97e30bfb530803bbfe056b7',0),(116,'2021-05-21 15:03:44.276962','2021-05-21 15:03:44.283027','c81ee19f426b0ef46dc8af7d1a04ad72',0),(117,'2021-05-21 15:03:44.292747','2021-05-21 15:03:44.303071','976c18edcebd807cb25145248c3c2ea0',0),(118,'2021-05-21 15:03:44.312308','2021-05-21 15:03:44.328659','ed4307caba3c52ab8727622536f84783',0),(119,'2021-05-21 15:03:44.335229','2021-05-21 15:03:44.338967','f2a5466801e005e3b895221e9a91f91e',0),(120,'2021-05-21 15:03:44.344858','2021-05-21 15:03:44.348704','6cf338b2cb1519241a8ca5d19de5ea70',0),(121,'2021-05-21 15:03:44.354085','2021-05-21 15:03:44.357454','72148bb990338e35af0a6142b8ee430f',0),(122,'2021-05-21 15:03:44.362734','2021-05-21 15:03:44.365925','35d8bf7d132513e49103bc888f0f9bf7',0),(123,'2021-05-21 15:03:44.370822','2021-05-21 15:03:44.374235','27d6c5e485ddc82228a40cb8174fc0c7',0),(124,'2021-05-21 15:03:44.379367','2021-05-21 15:03:44.382881','8d534b3b0ad0e6c52ebafa32e9c60799',0),(125,'2021-05-21 15:03:44.390319','2021-05-21 15:03:44.394113','fae3b91b137e4b44bf8207e71c571199',0),(126,'2021-05-21 15:03:44.400624','2021-05-21 15:03:44.404553','253a5c9a888b4e1dcd2feaeeedb0ef7c',0),(127,'2021-05-21 15:03:44.410256','2021-05-21 15:03:44.413488','00ef366b6fefeab865464052d03d0cba',0),(128,'2021-05-21 15:03:44.419707','2021-05-21 15:03:44.423349','ff73e776a84eae7af3f9c59436dd263f',0),(129,'2021-05-21 15:03:44.429492','2021-05-21 15:03:44.433726','0768a76f0c71038557fa81085cd42a96',0),(130,'2021-05-21 15:03:44.439377','2021-05-21 15:03:44.444085','81a18face65c347372d9d89f5984b016',0),(131,'2021-05-21 15:03:44.450116','2021-05-21 15:03:44.453393','7718a578f2a92f1eb9f85a06b562397f',0),(132,'2021-05-21 15:03:44.459298','2021-05-21 15:03:44.462538','5afa01bbc221ea78735e1f7eeddce2ef',0),(133,'2021-05-21 15:03:44.468869','2021-05-21 15:03:44.472340','7ae923e45e720f612f65e607b1539265',0),(134,'2021-05-21 15:03:44.478312','2021-05-21 15:03:44.481509','e47e8dffc6005aaaa16f4304ec54f0f0',0),(135,'2021-05-21 15:03:44.487440','2021-05-21 15:03:44.491252','13cc1d1945ff9a66396f4a9e3cb5c641',0),(136,'2021-05-21 15:03:44.498909','2021-05-21 15:03:44.503157','5545cb6eba46fbb5387b03c17ce2ac81',0),(137,'2021-05-21 15:03:44.508354','2021-05-21 15:03:44.513104','2fd3e5d79ce46aa659fd159de15ac81a',0),(138,'2021-05-21 15:03:44.519644','2021-05-21 15:03:44.523242','2c2958f996c3abd609542d584aa254f9',0),(139,'2021-05-21 15:03:44.529167','2021-05-21 15:03:44.533223','b45271c3a205d508d43256d6e4af2936',0),(140,'2021-05-21 15:03:44.539668','2021-05-21 15:03:44.543225','de428d8c97b686c466ea7ecbf8cbe5e3',0),(141,'2021-05-21 15:03:44.551576','2021-05-21 15:03:44.555065','0cbd7440420c1f7c48807c88b6977833',0),(142,'2021-05-21 15:03:44.561399','2021-05-21 15:03:44.565421','7a5ed7cc7ddd6ab410f408902c02268c',0),(143,'2021-05-21 15:03:44.571309','2021-05-21 15:03:44.574663','abd6dcfa09d40d05aff545f05e8d6cd3',0),(144,'2021-05-21 15:03:44.580698','2021-05-21 15:03:44.584017','3c02d98b047229bcb5d873483e71c857',0),(145,'2021-05-21 15:03:44.590026','2021-05-21 15:03:44.593547','e66a0b558d56bb0b18bb771c03b772eb',0),(146,'2021-05-21 15:03:44.600305','2021-05-21 15:03:44.603966','ab5b7be2be5a087db3bb87e8ed6da2fe',0),(147,'2021-05-21 15:03:44.609904','2021-05-21 15:03:44.613210','d84b7be2d305d5e90d3b6779ef9a8216',0),(148,'2021-05-21 15:03:44.619362','2021-05-21 15:03:44.622619','10012e98c7e5cf13b134ee10dd57fce0',0),(149,'2021-05-21 15:03:44.628244','2021-05-21 15:03:44.631739','fd2eec82a2dbdfbc4f29581cb5457358',0),(150,'2021-05-21 15:03:44.637248','2021-05-21 15:03:44.640599','c5b3937e869f456a840c2c7db0ba846f',0),(151,'2021-05-21 15:03:44.646286','2021-05-21 15:03:44.649996','73ad6543ce0dc97848d8ee3d5b0589f8',0),(152,'2021-05-21 15:03:44.657100','2021-05-21 15:03:44.660619','256660007c9392cb1f4a422b6f506fd6',0),(153,'2021-05-21 15:03:44.667026','2021-05-21 15:03:44.670471','19c1aca6f25957f450cb9d61654d9913',0),(154,'2021-05-21 15:03:44.677453','2021-05-21 15:03:44.681194','36dcf2f4c23674f5be4d24ba74e8937b',0),(155,'2021-05-21 15:03:44.686717','2021-05-21 15:03:44.689836','6f239b9626faa551e86ebac1beed8d7c',0),(156,'2021-05-21 15:03:44.695793','2021-05-21 15:03:44.699312','751366117f17860ec41ace6a2a21439c',0),(157,'2021-05-21 15:03:44.706097','2021-05-21 15:03:44.710156','5affe1c8abfd8ad10a5e19bd1f77b97e',0),(158,'2021-05-21 15:03:44.716148','2021-05-21 15:03:44.719704','202a89ec1d12044285a43b1b76ef58e9',0),(159,'2021-05-21 15:03:44.725885','2021-05-21 15:03:44.729163','ad4bfee895c5f5712e5dd931c23cf905',0),(160,'2021-05-21 15:03:44.735432','2021-05-21 15:03:44.738807','5d8360d21bb438d33407eee31817f5a1',0),(161,'2021-05-21 15:03:44.745151','2021-05-21 15:03:44.748877','9c65c661fb01b3160765d3965c42fd62',0),(162,'2021-05-21 15:03:44.754903','2021-05-21 15:03:44.759823','38a65ad204a37fe4bd49739a59c6f3bb',0),(163,'2021-05-21 15:03:44.766608','2021-05-21 15:03:44.769997','3d5f1f8a413e959245106a25bda82095',0),(164,'2021-05-21 15:03:44.776386','2021-05-21 15:03:44.779625','d0b527c4e9112dc70740d93e8befa59a',0),(165,'2021-05-21 15:03:44.785573','2021-05-21 15:03:44.789562','1eafff3ee547d60456185a8fa02cd433',0),(166,'2021-05-21 15:03:44.795460','2021-05-21 15:03:44.799310','653d168f549b8b3f281a77e963acb292',0),(167,'2021-05-21 15:03:44.805223','2021-05-21 15:03:44.809118','4900726f4f52007dac253963c8f7fdab',0),(168,'2021-05-21 15:03:44.816344','2021-05-21 15:03:44.819967','0d04480a9fbad9d9ee4ede44bed773c6',0),(169,'2021-05-21 15:03:44.826016','2021-05-21 15:03:44.831895','5f7e38cffc8d1ebe2adf72a3c3dcda63',0),(170,'2021-05-21 15:03:44.837953','2021-05-21 15:03:44.841912','1afd6029253b67c62d08a712cbe6be91',0),(171,'2021-05-21 15:03:44.846891','2021-05-21 15:03:44.850325','fc409e284750b0a9a5bbacf875a7fc0e',0),(172,'2021-05-21 15:03:44.855902','2021-05-21 15:03:44.859518','fcdcc4a5f021426701430f94a0d99ba3',0),(173,'2021-05-21 15:03:44.866657','2021-05-21 15:03:44.870331','f9e8d8e19684819dda16919211a0c9c0',0),(174,'2021-05-21 15:03:44.876713','2021-05-21 15:03:44.880238','c799300e4b38c0714c093f671139cde5',0),(175,'2021-05-21 15:03:44.886659','2021-05-21 15:03:44.890418','87d0d7e5cad3077198298c8a04aff5e5',0),(176,'2021-05-21 15:03:44.896234','2021-05-21 15:03:44.899856','8e74c78031f3a7808ecb0f8329d3d311',0),(177,'2021-05-21 15:03:44.905843','2021-05-21 15:03:44.909255','784cd3245f89a2a09c11fac2a29e335a',0),(178,'2021-05-21 15:03:44.915284','2021-05-21 15:03:44.920498','c123d42359e444db899ea0240fec2605',0),(179,'2021-05-21 15:03:44.926844','2021-05-21 15:03:44.930106','ab076cb9974b22bfc16378d0209bcce0',0),(180,'2021-05-21 15:03:44.936475','2021-05-21 15:03:44.939921','f283ba8facc793d1ae3fb3ba5e39ea46',0),(181,'2021-05-21 15:03:44.945575','2021-05-21 15:03:44.948789','f3a78c2cd87881e0b0c792abc81586d2',0),(182,'2021-05-21 15:03:44.955005','2021-05-21 15:03:44.958165','f9284e04b9463924b670c66bc8400316',0),(183,'2021-05-21 15:03:44.967361','2021-05-21 15:03:44.972374','e9924e415fea80919bbf62aa52cdd5d3',0),(184,'2021-05-21 15:03:44.979042','2021-05-21 15:03:44.982715','ada2caccd787ff033b8268561b4f81b8',0),(185,'2021-05-21 15:03:44.988240','2021-05-21 15:03:44.991785','b9a26c7f4e7a37e67f952df4cfc6035e',0),(186,'2021-05-21 15:03:44.997552','2021-05-21 15:03:45.001044','a5e4cfeeefa73263c1fbc79fdbea5f3a',0),(187,'2021-05-21 15:03:45.006905','2021-05-21 15:03:45.010218','9bd32d043e982fe9db36a9be8d433d18',0),(188,'2021-05-21 15:03:45.016655','2021-05-21 15:03:45.020195','017edd74bfd6f56770289380b5823596',0),(189,'2021-05-21 15:03:45.027165','2021-05-21 15:03:45.031661','7e087dfca30c6f1974fd5251d80d88f1',0),(190,'2021-05-21 15:03:45.036823','2021-05-21 15:03:45.040420','04d307a901afb0281472a64d283b7548',0),(191,'2021-05-21 15:03:45.046103','2021-05-21 15:03:45.050041','f94565a9bb2f1ef766e035166b107bae',0),(192,'2021-05-21 15:03:45.056098','2021-05-21 15:03:45.059973','9e93958d37242ac12580b560c9edac88',0),(193,'2021-05-21 15:03:45.066088','2021-05-21 15:03:45.070031','029c8e382121c840822bda98871013cf',0),(194,'2021-05-21 15:03:45.077582','2021-05-21 15:03:45.103090','8e60b441b23ff41b6f38b21100772b6b',0),(195,'2021-05-21 15:03:45.118966','2021-05-21 15:03:45.123153','f4154372b55d860900dff7d68dde44d9',0),(196,'2021-05-21 15:03:45.132188','2021-05-21 15:03:45.136878','b095c47496eaafd1b1c825bc49d9d928',0),(197,'2021-05-21 15:03:45.143319','2021-05-21 15:03:45.146821','57cb3bf9eb63f5539f4f1cdae99be5ea',0),(198,'2021-05-21 15:03:45.153116','2021-05-21 15:03:45.156716','dad1dd95a5df0e54f603dc6a96f9821b',0),(199,'2021-05-21 15:03:45.162752','2021-05-21 15:03:45.166116','f2541dc00f619e3149e17460cc4cc4f5',0),(200,'2021-05-21 15:03:45.172157','2021-05-21 15:03:45.175752','ff5d72764f999ae0c977ad0ad7865937',0),(201,'2021-05-21 15:03:45.183983','2021-05-21 15:03:45.191333','0a5e14135550ee79de32e07fdbcc88c3',0),(202,'2021-05-21 15:03:45.199308','2021-05-21 15:03:45.207996','7cb4ac16f5720922327d5d944461c00e',0),(203,'2021-05-21 15:03:45.219296','2021-05-21 15:03:45.224752','4d39ef9299c5387de8ac967aed824c55',0),(204,'2021-05-21 15:03:45.236017','2021-05-21 15:03:45.243044','e85d17b7b5702d623796701af716097f',0),(205,'2021-05-21 15:03:45.250571','2021-05-21 15:03:45.255150','d307f4cbd51f8dcf88a875b8fdfe5c7e',0),(206,'2021-05-21 15:03:45.261053','2021-05-21 15:03:45.264941','1390572881a5e9d250c00612dfcff3f9',0),(207,'2021-05-21 15:03:45.271104','2021-05-21 15:03:45.274339','11504f54003e6660ca389c2e8a93718e',0),(208,'2021-05-21 15:03:45.280505','2021-05-21 15:03:45.284125','ffe740277ca71f317cdf6fd604a09ad3',0),(209,'2021-05-21 15:03:45.290544','2021-05-21 15:03:45.295071','1432064bc9eba825668dd5c3d9688189',0),(210,'2021-05-21 15:03:45.300301','2021-05-21 15:03:45.303810','1eb38c3286f4878040c1f4b8dbacea49',0),(211,'2021-05-21 15:03:45.308850','2021-05-21 15:03:45.311634','03dc5d3f15dc238571839661095ff338',0),(212,'2021-05-21 15:03:45.317230','2021-05-21 15:03:45.320276','729ffd4c521202b755bb8199e26576f7',0),(213,'2021-05-21 15:03:45.326060','2021-05-21 15:03:45.328968','dada4aa7b3079b8e8762b242ae4be8a0',0),(214,'2021-05-21 15:03:45.334702','2021-05-21 15:03:45.338298','93e6d4c85c17eaa4e5e8c73f392c04ff',0),(215,'2021-05-21 15:03:45.344063','2021-05-21 15:03:45.349461','33482141bb5c6103de103b5521fb9a64',0),(216,'2021-05-21 15:03:45.355340','2021-05-21 15:03:45.358553','b858a56f526ce1cf42b3f2c6033651bb',0),(217,'2021-05-21 15:03:45.364063','2021-05-21 15:03:45.367635','29c4fba499b0f2005b01e425af8f1fc0',0),(218,'2021-05-21 15:03:45.372694','2021-05-21 15:03:45.375622','5e313079284880a2a4afd5e30bba72f2',0),(219,'2021-05-21 15:03:45.380947','2021-05-21 15:03:45.383805','036f0133152381f58f4ced99cd48e394',0),(220,'2021-05-21 15:03:45.389647','2021-05-21 15:03:45.393161','3176f3a4848e5b29d3e24d66bc60296e',0),(221,'2021-05-21 15:03:45.399633','2021-05-21 15:03:45.404319','19f3ca306f57e893ea0ae8bb68aafa64',0),(222,'2021-05-21 15:03:45.412214','2021-05-21 15:03:45.416053','345110469aa93b5d3fcd330433a322af',0),(223,'2021-05-21 15:03:45.421829','2021-05-21 15:03:45.424893','7b2cdd82e200b73178b104e682d39dee',0),(224,'2021-05-21 15:03:45.430545','2021-05-21 15:03:45.433889','b2b4d5de86c0887152752ca92ad1896b',0),(225,'2021-05-21 15:03:45.439430','2021-05-21 15:03:45.443308','604c9c05c2182b26b9a14238f13560db',0),(226,'2021-05-21 15:03:45.449747','2021-05-21 15:03:45.454573','d257c46c0a0fa9ec13ca2fa2242c7051',0),(227,'2021-05-21 15:03:45.461198','2021-05-21 15:03:45.464922','4a950a0359ea64cf9144a1f128d31bfa',0),(228,'2021-05-21 15:03:45.470922','2021-05-21 15:03:45.474694','90e4cc43ea3f36ba331039626f7a1f5b',0),(229,'2021-05-21 15:03:45.480292','2021-05-21 15:03:45.484007','c18db540c418edb7e27a3fb3151b2d96',0),(230,'2021-05-21 15:03:45.489330','2021-05-21 15:03:45.492630','161d080a2953acab61e833ba0c994bf1',0),(231,'2021-05-21 15:03:45.498555','2021-05-21 15:03:45.502368','82b43a8e27894fec6a13c701f07b3d76',0),(232,'2021-05-21 15:03:45.509472','2021-05-21 15:03:45.513256','d1cc4c976a70a94002296ad5ae19fad8',0),(233,'2021-05-21 15:03:45.519430','2021-05-21 15:03:45.522654','53eec737e5ac21b279bf0cecacb0d546',0),(234,'2021-05-21 15:03:45.529003','2021-05-21 15:03:45.532814','d7317fbab79ff785f7fee7f7d1580242',0),(235,'2021-05-21 15:03:45.539405','2021-05-21 15:03:45.542741','34ecc67c012fabefa7b65713d4459e47',0),(236,'2021-05-21 15:03:45.548430','2021-05-21 15:03:45.551711','d5671e4c4e4d6d2ab846a5500839bb28',0),(237,'2021-05-21 15:03:45.557784','2021-05-21 15:03:45.562530','93d751e80c863595cf505320412eea63',0),(238,'2021-05-21 15:03:45.568746','2021-05-21 15:03:45.572244','84757ffab320e32fd9ba0b6d3e2e5267',0),(239,'2021-05-21 15:03:45.577739','2021-05-21 15:03:45.581011','22331bf296549f4b1ac75778d736ed67',0),(240,'2021-05-21 15:03:45.587057','2021-05-21 15:03:45.590228','68982f1f5b46c2d4a6d9e528532efdb0',0),(241,'2021-05-21 15:03:45.595370','2021-05-21 15:03:45.598500','e3f5a8659cc0c8d1c64023ead4920eba',0),(242,'2021-05-21 15:03:45.604167','2021-05-21 15:03:45.607971','0513cdd457ea82a3bf7cd93f618d924b',0),(243,'2021-05-21 15:03:45.614609','2021-05-21 15:03:45.618144','29ea8c82e0395adf3a094b9e588a6f1e',0),(244,'2021-05-21 15:03:45.624341','2021-05-21 15:03:45.627342','731e6832c252db2c5d4c559e5e909f06',0),(245,'2021-05-21 15:03:45.633121','2021-05-21 15:03:45.637272','a0713b78ae8b17d2b2b77f3292218d58',0),(246,'2021-05-21 15:03:45.642555','2021-05-21 15:03:45.645813','5ac6518f6b3c48735322d1d06439653f',0),(247,'2021-05-21 15:03:45.651401','2021-05-21 15:03:45.654516','9530d33edbcb65b3031c932b598f38ab',0),(248,'2021-05-21 15:03:45.660215','2021-05-21 15:03:45.663736','82e8f49be6147b2fbcf49e34953a3fbb',0),(249,'2021-05-21 15:03:45.670293','2021-05-21 15:03:45.673755','6e58f01cd4e71ae08a88b3ae98451c1b',0),(250,'2021-05-21 15:03:45.679595','2021-05-21 15:03:45.683003','532445ec72a7de1bfad36a4f5e2e43ec',0),(251,'2021-05-21 15:03:45.688350','2021-05-21 15:03:45.691676','4c2c0084ac518a530ecd58f68cf39405',0),(252,'2021-05-21 15:03:45.696857','2021-05-21 15:03:45.700049','5e5bae2e6642636075c349156cc375af',0),(253,'2021-05-21 15:03:45.705355','2021-05-21 15:03:45.712637','c13b2ec7b1a16e6f4c4dc558576488ee',0),(254,'2021-05-21 15:03:45.719272','2021-05-21 15:03:45.724135','2ef37ddaff4436067965dbf11bf89852',0),(255,'2021-05-21 15:03:45.730085','2021-05-21 15:03:45.733901','67fc7860578e36e4144d4675457740c5',0),(256,'2021-05-21 15:03:45.739308','2021-05-21 15:03:45.745272','08419ce32c708a67cb4d28430831f8ef',0),(257,'2021-05-21 15:03:45.750556','2021-05-21 15:03:45.753737','acfb2c69deed640608f9feaa1c61140f',0),(258,'2021-05-21 15:03:45.759563','2021-05-21 15:03:45.762993','f5b1d827244edc0049a35fc46a93ede2',0),(259,'2021-05-21 15:03:45.769248','2021-05-21 15:03:45.773249','dafa1a0c31292da8bf39dd49aa8ff197',0),(260,'2021-05-21 15:03:45.781036','2021-05-21 15:03:45.784468','dfd36636e79815c1ec7132de14be551c',0),(261,'2021-05-21 15:03:45.789955','2021-05-21 15:03:45.793252','f49611502edf9b9f4a8a8c1b9154c1db',0),(262,'2021-05-21 15:03:45.798790','2021-05-21 15:03:45.802350','45aec3def2b6b5059b1cd1bf84923e59',0),(263,'2021-05-21 15:03:45.807885','2021-05-21 15:03:45.812850','d7118442559e11346f840351d06e464b',0),(264,'2021-05-21 15:03:45.818247','2021-05-21 15:03:45.821727','d8ed045f26e240d5270906c3cba95f81',0),(265,'2021-05-21 15:03:45.829599','2021-05-21 15:03:45.833754','2047b9eb74526627b3f49a261cfd44cc',0),(266,'2021-05-21 15:03:45.839478','2021-05-21 15:03:45.842947','ccf7676e213b88f9549e6834b35b5313',0),(267,'2021-05-21 15:03:45.848505','2021-05-21 15:03:45.852476','ef60dee9638ad06385924058779b4d4f',0),(268,'2021-05-21 15:03:45.858341','2021-05-21 15:03:45.861580','7e25871f559a3bd5e6768ec757af5b3b',0),(269,'2021-05-21 15:03:45.866688','2021-05-21 15:03:45.870361','445b0b8e65cca4ef1f13cb2bb796fdc5',0),(270,'2021-05-21 15:03:45.876053','2021-05-21 15:03:45.880717','a76e1c0a0843ae6a99bb677e741d728b',0),(271,'2021-05-21 15:03:45.886841','2021-05-21 15:03:45.890510','f0aa62f3b47e49ca46fecb26794c895f',0),(272,'2021-05-21 15:03:45.895987','2021-05-21 15:03:45.899942','31ed4153820ef59ed5e86f5f02717efd',0),(273,'2021-05-21 15:03:45.905052','2021-05-21 15:03:45.908154','be8f9806c4f98ad984b1b5ee7e4cab66',0),(274,'2021-05-21 15:03:45.914100','2021-05-21 15:03:45.917100','6904ccc5a803930efdaf30019f6497fe',0),(275,'2021-05-21 15:03:45.923679','2021-05-21 15:03:45.927591','e9235bb80bd84e7b292c3c70a8d555ba',0),(276,'2021-05-21 15:03:45.934390','2021-05-21 15:03:45.938177','f6c91696ba7104b6411c7a6a94fe63aa',0),(277,'2021-05-21 15:03:45.943943','2021-05-21 15:03:45.947396','7dbb19d474f0f9dda4a214ea2a00be31',0),(278,'2021-05-21 15:03:45.953227','2021-05-21 15:03:45.956521','b59bd2841af3ab415ec2df3f717c210f',0),(279,'2021-05-21 15:03:45.962245','2021-05-21 15:03:45.965536','f736206cc00315190024e529a16a11f1',0),(280,'2021-05-21 15:03:45.972303','2021-05-21 15:03:45.975927','21127752ffddc8927740eabce4ec4bcb',0),(281,'2021-05-21 15:03:45.981346','2021-05-21 15:03:45.985071','a85891f384be73ee0c088eadc7d7a1e1',0),(282,'2021-05-21 15:03:45.991799','2021-05-21 15:03:45.995473','50eb56ac63c2b1d5b738e9245886a28d',0),(283,'2021-05-21 15:03:46.001370','2021-05-21 15:03:46.004610','11117457e159742cd1116cfc14438e6d',0),(284,'2021-05-21 15:03:46.010508','2021-05-21 15:03:46.014382','b8d81f0029b546ceaa92466b3014414c',0),(285,'2021-05-21 15:03:46.020116','2021-05-21 15:03:46.023384','24e6d8d9f91dbdc5d7117c08f8697017',0),(286,'2021-05-21 15:03:46.029113','2021-05-21 15:03:46.032510','030d70a6d1526668b7fb667ee1852dde',0),(287,'2021-05-21 15:03:46.039368','2021-05-21 15:03:46.045716','9aace75895c80c787882c75ab7a5a792',0),(288,'2021-05-21 15:03:46.051638','2021-05-21 15:03:46.055055','caa84132bd4b111cd4d10d91a8bef641',0),(289,'2021-05-21 15:03:46.060273','2021-05-21 15:03:46.063486','df724274a5bc25310b64551218906f5b',0),(290,'2021-05-21 15:03:46.069466','2021-05-21 15:03:46.072674','1d2c8a7a57bd7de36bdf0f44d2ac4c99',0),(291,'2021-05-21 15:03:46.078109','2021-05-21 15:03:46.081619','76fd0589143c0e534fea0e458d07d715',0),(292,'2021-05-21 15:03:46.087830','2021-05-21 15:03:46.092776','f9c18264970011b0cc6ee06121a77bf7',0),(293,'2021-05-21 15:03:46.099148','2021-05-21 15:03:46.102506','f4d78b07f86cbfe3edfbffa2f7e8d8f1',0),(294,'2021-05-21 15:03:46.108450','2021-05-21 15:03:46.112323','32768890f1c59621c0f6fd3c5bd80683',0),(295,'2021-05-21 15:03:46.117724','2021-05-21 15:03:46.120938','da6405c0a03cb51adda5315335be41e9',0),(296,'2021-05-21 15:03:46.126357','2021-05-21 15:03:46.129995','1809d6599ff1c93014ebb6f345a1787c',0),(297,'2021-05-21 15:03:46.135693','2021-05-21 15:03:46.139208','d071c41de311e75d866f9f7f545ff793',0),(298,'2021-05-21 15:03:46.145728','2021-05-21 15:03:46.149748','df73c20dea465a5cab8d543628441a22',0),(299,'2021-05-21 15:03:46.155312','2021-05-21 15:03:46.158650','f01f0b4f1ab41440ea24b982eb104021',0),(300,'2021-05-21 15:03:46.164016','2021-05-21 15:03:46.168170','29433d2ce41cff48564335d4f84e7294',0),(301,'2021-05-21 15:03:46.173227','2021-05-21 15:03:46.176300','d7141133d36cf00dac4d6ecae650e043',0),(302,'2021-05-21 15:03:46.182478','2021-05-21 15:03:46.185643','8eb041c4ee39f938e566d534b1a27d3f',0),(303,'2021-05-21 15:03:46.192321','2021-05-21 15:03:46.196303','feebf14527394077f73a2d1d50a62b84',0),(304,'2021-05-21 15:03:46.203750','2021-05-21 15:03:46.207506','7d837597cc16c6c44fb0e59cab24ae37',0),(305,'2021-05-21 15:03:46.213513','2021-05-21 15:03:46.217155','33d7b047f373f986a39a4920411a0cb8',0),(306,'2021-05-21 15:03:46.222927','2021-05-21 15:03:46.226163','bf4c3a1deaf4aed044207c8432caa6a1',0),(307,'2021-05-21 15:03:46.231822','2021-05-21 15:03:46.235027','799ba1bf4a0d63283e6faf788ff00cae',0),(308,'2021-05-21 15:03:46.240900','2021-05-21 15:03:46.244230','7e754ae65e805e01145f62e62be3ff65',0),(309,'2021-05-21 15:03:46.250317','2021-05-21 15:03:46.254842','6ba37a344bd30c280905338e0161154c',0),(310,'2021-05-21 15:03:46.260568','2021-05-21 15:03:46.263770','c3f6d6e4f2c69ab44c7db5d5bf7264e2',0),(311,'2021-05-21 15:03:46.269855','2021-05-21 15:03:46.273408','1b1cf94a0f42e467a301abe7862c9d8b',0),(312,'2021-05-21 15:03:46.279301','2021-05-21 15:03:46.282545','b51bb93f9d50b3bc1a7c0490a6747115',0),(313,'2021-05-21 15:03:46.288462','2021-05-21 15:03:46.291838','f6a9cca726acebce257e7ac8b073e687',0),(314,'2021-05-21 15:03:46.297813','2021-05-21 15:03:46.301536','5b067fb45e55acb2d033bd5f74e7a0d7',0),(315,'2021-05-21 15:03:46.308675','2021-05-21 15:03:46.315047','aa68bcfd0d043b4fb65b568402b43738',0),(316,'2021-05-21 15:03:46.321286','2021-05-21 15:03:46.325408','8649fc1eec26d1dc993434803d7886b4',0),(317,'2021-05-21 15:03:46.331577','2021-05-21 15:03:46.334656','09ffaf2cdeddfabb1301bc1c26c2ad9b',0),(318,'2021-05-21 15:03:46.340404','2021-05-21 15:03:46.343758','90ebded26e32c2984cda2b42751cfbba',0),(319,'2021-05-21 15:03:46.349559','2021-05-21 15:03:46.353412','128ce799028cfa9e73efe302fbd5b4a0',0),(320,'2021-05-21 15:03:46.360384','2021-05-21 15:03:46.364954','cf5982159a5729b5846986c2bf198239',0),(321,'2021-05-21 15:03:46.370024','2021-05-21 15:03:46.373295','2db8cd99616c3317b6547ad982681df3',0),(322,'2021-05-21 15:03:46.378484','2021-05-21 15:03:46.382262','00378b039cd293f1a40c76eff973cc45',0),(323,'2021-05-21 15:03:46.387927','2021-05-21 15:03:46.391291','78bf30e7de889fa8edd49c24e1a71a4d',0),(324,'2021-05-22 17:09:48.318909','2021-05-22 17:09:48.357036','df99570b2847cd95e96fad46f5208401',0);
/*!40000 ALTER TABLE `datasets` ENABLE KEYS */;
UNLOCK TABLES;

--
-- Table structure for table `roi_templates`
--

DROP TABLE IF EXISTS `roi_templates`;
/*!40101 SET @saved_cs_client     = @@character_set_client */;
/*!40101 SET character_set_client = utf8 */;
CREATE TABLE `roi_templates` (
  `id` bigint(20) NOT NULL AUTO_INCREMENT,
  `x` int(11) DEFAULT NULL,
  `y` int(11) DEFAULT NULL,
  `width` int(11) DEFAULT NULL,
  `height` int(11) DEFAULT NULL,
  `created_at` datetime(6) NOT NULL,
  `updated_at` datetime(6) NOT NULL,
  PRIMARY KEY (`id`)
) ENGINE=InnoDB DEFAULT CHARSET=utf8mb4;
/*!40101 SET character_set_client = @saved_cs_client */;

--
-- Dumping data for table `roi_templates`
--

LOCK TABLES `roi_templates` WRITE;
/*!40000 ALTER TABLE `roi_templates` DISABLE KEYS */;
/*!40000 ALTER TABLE `roi_templates` ENABLE KEYS */;
UNLOCK TABLES;

--
-- Table structure for table `schema_migrations`
--

DROP TABLE IF EXISTS `schema_migrations`;
/*!40101 SET @saved_cs_client     = @@character_set_client */;
/*!40101 SET character_set_client = utf8 */;
CREATE TABLE `schema_migrations` (
  `version` varchar(255) NOT NULL,
  PRIMARY KEY (`version`)
) ENGINE=InnoDB DEFAULT CHARSET=utf8mb4;
/*!40101 SET character_set_client = @saved_cs_client */;

--
-- Dumping data for table `schema_migrations`
--

LOCK TABLES `schema_migrations` WRITE;
/*!40000 ALTER TABLE `schema_migrations` DISABLE KEYS */;
INSERT INTO `schema_migrations` VALUES ('20210517134222'),('20210517134438'),('20210517144842'),('20210517144939'),('20210519031229'),('20210521150946'),('20210522024136'),('20210522160257');
/*!40000 ALTER TABLE `schema_migrations` ENABLE KEYS */;
UNLOCK TABLES;
/*!40103 SET TIME_ZONE=@OLD_TIME_ZONE */;

/*!40101 SET SQL_MODE=@OLD_SQL_MODE */;
/*!40014 SET FOREIGN_KEY_CHECKS=@OLD_FOREIGN_KEY_CHECKS */;
/*!40014 SET UNIQUE_CHECKS=@OLD_UNIQUE_CHECKS */;
/*!40101 SET CHARACTER_SET_CLIENT=@OLD_CHARACTER_SET_CLIENT */;
/*!40101 SET CHARACTER_SET_RESULTS=@OLD_CHARACTER_SET_RESULTS */;
/*!40101 SET COLLATION_CONNECTION=@OLD_COLLATION_CONNECTION */;
/*!40111 SET SQL_NOTES=@OLD_SQL_NOTES */;

-- Dump completed on 2021-05-23  2:37:13
